CustomerID,Gender,Age,TenureMonths,ContractType,InternetService,PaymentMethod,MonthlyCharges,TotalCharges,SupportCallsLast6M,TechSupport,OnlineSecurity,Region,Churned,ChurnFlag,ChurnRiskScore,RiskSegment
CUST5000,Female,33,25,Two year,Fiber,Electronic Check,3063.79,78303.32,0,Yes,No,East,No,0,0.298,Low
CUST5001,Female,25,27,One year,Fiber,Electronic Check,3107.68,87006.52,2,No,No,East,Yes,1,0.384,Medium
CUST5002,Male,57,9,One year,No Internet,Credit Card,939.09,7615.3,1,No,No,West,No,0,0.286,Low
CUST5003,Male,55,68,Month-to-month,Fiber,Electronic Check,2858.44,198045.69,2,No,Yes,Central,No,0,0.637,Medium
CUST5004,Female,41,22,Month-to-month,DSL,Electronic Check,2474.26,55662.5,0,No,No,West,Yes,1,0.669,High
CUST5005,Female,59,5,One year,Fiber,Credit Card,3116.07,14305.17,3,Yes,Yes,South,No,0,0.467,Medium
CUST5006,Female,53,57,Month-to-month,No Internet,Credit Card,2793.33,164111.54,3,Yes,No,West,Yes,1,0.641,Medium
CUST5007,Male,25,6,Month-to-month,DSL,Electronic Check,1509.59,9470.15,4,No,Yes,South,Yes,1,0.816,High
CUST5008,Female,51,49,Month-to-month,DSL,Bank Transfer,3072.94,142663.77,3,Yes,Yes,Central,No,0,0.62,Medium
CUST5009,Female,50,67,Month-to-month,Fiber,Bank Transfer,3026.91,205520.02,1,Yes,No,Central,Yes,1,0.508,Medium
CUST5010,Female,20,17,One year,No Internet,Bank Transfer,2266.51,38850.09,3,No,No,East,No,0,0.338,Medium
CUST5011,Female,56,13,Two year,Fiber,Credit Card,1116.77,14933.39,3,No,No,North,No,0,0.304,Low
CUST5012,Male,45,55,Two year,Fiber,Credit Card,1800.99,102756.18,2,Yes,No,West,No,0,0.206,Low
CUST5013,Male,50,34,Month-to-month,No Internet,UPI Autopay,1016.66,34769.86,1,Yes,Yes,West,No,0,0.601,Medium
CUST5014,Male,54,18,Month-to-month,DSL,Credit Card,2252.86,36656.52,3,No,No,West,No,0,0.727,High
CUST5015,Male,64,37,Month-to-month,DSL,Credit Card,2656.15,92589.08,1,No,No,East,Yes,1,0.543,Medium
CUST5016,Male,31,12,Month-to-month,Fiber,Bank Transfer,1241.95,13809.44,2,Yes,No,South,Yes,1,0.718,High
CUST5017,Female,60,38,Month-to-month,Fiber,Credit Card,901.82,35561.91,2,Yes,No,North,No,0,0.61,Medium
CUST5018,Male,49,54,Month-to-month,DSL,Bank Transfer,3149.79,171486.58,1,No,No,West,No,0,0.495,Medium
CUST5019,Male,60,18,Two year,Fiber,UPI Autopay,1102.33,18058.82,3,No,No,West,No,0,0.334,Medium
CUST5020,Male,59,62,One year,No Internet,UPI Autopay,305.41,19825.04,1,Yes,No,South,No,0,0.157,Low
CUST5021,Female,59,69,Two year,Fiber,Bank Transfer,993.22,69377.5,1,No,Yes,South,Yes,1,0.118,Low
CUST5022,Female,63,3,Month-to-month,Fiber,Electronic Check,1344.04,3799.59,2,Yes,No,West,Yes,1,0.836,High
CUST5023,Female,61,37,Two year,Fiber,Credit Card,2734.22,92677.07,1,Yes,No,North,No,0,0.213,Low
CUST5024,Male,26,52,Month-to-month,DSL,UPI Autopay,1339.47,66570.91,1,No,No,South,Yes,1,0.449,Medium
CUST5025,Male,21,63,Month-to-month,DSL,Bank Transfer,1014.63,66165.81,1,No,No,East,Yes,1,0.388,Medium
CUST5026,Male,66,46,Month-to-month,Fiber,Bank Transfer,2359.22,107536.8,3,No,Yes,South,No,0,0.655,Medium
CUST5027,Female,48,14,One year,Fiber,Electronic Check,552.2,7591.81,3,No,No,Central,No,0,0.445,Medium
CUST5028,Male,65,7,Two year,Fiber,UPI Autopay,3318.81,24198.47,0,No,No,West,Yes,1,0.322,Low
CUST5029,Male,23,24,One year,Fiber,UPI Autopay,2087.77,49171.42,0,Yes,Yes,West,No,0,0.234,Low
CUST5030,Female,65,64,Month-to-month,DSL,Credit Card,3068.55,201259.55,3,No,No,West,No,0,0.541,Medium
CUST5031,Female,27,68,Two year,DSL,Credit Card,3327.36,227331.62,0,No,No,South,No,0,0.081,Low
CUST5032,Female,55,59,Month-to-month,Fiber,Bank Transfer,1429.66,83840.8,3,Yes,No,East,No,0,0.598,Medium
CUST5033,Female,35,42,One year,DSL,UPI Autopay,1428.79,58854.12,1,No,No,Central,No,0,0.162,Low
CUST5034,Female,61,39,Two year,DSL,Credit Card,483.02,17655.24,0,Yes,No,South,No,0,0.123,Low
CUST5035,Female,55,30,Month-to-month,DSL,UPI Autopay,650.37,18443.24,0,Yes,Yes,South,No,0,0.469,Medium
CUST5036,Female,49,56,Month-to-month,Fiber,Electronic Check,3205.74,163957.93,1,Yes,Yes,Central,Yes,1,0.664,High
CUST5037,Male,45,13,One year,DSL,Electronic Check,2710.65,32249.17,6,Yes,Yes,West,Yes,1,0.628,Medium
CUST5038,Male,40,51,One year,DSL,Electronic Check,2698.44,142562.76,1,No,Yes,Central,Yes,1,0.217,Low
CUST5039,Male,52,44,Two year,DSL,Electronic Check,1171.12,46478.65,1,No,Yes,West,No,0,0.206,Low
CUST5040,Male,33,8,Two year,DSL,Electronic Check,3461.98,27829.02,2,No,No,Central,No,0,0.447,Medium
CUST5041,Female,50,24,Two year,Fiber,Bank Transfer,2552.89,60995.81,1,Yes,No,North,No,0,0.244,Low
CUST5042,Male,67,21,Month-to-month,Fiber,UPI Autopay,484.73,9334.46,2,No,No,West,Yes,1,0.682,High
CUST5043,Male,51,6,Two year,Fiber,Credit Card,1037.02,6053.36,2,No,No,North,No,0,0.287,Low
CUST5044,Female,44,67,One year,Fiber,UPI Autopay,856.27,52277.91,1,No,No,East,No,0,0.132,Low
CUST5045,Male,56,1,Month-to-month,No Internet,Credit Card,2524.5,2578.91,3,No,Yes,Central,Yes,1,0.818,High
CUST5046,Female,48,61,Two year,DSL,UPI Autopay,3369.49,199606.45,2,No,No,Central,No,0,0.149,Low
CUST5047,Male,20,6,Month-to-month,Fiber,Credit Card,1110.17,6753.02,2,No,No,West,Yes,1,0.727,High
CUST5048,Female,51,56,Month-to-month,DSL,UPI Autopay,1245.1,70292.7,3,No,No,Central,No,0,0.555,Medium
CUST5049,Male,48,21,Month-to-month,DSL,Credit Card,3064.4,57918.57,1,No,No,South,Yes,1,0.634,Medium
CUST5050,Male,50,42,One year,DSL,Electronic Check,3440.02,130517.87,1,Yes,No,South,Yes,1,0.281,Low
CUST5051,Male,51,25,Month-to-month,No Internet,UPI Autopay,1285.52,30829.23,1,No,Yes,North,Yes,1,0.583,Medium
CUST5052,Male,43,56,Month-to-month,Fiber,Electronic Check,1350.07,69324.32,2,Yes,Yes,East,Yes,1,0.658,Medium
CUST5053,Female,41,64,Month-to-month,Fiber,Bank Transfer,1640.64,100858.21,3,Yes,No,East,Yes,1,0.577,Medium
CUST5054,Female,69,4,Month-to-month,DSL,Credit Card,396.66,1573.81,2,No,No,South,Yes,1,0.641,Medium
CUST5055,Male,28,59,Month-to-month,DSL,Bank Transfer,579.51,34779.81,1,Yes,Yes,East,No,0,0.407,Medium
CUST5056,Male,68,32,Two year,DSL,Bank Transfer,1013.51,30232.9,0,No,No,North,No,0,0.128,Low
CUST5057,Female,26,69,Month-to-month,DSL,UPI Autopay,1937.53,139671.41,3,No,No,East,No,0,0.458,Medium
CUST5058,Male,44,33,Month-to-month,Fiber,Electronic Check,2584.82,84689.64,3,Yes,No,North,No,0,0.795,High
CUST5059,Female,31,71,Month-to-month,Fiber,Credit Card,2295.67,150991.08,3,Yes,No,Central,Yes,1,0.587,Medium
CUST5060,Male,47,1,One year,Fiber,UPI Autopay,3195.38,2977.23,1,Yes,No,Central,No,0,0.431,Medium
CUST5061,Male,57,21,Two year,No Internet,UPI Autopay,3021.59,64924.28,1,No,No,South,No,0,0.269,Low
CUST5062,Female,51,6,Month-to-month,DSL,UPI Autopay,3206.4,17854.81,2,No,Yes,West,Yes,1,0.739,High
CUST5063,Female,26,38,One year,No Internet,Credit Card,1410.94,54569.4,1,No,Yes,South,No,0,0.18,Low
CUST5064,Male,40,65,One year,DSL,Bank Transfer,3436.85,210459.79,0,No,No,Central,No,0,0.113,Low
CUST5065,Male,67,30,Two year,Fiber,Bank Transfer,2384.67,73935.75,2,Yes,No,West,No,0,0.303,Low
CUST5066,Female,32,61,Two year,Fiber,UPI Autopay,946.12,59471.02,4,Yes,No,North,No,0,0.215,Low
CUST5067,Female,69,51,One year,DSL,Bank Transfer,2511.38,126053.52,6,Yes,No,East,No,0,0.33,Low
CUST5068,Female,59,51,One year,Fiber,UPI Autopay,2547.95,119494.69,2,No,Yes,Central,No,0,0.225,Low
CUST5069,Male,32,24,Month-to-month,DSL,Bank Transfer,1320.27,31683.86,0,No,No,West,Yes,1,0.525,Medium
CUST5070,Female,26,9,Month-to-month,No Internet,Credit Card,1409.21,12558.01,1,Yes,Yes,West,No,0,0.679,High
CUST5071,Female,31,31,Month-to-month,DSL,Electronic Check,1312.49,42624.26,1,No,No,East,Yes,1,0.612,Medium
CUST5072,Male,25,40,Month-to-month,Fiber,Credit Card,695.75,26247.77,3,No,No,North,No,0,0.624,Medium
CUST5073,Female,22,41,One year,No Internet,Electronic Check,3148.52,116627.07,3,Yes,Yes,East,No,0,0.374,Medium
CUST5074,Female,53,12,Month-to-month,Fiber,UPI Autopay,476.04,5711.78,1,Yes,No,South,No,0,0.647,Medium
CUST5075,Male,36,38,One year,DSL,UPI Autopay,1978.17,71110.95,1,Yes,Yes,East,No,0,0.167,Low
CUST5076,Female,35,6,One year,DSL,Bank Transfer,1639.92,9431.07,0,Yes,Yes,West,No,0,0.224,Low
CUST5077,Female,41,37,Two year,Fiber,Credit Card,1511.95,57972.33,1,Yes,No,West,No,0,0.21,Low
CUST5078,Female,45,29,One year,DSL,Bank Transfer,2998.74,86952.02,1,Yes,No,North,No,0,0.209,Low
CUST5079,Male,23,22,Month-to-month,No Internet,UPI Autopay,2298.56,52394.44,0,Yes,No,West,No,0,0.636,Medium
CUST5080,Female,51,34,Month-to-month,Fiber,UPI Autopay,518.7,18256.82,1,No,Yes,Central,Yes,1,0.568,Medium
CUST5081,Female,63,66,One year,Fiber,Bank Transfer,1502.77,89544.34,0,No,No,Central,No,0,0.134,Low
CUST5082,Male,64,10,Month-to-month,DSL,Credit Card,1218.02,12358.6,2,No,No,West,Yes,1,0.68,High
CUST5083,Male,41,70,One year,No Internet,Bank Transfer,2930.77,206169.62,1,No,No,West,No,0,0.145,Low
CUST5084,Female,37,30,One year,No Internet,UPI Autopay,722.79,21221.3,1,Yes,Yes,East,No,0,0.193,Low
CUST5085,Male,59,57,Month-to-month,No Internet,Electronic Check,1881.77,97063.88,2,No,No,East,Yes,1,0.657,Medium
CUST5086,Male,52,65,Month-to-month,DSL,UPI Autopay,471.77,31580.04,1,No,Yes,East,No,0,0.378,Medium
CUST5087,Female,61,6,One year,DSL,Electronic Check,1968.78,11852.79,1,No,No,South,No,0,0.354,Medium
CUST5088,Male,54,50,Two year,Fiber,UPI Autopay,3214.84,153218.59,2,No,No,West,No,0,0.229,Low
CUST5089,Male,32,29,Two year,Fiber,Credit Card,1186.04,32923.12,2,Yes,No,North,No,0,0.237,Low
CUST5090,Male,62,43,One year,DSL,Bank Transfer,3309.14,134434.26,1,Yes,No,Central,No,0,0.211,Low
CUST5091,Male,25,39,Month-to-month,Fiber,Credit Card,3370.35,129240.92,1,Yes,No,North,No,0,0.609,Medium
CUST5092,Male,22,56,Month-to-month,Fiber,Electronic Check,581.63,30776.29,5,No,No,South,Yes,1,0.769,High
CUST5093,Male,49,12,Month-to-month,DSL,Bank Transfer,1365.83,16892.28,2,No,No,Central,No,0,0.674,High
CUST5094,Male,35,43,Month-to-month,Fiber,UPI Autopay,1056.86,45522.08,4,Yes,No,East,Yes,1,0.692,High
CUST5095,Male,20,42,Month-to-month,DSL,Electronic Check,979.96,41314.8,2,No,Yes,South,Yes,1,0.618,Medium
CUST5096,Male,24,53,Month-to-month,DSL,Electronic Check,1824.58,93101.3,2,Yes,No,South,No,0,0.629,Medium
CUST5097,Female,63,29,Month-to-month,Fiber,Electronic Check,561.34,15429.58,3,No,No,West,No,0,0.78,High
CUST5098,Female,27,58,Month-to-month,Fiber,Bank Transfer,1550.89,91131.9,1,No,Yes,South,Yes,1,0.47,Medium
CUST5099,Male,43,61,One year,Fiber,UPI Autopay,969.55,55284.95,0,Yes,No,West,No,0,0.148,Low
CUST5100,Male,29,60,Month-to-month,Fiber,Electronic Check,2264.62,129148.99,4,No,No,South,Yes,1,0.739,High
CUST5101,Female,55,16,One year,DSL,Bank Transfer,313.7,4589.02,2,No,No,West,No,0,0.234,Low
CUST5102,Female,19,60,Month-to-month,No Internet,UPI Autopay,3317.9,204221.16,1,Yes,No,South,Yes,1,0.498,Medium
CUST5103,Male,68,31,Month-to-month,No Internet,Electronic Check,3449.59,97462.66,1,No,No,South,No,0,0.754,High
CUST5104,Female,47,63,Two year,DSL,Credit Card,504.47,30406.7,1,Yes,No,North,No,0,0.103,Low
CUST5105,Male,26,63,Month-to-month,No Internet,Bank Transfer,1917.28,111145.58,2,Yes,Yes,South,No,0,0.531,Medium
CUST5106,Male,46,24,One year,Fiber,Electronic Check,3244.78,74738.62,2,Yes,No,South,Yes,1,0.458,Medium
CUST5107,Male,21,35,One year,Fiber,Electronic Check,681.97,23535.66,1,No,Yes,South,No,0,0.261,Low
CUST5108,Male,56,67,Month-to-month,Fiber,Bank Transfer,2437.43,150961.44,1,Yes,Yes,West,No,0,0.511,Medium
CUST5109,Female,24,32,Month-to-month,Fiber,UPI Autopay,1528.64,49526.8,3,No,No,North,Yes,1,0.658,Medium
CUST5110,Female,40,41,Month-to-month,No Internet,Bank Transfer,1766.8,74813.84,1,No,No,North,Yes,1,0.533,Medium
CUST5111,Male,37,60,Two year,Fiber,Electronic Check,1946.69,119663.54,5,No,Yes,North,No,0,0.334,Medium
CUST5112,Female,58,10,Two year,Fiber,UPI Autopay,2480.76,23965.64,3,No,No,West,No,0,0.403,Medium
CUST5113,Male,52,38,Two year,Fiber,Credit Card,1007.94,38036.8,4,No,Yes,East,No,0,0.269,Low
CUST5114,Male,26,49,One year,No Internet,Bank Transfer,1984.82,93885.84,0,Yes,No,West,No,0,0.172,Low
CUST5115,Male,44,39,Month-to-month,Fiber,Electronic Check,1197.94,45721.18,2,Yes,Yes,West,No,0,0.735,High
CUST5116,Male,24,66,Month-to-month,No Internet,Credit Card,1279.8,87824.65,1,Yes,Yes,Central,No,0,0.478,Medium
CUST5117,Female,65,39,Two year,Fiber,Electronic Check,1748.21,67766.1,3,No,No,North,No,0,0.335,Medium
CUST5118,Female,31,52,Month-to-month,DSL,Electronic Check,2374.97,125270.21,3,No,No,West,No,0,0.678,High
CUST5119,Female,34,57,Month-to-month,DSL,Credit Card,1551.56,80003.73,1,No,Yes,North,Yes,1,0.398,Medium
CUST5120,Female,45,39,One year,Fiber,Credit Card,1398.93,56491.04,1,Yes,No,West,Yes,1,0.223,Low
CUST5121,Male,52,23,Month-to-month,DSL,Bank Transfer,2024.82,44911.57,3,No,No,South,No,0,0.683,High
CUST5122,Male,63,13,Month-to-month,Fiber,UPI Autopay,870.62,10950.02,1,No,No,North,No,0,0.635,Medium
CUST5123,Female,40,46,Month-to-month,Fiber,Bank Transfer,2003.13,91536.93,4,No,Yes,East,Yes,1,0.662,High
CUST5124,Female,53,2,Month-to-month,DSL,Bank Transfer,1086.59,2005.53,3,No,No,South,Yes,1,0.712,High
CUST5125,Female,44,57,Month-to-month,Fiber,UPI Autopay,1745.46,104390.93,1,No,No,Central,Yes,1,0.517,Medium
CUST5126,Male,45,18,One year,DSL,Electronic Check,610.75,10837.42,4,No,No,Central,No,0,0.426,Medium
CUST5127,Female,63,57,Month-to-month,DSL,Bank Transfer,2010.36,106619.79,3,Yes,No,East,Yes,1,0.555,Medium
CUST5128,Female,40,58,One year,Fiber,Electronic Check,2256.85,134983.72,4,No,No,North,No,0,0.329,Low
CUST5129,Female,32,56,Two year,No Internet,Electronic Check,880.44,45664.41,0,No,Yes,East,No,0,0.152,Low
CUST5130,Male,41,8,Month-to-month,Fiber,Credit Card,2629.54,18982.76,1,Yes,No,East,Yes,1,0.73,High
CUST5131,Female,64,39,One year,Fiber,UPI Autopay,2351.72,95437.43,6,No,Yes,Central,No,0,0.435,Medium
CUST5132,Female,62,5,Two year,Fiber,Credit Card,985.08,4912.4,4,No,No,West,No,0,0.411,Medium
CUST5133,Male,20,36,Month-to-month,Fiber,Credit Card,3403.4,115666.13,1,No,No,Central,Yes,1,0.646,Medium
CUST5134,Female,51,19,One year,DSL,Electronic Check,2447.44,47426.5,3,No,No,Central,No,0,0.431,Medium
CUST5135,Male,63,43,Month-to-month,Fiber,Electronic Check,1219.5,50113.24,1,Yes,Yes,South,Yes,1,0.672,High
CUST5136,Male,46,19,Month-to-month,No Internet,Credit Card,3043.68,60622.05,3,No,No,North,No,0,0.754,High
CUST5137,Male,19,14,Two year,DSL,UPI Autopay,748.81,9520.82,1,Yes,Yes,East,No,0,0.175,Low
CUST5138,Male,67,13,Two year,No Internet,Electronic Check,917.95,11634.77,3,No,No,South,Yes,1,0.423,Medium
CUST5139,Female,60,68,One year,Fiber,Credit Card,3242.3,213183.62,2,No,No,North,No,0,0.162,Low
CUST5140,Female,44,71,Two year,No Internet,Electronic Check,2008.83,141894.58,3,Yes,Yes,West,Yes,1,0.253,Low
CUST5141,Male,31,59,Month-to-month,Fiber,Electronic Check,602.38,35103.92,3,No,No,Central,Yes,1,0.704,High
CUST5142,Female,35,22,One year,No Internet,UPI Autopay,2493.15,55023.02,1,Yes,No,North,No,0,0.259,Low
CUST5143,Male,57,35,Month-to-month,Fiber,Credit Card,2644.97,87550.18,3,No,Yes,South,Yes,1,0.702,High
CUST5144,Female,61,70,One year,DSL,UPI Autopay,1140.05,83302.05,1,No,No,Central,No,0,0.115,Low
CUST5145,Male,19,11,Month-to-month,DSL,Credit Card,2610.97,28237.74,0,Yes,No,South,No,0,0.618,Medium
CUST5146,Female,30,58,Two year,Fiber,Bank Transfer,1318.68,78289.07,1,No,No,South,No,0,0.137,Low
CUST5147,Female,25,31,Two year,Fiber,Credit Card,623.04,19248.98,3,Yes,Yes,North,No,0,0.235,Low
CUST5148,Female,53,38,One year,DSL,Bank Transfer,3307.18,124878.62,2,No,No,South,No,0,0.221,Low
CUST5149,Male,23,22,Two year,Fiber,Bank Transfer,998.57,21938.5,3,No,Yes,West,No,0,0.291,Low
CUST5150,Female,46,26,One year,No Internet,Bank Transfer,1847.81,47419.62,1,No,Yes,Central,No,0,0.241,Low
CUST5151,Female,36,5,Two year,DSL,Electronic Check,2477.6,11937.07,2,No,No,Central,Yes,1,0.411,Medium
CUST5152,Female,38,46,Two year,Fiber,UPI Autopay,3130.07,148252.67,2,No,Yes,North,No,0,0.189,Low
CUST5153,Male,40,20,One year,Fiber,UPI Autopay,3116.58,60008.76,1,No,Yes,North,No,0,0.273,Low
CUST5154,Male,60,18,Two year,Fiber,Credit Card,684.5,11121.91,2,No,No,East,No,0,0.252,Low
CUST5155,Female,58,71,Month-to-month,Fiber,Bank Transfer,1850.48,134757.49,1,No,No,South,Yes,1,0.447,Medium
CUST5156,Male,19,4,Month-to-month,DSL,Bank Transfer,3282.93,12016.9,1,No,No,West,Yes,1,0.719,High
CUST5157,Male,30,9,Month-to-month,DSL,Electronic Check,1314.63,10812.3,2,No,No,East,No,0,0.737,High
CUST5158,Female,35,12,One year,No Internet,Electronic Check,2138.03,25471.17,3,No,Yes,West,No,0,0.485,Medium
CUST5159,Male,66,34,Month-to-month,Fiber,Electronic Check,995.77,32923.04,2,No,Yes,North,No,0,0.705,High
CUST5160,Male,35,27,Month-to-month,Fiber,UPI Autopay,1240.5,30412.83,1,No,No,North,No,0,0.59,Medium
CUST5161,Female,66,9,Month-to-month,DSL,Credit Card,1443.39,12773.56,1,No,No,West,Yes,1,0.639,Medium
CUST5162,Male,27,5,Two year,No Internet,UPI Autopay,3319.96,17108.56,1,Yes,No,Central,Yes,1,0.373,Medium
CUST5163,Male,62,31,Month-to-month,Fiber,Electronic Check,1950.44,60018.9,3,No,Yes,North,Yes,1,0.771,High
CUST5164,Female,24,42,Two year,Fiber,Credit Card,1115.22,42753.9,1,No,Yes,North,No,0,0.148,Low
CUST5165,Male,31,39,Month-to-month,DSL,Bank Transfer,1753.42,63854.18,3,Yes,No,West,No,0,0.648,Medium
CUST5166,Female,42,41,Two year,Fiber,Bank Transfer,1371.22,53596.58,2,No,No,West,No,0,0.22,Low
CUST5167,Female,55,51,Two year,Fiber,UPI Autopay,480.56,25047.18,1,Yes,No,North,No,0,0.149,Low
CUST5168,Female,43,19,One year,DSL,UPI Autopay,1066.1,19533.51,1,Yes,Yes,South,No,0,0.198,Low
CUST5169,Female,56,6,Month-to-month,Fiber,Bank Transfer,1900.24,10801.74,2,No,Yes,North,Yes,1,0.717,High
CUST5170,Male,41,48,Month-to-month,Fiber,Bank Transfer,1771.87,85774.62,2,Yes,Yes,West,Yes,1,0.617,Medium
CUST5171,Male,58,20,One year,DSL,UPI Autopay,2996.87,54894.28,2,Yes,No,South,No,0,0.309,Low
CUST5172,Male,22,52,One year,DSL,Electronic Check,1373.0,72512.67,0,No,Yes,West,No,0,0.166,Low
CUST5173,Male,36,9,Two year,Fiber,Credit Card,3345.74,29582.07,5,No,No,North,Yes,1,0.503,Medium
CUST5174,Female,52,33,One year,Fiber,Bank Transfer,2671.54,80183.63,1,No,Yes,East,No,0,0.221,Low
CUST5175,Male,22,30,Month-to-month,Fiber,UPI Autopay,926.32,27465.29,2,No,No,North,No,0,0.611,Medium
CUST5176,Male,25,57,Two year,No Internet,Credit Card,2016.92,117478.26,1,No,No,North,No,0,0.133,Low
CUST5177,Female,50,36,Month-to-month,DSL,Bank Transfer,1944.28,63918.14,3,No,Yes,East,Yes,1,0.598,Medium
CUST5178,Female,36,39,Month-to-month,Fiber,UPI Autopay,321.97,12314.71,6,No,No,Central,No,0,0.774,High
CUST5179,Female,66,61,Two year,Fiber,UPI Autopay,2754.86,157762.38,0,No,No,South,Yes,1,0.125,Low
CUST5180,Male,56,4,Month-to-month,DSL,Bank Transfer,3438.83,12405.14,2,No,No,South,Yes,1,0.76,High
CUST5181,Male,47,8,Month-to-month,DSL,Credit Card,1633.25,12762.38,0,Yes,No,South,Yes,1,0.603,Medium
CUST5182,Male,34,31,Month-to-month,DSL,Bank Transfer,1718.27,54925.82,3,No,No,West,Yes,1,0.655,Medium
CUST5183,Male,25,28,One year,DSL,Bank Transfer,1539.72,43090.39,5,Yes,Yes,West,Yes,1,0.359,Medium
CUST5184,Female,45,16,One year,Fiber,UPI Autopay,2187.22,34007.86,1,Yes,Yes,South,No,0,0.285,Low
CUST5185,Male,35,58,Month-to-month,Fiber,UPI Autopay,2132.19,116855.23,2,Yes,Yes,East,No,0,0.55,Medium
CUST5186,Female,61,16,One year,No Internet,Bank Transfer,1749.72,26170.06,5,No,Yes,East,Yes,1,0.423,Medium
CUST5187,Male,23,31,Month-to-month,DSL,Bank Transfer,2923.37,84208.16,4,Yes,No,West,No,0,0.743,High
CUST5188,Male,62,42,One year,No Internet,Electronic Check,2960.72,122080.52,3,Yes,Yes,Central,No,0,0.421,Medium
CUST5189,Female,39,27,Two year,DSL,UPI Autopay,1292.45,35753.28,2,No,No,South,No,0,0.193,Low
CUST5190,Male,48,15,Two year,Fiber,UPI Autopay,1735.56,25493.04,2,Yes,Yes,North,No,0,0.286,Low
CUST5191,Male,63,3,Month-to-month,Fiber,UPI Autopay,3035.26,8907.84,2,Yes,Yes,West,Yes,1,0.814,High
CUST5192,Male,31,19,Two year,DSL,Electronic Check,1506.72,27751.56,1,No,Yes,South,No,0,0.256,Low
CUST5193,Male,47,8,Month-to-month,DSL,Credit Card,492.38,3647.89,3,No,Yes,Central,Yes,1,0.685,High
CUST5194,Female,49,26,Month-to-month,DSL,Electronic Check,1006.07,26389.02,0,No,No,East,Yes,1,0.581,Medium
CUST5195,Male,51,17,Month-to-month,Fiber,UPI Autopay,2855.54,46125.34,5,Yes,No,West,No,0,0.861,High
CUST5196,Male,29,29,Two year,Fiber,Bank Transfer,1379.03,40801.08,3,No,No,West,No,0,0.294,Low
CUST5197,Female,39,16,Two year,Fiber,UPI Autopay,3100.92,50375.37,2,Yes,No,South,Yes,1,0.343,Medium
CUST5198,Female,42,58,Month-to-month,Fiber,Electronic Check,1576.74,86189.99,0,No,Yes,Central,No,0,0.563,Medium
CUST5199,Male,51,17,One year,DSL,UPI Autopay,2970.31,49123.37,4,No,Yes,North,No,0,0.357,Medium
CUST5200,Female,30,60,Two year,DSL,Electronic Check,1348.52,74632.52,2,No,No,Central,No,0,0.2,Low
CUST5201,Male,19,68,One year,No Internet,Credit Card,392.51,26936.56,3,No,No,South,No,0,0.182,Low
CUST5202,Female,29,10,Two year,Fiber,Credit Card,1620.05,15958.2,4,Yes,No,Central,Yes,1,0.426,Medium
CUST5203,Male,33,36,Month-to-month,DSL,Bank Transfer,3306.22,121304.98,3,No,No,North,Yes,1,0.636,Medium
CUST5204,Female,25,63,Two year,DSL,Bank Transfer,2055.48,132419.17,1,Yes,Yes,West,No,0,0.112,Low
CUST5205,Female,60,63,Month-to-month,Fiber,Electronic Check,2496.86,148651.03,4,No,No,East,No,0,0.724,High
CUST5206,Male,55,65,Month-to-month,Fiber,Electronic Check,1396.56,87781.53,1,No,No,East,Yes,1,0.577,Medium
CUST5207,Female,61,50,One year,DSL,UPI Autopay,499.21,24658.03,2,No,No,North,No,0,0.148,Low
CUST5208,Female,48,65,One year,Fiber,Bank Transfer,480.82,30902.59,2,No,No,South,No,0,0.166,Low
CUST5209,Male,25,10,Month-to-month,DSL,Credit Card,820.43,8308.27,1,Yes,No,East,No,0,0.588,Medium
CUST5210,Female,21,55,One year,Fiber,Credit Card,928.24,47149.82,5,No,No,Central,No,0,0.307,Low
CUST5211,Male,29,58,Two year,Fiber,Electronic Check,1760.59,92630.35,1,Yes,No,Central,No,0,0.241,Low
CUST5212,Female,28,14,Month-to-month,Fiber,UPI Autopay,444.63,6443.39,3,No,No,Central,No,0,0.719,High
CUST5213,Male,18,67,Two year,Fiber,Bank Transfer,3138.01,193690.94,1,No,No,East,No,0,0.127,Low
CUST5214,Male,57,14,Two year,Fiber,Credit Card,3076.65,44676.45,1,Yes,No,North,No,0,0.306,Low
CUST5215,Male,29,31,Two year,DSL,Electronic Check,715.82,21451.94,1,Yes,No,Central,No,0,0.246,Low
CUST5216,Male,23,68,Two year,Fiber,UPI Autopay,2945.96,190551.34,1,Yes,No,South,No,0,0.138,Low
CUST5217,Male,27,35,One year,Fiber,UPI Autopay,736.29,26332.19,2,Yes,No,Central,Yes,1,0.261,Low
CUST5218,Male,40,30,Month-to-month,Fiber,Bank Transfer,1443.54,42885.1,2,Yes,No,South,No,0,0.67,High
CUST5219,Male,46,59,Month-to-month,Fiber,Electronic Check,3104.47,178838.2,3,No,Yes,South,Yes,1,0.702,High
CUST5220,Male,37,53,Month-to-month,Fiber,Bank Transfer,1956.37,104484.58,1,Yes,No,West,No,0,0.564,Medium
CUST5221,Female,21,49,Month-to-month,No Internet,UPI Autopay,1180.78,58169.61,1,Yes,No,South,No,0,0.522,Medium
CUST5222,Male,51,30,One year,Fiber,Bank Transfer,3143.03,85630.97,4,No,Yes,West,No,0,0.409,Medium
CUST5223,Female,49,8,One year,Fiber,UPI Autopay,501.34,3984.14,2,No,No,South,No,0,0.292,Low
CUST5224,Male,42,14,Month-to-month,DSL,Credit Card,627.43,8349.43,0,No,No,Central,No,0,0.542,Medium
CUST5225,Male,51,9,Month-to-month,DSL,Bank Transfer,2289.63,19345.5,1,Yes,Yes,North,Yes,1,0.643,Medium
CUST5226,Male,22,18,Month-to-month,Fiber,Bank Transfer,3140.29,53318.73,1,Yes,No,South,No,0,0.713,High
CUST5227,Female,62,56,Month-to-month,Fiber,UPI Autopay,1757.97,91987.08,3,No,No,Central,Yes,1,0.634,Medium
CUST5228,Female,65,2,Month-to-month,DSL,Bank Transfer,1595.78,3241.7,1,Yes,No,North,No,0,0.65,Medium
CUST5229,Male,39,49,Month-to-month,No Internet,Bank Transfer,1332.65,64230.12,1,Yes,No,West,No,0,0.565,Medium
CUST5230,Male,47,4,One year,No Internet,Credit Card,2659.05,9608.06,0,Yes,No,South,Yes,1,0.32,Low
CUST5231,Female,57,48,Month-to-month,Fiber,UPI Autopay,2678.66,116298.69,6,No,Yes,East,Yes,1,0.759,High
CUST5232,Female,37,30,One year,DSL,UPI Autopay,538.13,16329.14,0,No,Yes,North,No,0,0.12,Low
CUST5233,Female,43,26,Month-to-month,No Internet,Electronic Check,2100.66,51576.31,5,Yes,No,East,Yes,1,0.856,High
CUST5234,Female,51,56,Month-to-month,No Internet,Bank Transfer,1096.73,55796.98,0,No,Yes,Central,Yes,1,0.452,Medium
CUST5235,Male,30,58,Month-to-month,No Internet,Bank Transfer,1825.4,96962.29,0,No,Yes,West,Yes,1,0.453,Medium
CUST5236,Female,27,18,Month-to-month,DSL,Credit Card,2206.48,39200.18,6,Yes,No,North,No,0,0.801,High
CUST5237,Male,40,44,Month-to-month,DSL,Electronic Check,2848.78,121394.87,1,No,No,South,No,0,0.624,Medium
CUST5238,Female,54,1,Two year,Fiber,UPI Autopay,3488.93,3641.19,1,Yes,No,West,Yes,1,0.408,Medium
CUST5239,Female,47,2,Month-to-month,Fiber,Bank Transfer,3448.39,6275.62,4,No,Yes,West,Yes,1,0.862,High
CUST5240,Male,20,11,Month-to-month,Fiber,Electronic Check,1353.25,14223.67,6,Yes,Yes,West,Yes,1,0.902,High
CUST5241,Female,61,61,Two year,DSL,UPI Autopay,836.31,48715.38,1,No,Yes,West,No,0,0.111,Low
CUST5242,Male,58,50,Month-to-month,DSL,Electronic Check,780.5,38584.25,5,No,No,East,No,0,0.738,High
CUST5243,Male,29,24,Month-to-month,Fiber,UPI Autopay,2638.89,60855.35,4,No,No,South,No,0,0.779,High
CUST5244,Male,30,43,Month-to-month,DSL,Electronic Check,1404.76,58160.76,4,No,Yes,West,No,0,0.733,High
CUST5245,Female,27,25,One year,DSL,UPI Autopay,1636.08,37956.38,0,No,Yes,South,No,0,0.152,Low
CUST5246,Female,23,59,Month-to-month,DSL,Bank Transfer,2562.99,158093.86,4,Yes,Yes,Central,No,0,0.595,Medium
CUST5247,Female,55,23,Month-to-month,DSL,UPI Autopay,805.77,18223.58,4,Yes,No,East,Yes,1,0.688,High
CUST5248,Male,54,21,One year,DSL,Credit Card,2213.91,48210.69,1,No,No,East,No,0,0.216,Low
CUST5249,Male,35,61,Month-to-month,DSL,Credit Card,1679.63,92458.08,0,No,No,South,No,0,0.38,Medium
CUST5250,Female,25,58,Month-to-month,No Internet,UPI Autopay,3392.07,206469.1,3,No,Yes,Central,No,0,0.596,Medium
CUST5251,Female,23,15,Month-to-month,Fiber,Bank Transfer,1809.73,26907.83,2,No,No,West,Yes,1,0.716,High
CUST5252,Male,33,9,Month-to-month,Fiber,Credit Card,1131.16,9876.78,3,No,Yes,East,Yes,1,0.725,High
CUST5253,Male,52,47,One year,No Internet,Credit Card,578.44,27699.82,1,Yes,No,Central,No,0,0.198,Low
CUST5254,Female,32,36,Month-to-month,DSL,UPI Autopay,2191.54,80153.64,0,No,No,Central,No,0,0.493,Medium
CUST5255,Female,21,8,One year,DSL,Bank Transfer,516.5,4203.04,4,No,No,East,Yes,1,0.299,Low
CUST5256,Male,27,64,Month-to-month,Fiber,Credit Card,399.5,25429.26,2,Yes,No,North,No,0,0.514,Medium
CUST5257,Male,24,13,Month-to-month,Fiber,Bank Transfer,1577.12,18531.35,1,Yes,Yes,West,No,0,0.687,High
CUST5258,Male,63,23,Month-to-month,DSL,UPI Autopay,1997.31,46090.04,0,No,No,North,No,0,0.525,Medium
CUST5259,Male,65,31,Month-to-month,No Internet,UPI Autopay,2441.6,72376.61,4,No,No,Central,Yes,1,0.775,High
CUST5260,Female,67,51,One year,Fiber,Bank Transfer,1543.99,80661.15,2,No,No,Central,No,0,0.222,Low
CUST5261,Male,22,53,Two year,Fiber,Electronic Check,2332.04,127767.26,5,No,No,West,Yes,1,0.41,Medium
CUST5262,Female,20,30,Month-to-month,DSL,Credit Card,2599.87,72481.38,4,Yes,No,East,Yes,1,0.702,High
CUST5263,Male,33,11,One year,Fiber,Credit Card,3414.73,34930.39,1,No,Yes,North,No,0,0.318,Low
CUST5264,Male,23,65,Two year,DSL,Electronic Check,782.32,51431.43,0,No,No,West,No,0,0.133,Low
CUST5265,Female,56,2,Month-to-month,Fiber,UPI Autopay,1183.35,2208.12,7,No,No,West,Yes,1,0.889,High
CUST5266,Male,35,61,One year,Fiber,UPI Autopay,1852.29,106333.5,3,Yes,No,East,No,0,0.221,Low
CUST5267,Female,36,36,Two year,No Internet,UPI Autopay,3071.87,105305.65,2,Yes,No,West,No,0,0.273,Low
CUST5268,Female,32,1,One year,DSL,UPI Autopay,700.72,667.88,2,Yes,No,North,Yes,1,0.258,Low
CUST5269,Female,54,47,One year,Fiber,Bank Transfer,1973.03,89336.69,2,No,Yes,South,No,0,0.211,Low
CUST5270,Female,59,32,Month-to-month,Fiber,Bank Transfer,2282.24,71258.74,2,Yes,Yes,North,No,0,0.653,Medium
CUST5271,Female,51,26,Two year,Fiber,UPI Autopay,1258.62,30123.86,2,No,No,Central,No,0,0.262,Low
CUST5272,Male,35,70,Month-to-month,No Internet,Electronic Check,534.11,37788.31,3,Yes,No,North,No,0,0.647,Medium
CUST5273,Male,51,66,Month-to-month,DSL,Electronic Check,1863.77,128940.77,1,Yes,No,North,Yes,1,0.516,Medium
CUST5274,Male,24,11,Month-to-month,Fiber,Credit Card,2418.01,24363.26,1,No,No,Central,No,0,0.719,High
CUST5275,Male,47,66,Two year,No Internet,Electronic Check,1634.75,104557.79,1,Yes,Yes,South,No,0,0.192,Low
CUST5276,Female,56,51,One year,Fiber,Credit Card,2122.6,108087.69,0,No,Yes,Central,No,0,0.155,Low
CUST5277,Female,41,2,Two year,Fiber,UPI Autopay,2939.69,5358.47,3,No,No,North,Yes,1,0.412,Medium
CUST5278,Male,39,6,Two year,Fiber,Electronic Check,2784.99,15644.67,1,No,Yes,South,No,0,0.411,Medium
CUST5279,Female,44,7,Two year,Fiber,Electronic Check,2428.0,15745.03,1,No,Yes,South,No,0,0.385,Medium
CUST5280,Female,41,23,Month-to-month,No Internet,Bank Transfer,1173.47,26910.65,2,Yes,Yes,North,No,0,0.639,Medium
CUST5281,Female,18,26,Month-to-month,Fiber,Credit Card,1180.71,30628.44,2,No,Yes,East,No,0,0.613,Medium
CUST5282,Male,54,64,Month-to-month,Fiber,Bank Transfer,1748.87,104542.52,2,No,Yes,East,Yes,1,0.512,Medium
CUST5283,Male,53,3,Month-to-month,Fiber,UPI Autopay,2069.34,5842.77,1,Yes,No,South,Yes,1,0.742,High
CUST5284,Male,58,24,Month-to-month,Fiber,Credit Card,1289.49,31892.75,1,Yes,Yes,Central,No,0,0.654,Medium
CUST5285,Female,68,60,Month-to-month,Fiber,Bank Transfer,1645.22,91470.03,0,Yes,No,North,No,0,0.452,Medium
CUST5286,Female,63,70,Month-to-month,No Internet,Bank Transfer,3129.46,218514.66,3,No,No,East,Yes,1,0.539,Medium
CUST5287,Female,27,55,Two year,Fiber,Electronic Check,518.4,29533.57,2,No,No,East,No,0,0.222,Low
CUST5288,Male,42,39,One year,Fiber,Bank Transfer,509.84,19382.99,3,Yes,Yes,Central,No,0,0.281,Low
CUST5289,Female,58,43,Two year,Fiber,UPI Autopay,2338.33,94136.13,2,Yes,No,Central,No,0,0.251,Low
CUST5290,Female,34,65,Month-to-month,DSL,Electronic Check,323.4,19855.63,1,No,No,North,No,0,0.478,Medium
CUST5291,Female,34,38,Month-to-month,No Internet,UPI Autopay,2369.86,89639.27,0,Yes,No,Central,No,0,0.569,Medium
CUST5292,Male,43,19,Two year,Fiber,Credit Card,2405.47,46637.08,1,No,No,South,No,0,0.261,Low
CUST5293,Female,32,35,Two year,DSL,UPI Autopay,3475.0,121261.22,2,No,No,South,No,0,0.208,Low
CUST5294,Female,43,40,Two year,Fiber,Bank Transfer,2275.28,84320.68,3,No,No,South,No,0,0.261,Low
CUST5295,Male,19,59,Month-to-month,Fiber,Credit Card,817.05,43602.56,2,Yes,Yes,East,No,0,0.524,Medium
CUST5296,Male,58,10,Month-to-month,Fiber,UPI Autopay,3494.09,35404.31,3,No,No,South,No,0,0.818,High
CUST5297,Female,43,2,Two year,Fiber,Bank Transfer,334.65,613.15,5,Yes,No,South,Yes,1,0.431,Medium
CUST5298,Female,22,60,Month-to-month,Fiber,Bank Transfer,3201.19,187901.41,3,No,Yes,South,No,0,0.578,Medium
CUST5299,Female,67,58,Two year,Fiber,Electronic Check,2429.22,128258.77,1,Yes,Yes,South,No,0,0.227,Low
CUST5300,Female,56,61,Month-to-month,Fiber,UPI Autopay,1001.95,58435.72,3,Yes,No,North,Yes,1,0.583,Medium
CUST5301,Female,42,12,Month-to-month,DSL,UPI Autopay,3042.94,34013.81,3,Yes,No,South,No,0,0.758,High
CUST5302,Male,45,51,One year,Fiber,Electronic Check,2446.51,118185.06,3,No,No,South,No,0,0.349,Medium
CUST5303,Female,47,60,Month-to-month,Fiber,Bank Transfer,1908.0,118871.12,3,Yes,No,East,No,0,0.592,Medium
CUST5304,Male,39,2,One year,No Internet,Electronic Check,1536.93,2866.46,4,Yes,No,North,Yes,1,0.556,Medium
CUST5305,Female,67,29,Month-to-month,DSL,Electronic Check,1896.86,54618.1,4,No,No,North,Yes,1,0.769,High
CUST5306,Male,21,41,Month-to-month,Fiber,UPI Autopay,1512.55,63204.31,2,Yes,No,South,No,0,0.623,Medium
CUST5307,Female,47,21,One year,DSL,Credit Card,2078.6,42631.13,2,No,No,East,No,0,0.24,Low
CUST5308,Female,24,61,Month-to-month,No Internet,Credit Card,1528.17,97738.14,1,Yes,No,East,No,0,0.467,Medium
CUST5309,Male,60,68,One year,DSL,Bank Transfer,3241.35,229768.83,3,No,No,East,No,0,0.156,Low
CUST5310,Female,63,51,Two year,No Internet,Credit Card,1061.4,54174.77,3,No,No,North,No,0,0.198,Low
CUST5311,Female,56,21,One year,Fiber,Credit Card,2341.93,46493.39,5,Yes,No,North,No,0,0.457,Medium
CUST5312,Female,22,8,Month-to-month,No Internet,Credit Card,2640.4,19013.76,1,No,Yes,Central,Yes,1,0.711,High
CUST5313,Male,46,47,Two year,Fiber,Credit Card,1836.79,80960.23,4,No,Yes,South,Yes,1,0.267,Low
CUST5314,Male,35,11,Two year,Fiber,Bank Transfer,639.13,6900.39,2,No,No,East,No,0,0.259,Low
CUST5315,Male,62,13,Month-to-month,DSL,Credit Card,2830.11,35360.39,2,Yes,Yes,East,No,0,0.7,High
CUST5316,Male,26,1,Month-to-month,DSL,UPI Autopay,2856.77,2584.66,1,No,No,East,Yes,1,0.687,High
CUST5317,Female,63,59,Month-to-month,DSL,Electronic Check,2061.89,121385.43,4,No,No,North,Yes,1,0.67,High
CUST5318,Male,54,58,One year,DSL,Electronic Check,1189.11,62599.04,2,No,No,South,No,0,0.222,Low
CUST5319,Male,44,26,Two year,DSL,Credit Card,971.26,24358.23,3,Yes,Yes,West,No,0,0.25,Low
CUST5320,Female,21,67,Two year,Fiber,Credit Card,2896.28,197617.11,3,No,No,Central,No,0,0.186,Low
CUST5321,Male,60,58,Month-to-month,DSL,Credit Card,1960.92,118276.26,1,Yes,Yes,Central,No,0,0.472,Medium
CUST5322,Male,33,45,One year,DSL,Electronic Check,1014.75,44319.54,0,No,No,Central,Yes,1,0.191,Low
CUST5323,Female,60,22,Two year,Fiber,Electronic Check,305.67,6658.08,2,Yes,No,Central,No,0,0.361,Medium
CUST5324,Male,25,42,Month-to-month,DSL,Credit Card,1043.95,43405.5,1,No,No,East,No,0,0.465,Medium
CUST5325,Female,53,55,One year,DSL,Bank Transfer,2423.26,132476.47,2,Yes,No,South,No,0,0.173,Low
CUST5326,Female,18,49,One year,Fiber,Credit Card,1814.97,92101.3,2,No,Yes,Central,No,0,0.205,Low
CUST5327,Male,41,45,Month-to-month,DSL,Credit Card,1271.73,54793.69,3,Yes,No,South,No,0,0.6,Medium
CUST5328,Male,23,56,Month-to-month,Fiber,UPI Autopay,2886.38,158709.72,3,No,Yes,South,Yes,1,0.602,Medium
CUST5329,Female,57,43,Two year,DSL,Credit Card,1885.27,81564.73,2,Yes,Yes,South,No,0,0.173,Low
CUST5330,Female,31,11,Month-to-month,Fiber,Electronic Check,1144.03,13125.15,1,No,No,South,Yes,1,0.741,High
CUST5331,Male,54,6,Two year,Fiber,Electronic Check,1144.88,6354.08,3,Yes,No,East,Yes,1,0.465,Medium
CUST5332,Male,50,44,Month-to-month,Fiber,Credit Card,2155.66,95394.31,3,Yes,Yes,South,No,0,0.67,High
CUST5333,Female,64,30,Two year,Fiber,Electronic Check,748.79,20374.22,0,No,No,West,No,0,0.251,Low
CUST5334,Female,48,58,Month-to-month,DSL,UPI Autopay,2461.77,136404.17,1,No,Yes,South,No,0,0.427,Medium
CUST5335,Female,52,17,Month-to-month,DSL,UPI Autopay,1693.18,26248.59,3,Yes,No,Central,Yes,1,0.721,High
CUST5336,Female,62,5,Two year,No Internet,Electronic Check,418.14,1973.22,0,No,No,West,No,0,0.298,Low
CUST5337,Male,41,11,Month-to-month,DSL,UPI Autopay,2771.0,27713.06,4,No,Yes,South,Yes,1,0.771,High
CUST5338,Male,34,31,Month-to-month,No Internet,Electronic Check,1543.01,48662.27,4,Yes,Yes,North,Yes,1,0.796,High
CUST5339,Male,24,43,One year,Fiber,Bank Transfer,3358.65,137561.81,3,No,No,Central,No,0,0.311,Low
CUST5340,Female,19,3,Month-to-month,DSL,Bank Transfer,2680.55,7936.33,1,Yes,Yes,North,Yes,1,0.66,Medium
CUST5341,Female,42,9,Month-to-month,Fiber,Credit Card,1331.65,11399.65,9,Yes,Yes,East,Yes,1,0.906,High
CUST5342,Male,52,56,Month-to-month,Fiber,UPI Autopay,2929.89,167211.61,2,No,No,Central,No,0,0.599,Medium
CUST5343,Female,59,49,Two year,No Internet,Electronic Check,3051.16,135846.41,2,Yes,No,Central,No,0,0.328,Low
CUST5344,Male,66,4,Month-to-month,DSL,Credit Card,614.1,2265.66,2,No,Yes,South,No,0,0.644,Medium
CUST5345,Female,33,44,Two year,DSL,Credit Card,2924.0,127159.37,3,No,Yes,North,No,0,0.183,Low
CUST5346,Female,51,8,Two year,Fiber,Credit Card,1104.46,8209.62,2,Yes,No,South,No,0,0.308,Low
CUST5347,Female,34,42,Month-to-month,DSL,Credit Card,2961.18,125653.79,2,Yes,Yes,East,Yes,1,0.554,Medium
CUST5348,Female,44,17,One year,DSL,Credit Card,494.81,7779.31,1,No,No,East,No,0,0.178,Low
CUST5349,Male,28,24,One year,Fiber,Electronic Check,3429.18,82226.82,1,No,Yes,North,No,0,0.354,Medium
CUST5350,Female,42,47,Two year,DSL,UPI Autopay,1522.76,66910.64,0,Yes,No,South,No,0,0.118,Low
CUST5351,Male,58,63,Two year,DSL,Bank Transfer,3232.63,189853.8,2,No,No,Central,No,0,0.154,Low
CUST5352,Female,44,33,One year,DSL,Bank Transfer,1401.64,43296.56,0,No,No,North,No,0,0.135,Low
CUST5353,Male,28,30,Two year,DSL,Electronic Check,2016.62,61776.71,3,No,Yes,West,No,0,0.33,Low
CUST5354,Female,20,4,Two year,Fiber,Bank Transfer,632.53,2372.56,1,No,No,East,No,0,0.227,Low
CUST5355,Female,37,38,Month-to-month,No Internet,Bank Transfer,3479.34,130202.05,0,Yes,No,Central,No,0,0.597,Medium
CUST5356,Female,28,14,Two year,Fiber,Bank Transfer,1942.03,25523.79,0,No,No,West,No,0,0.232,Low
CUST5357,Female,31,18,Two year,DSL,Bank Transfer,2172.91,39444.59,2,No,No,East,No,0,0.225,Low
CUST5358,Female,60,34,One year,DSL,Credit Card,668.71,22245.78,2,Yes,Yes,Central,No,0,0.208,Low
CUST5359,Male,28,47,Month-to-month,DSL,Bank Transfer,1524.79,67137.24,2,Yes,No,Central,Yes,1,0.566,Medium
CUST5360,Female,19,34,Two year,Fiber,Electronic Check,2058.9,64862.24,1,No,No,Central,Yes,1,0.294,Low
CUST5361,Male,38,54,Month-to-month,DSL,UPI Autopay,1586.9,80597.39,1,No,Yes,South,No,0,0.437,Medium
CUST5362,Female,69,50,One year,DSL,Electronic Check,1629.98,84519.26,2,No,No,North,No,0,0.227,Low
CUST5363,Female,69,50,Month-to-month,No Internet,Electronic Check,601.93,27594.48,4,Yes,No,North,No,0,0.75,High
CUST5364,Female,28,46,Two year,DSL,UPI Autopay,308.39,13878.06,2,No,Yes,South,No,0,0.134,Low
CUST5365,Male,21,18,Month-to-month,DSL,Bank Transfer,2854.97,47744.36,2,Yes,No,South,No,0,0.69,High
CUST5366,Female,37,21,Month-to-month,Fiber,Electronic Check,1134.46,24174.94,1,Yes,No,West,No,0,0.746,High
CUST5367,Male,52,60,Month-to-month,DSL,UPI Autopay,477.41,27203.89,1,No,No,West,No,0,0.443,Medium
CUST5368,Male,64,61,Two year,No Internet,UPI Autopay,3480.25,217365.78,1,No,No,South,No,0,0.148,Low
CUST5369,Female,43,48,Month-to-month,Fiber,Bank Transfer,969.36,48030.13,0,Yes,No,North,Yes,1,0.47,Medium
CUST5370,Female,23,69,Two year,Fiber,Electronic Check,1205.32,77912.98,1,No,Yes,West,No,0,0.177,Low
CUST5371,Male,33,20,Two year,Fiber,UPI Autopay,923.39,18020.29,4,No,No,West,No,0,0.355,Medium
CUST5372,Male,48,26,Two year,DSL,UPI Autopay,3237.66,77359.55,0,Yes,No,East,No,0,0.186,Low
CUST5373,Female,62,5,One year,Fiber,Bank Transfer,1412.24,7389.88,4,No,No,Central,No,0,0.459,Medium
CUST5374,Female,58,6,Two year,No Internet,UPI Autopay,2261.65,12832.35,1,No,No,East,No,0,0.283,Low
CUST5375,Male,24,65,Month-to-month,DSL,UPI Autopay,1834.92,124238.29,3,Yes,Yes,East,No,0,0.489,Medium
CUST5376,Male,30,23,Month-to-month,DSL,UPI Autopay,2207.63,47595.53,1,Yes,No,South,No,0,0.607,Medium
CUST5377,Female,42,43,Month-to-month,No Internet,UPI Autopay,3124.6,123370.25,1,No,No,North,No,0,0.561,Medium
CUST5378,Female,48,28,Month-to-month,Fiber,Electronic Check,1389.48,38917.59,4,Yes,No,North,No,0,0.813,High
CUST5379,Female,50,18,One year,Fiber,Electronic Check,1948.37,35501.29,0,No,Yes,West,No,0,0.324,Low
CUST5380,Female,64,23,Two year,Fiber,Electronic Check,1847.7,40766.57,2,No,No,South,Yes,1,0.369,Medium
CUST5381,Male,38,63,Month-to-month,Fiber,Credit Card,373.75,23272.19,0,No,Yes,Central,No,0,0.43,Medium
CUST5382,Female,63,19,Month-to-month,Fiber,Bank Transfer,1907.42,34403.73,1,No,No,East,Yes,1,0.648,Medium
CUST5383,Male,45,5,Month-to-month,Fiber,Bank Transfer,3492.09,17725.5,1,Yes,Yes,North,Yes,1,0.755,High
CUST5384,Female,69,13,One year,DSL,Electronic Check,3055.51,39289.67,1,Yes,No,Central,No,0,0.411,Medium
CUST5385,Female,32,39,Month-to-month,Fiber,Electronic Check,2066.14,75564.08,2,Yes,No,South,No,0,0.736,High
CUST5386,Male,40,12,Month-to-month,Fiber,Electronic Check,2086.92,25455.19,1,No,No,West,Yes,1,0.79,High
CUST5387,Male,58,40,Month-to-month,Fiber,Credit Card,1166.86,44940.23,1,No,No,East,Yes,1,0.557,Medium
CUST5388,Male,45,20,Month-to-month,DSL,Credit Card,767.51,16034.53,0,No,No,Central,No,0,0.528,Medium
CUST5389,Male,65,65,Month-to-month,No Internet,Credit Card,3223.41,199871.0,3,Yes,No,North,Yes,1,0.593,Medium
CUST5390,Male,32,57,Two year,No Internet,Credit Card,3232.59,182540.98,3,Yes,Yes,Central,No,0,0.23,Low
CUST5391,Female,46,46,Month-to-month,Fiber,UPI Autopay,654.64,27928.22,0,Yes,Yes,South,Yes,1,0.479,Medium
CUST5392,Female,65,59,Month-to-month,Fiber,Electronic Check,1276.41,77311.75,2,No,No,South,No,0,0.65,Medium
CUST5393,Male,47,45,Two year,Fiber,Bank Transfer,801.8,33118.45,2,No,No,West,No,0,0.211,Low
CUST5394,Female,43,9,One year,DSL,Credit Card,1776.41,16337.45,1,Yes,Yes,West,No,0,0.258,Low
CUST5395,Female,37,43,One year,Fiber,Bank Transfer,1898.06,84876.05,1,No,No,North,No,0,0.178,Low
CUST5396,Female,39,65,Month-to-month,No Internet,Electronic Check,681.46,45549.97,0,Yes,Yes,South,Yes,1,0.515,Medium
CUST5397,Male,34,8,One year,Fiber,Credit Card,1958.28,16044.21,3,Yes,Yes,North,No,0,0.383,Medium
CUST5398,Male,25,64,One year,DSL,Credit Card,1531.64,96070.83,2,Yes,No,West,No,0,0.157,Low
CUST5399,Female,65,13,Two year,DSL,Electronic Check,320.11,4077.51,1,Yes,No,East,No,0,0.257,Low
CUST5400,Male,69,27,One year,Fiber,Electronic Check,3465.22,98046.7,3,Yes,No,South,Yes,1,0.506,Medium
CUST5401,Male,55,19,Two year,No Internet,Bank Transfer,1127.64,20865.99,3,No,No,West,No,0,0.323,Low
CUST5402,Female,62,54,Month-to-month,DSL,Credit Card,1581.9,88346.75,3,No,Yes,South,No,0,0.534,Medium
CUST5403,Female,61,25,One year,Fiber,UPI Autopay,535.1,13204.33,1,Yes,Yes,West,No,0,0.236,Low
CUST5404,Female,44,53,Two year,DSL,Credit Card,2469.83,122948.91,2,No,No,East,No,0,0.145,Low
CUST5405,Male,63,64,Month-to-month,No Internet,UPI Autopay,2288.43,151017.39,2,Yes,No,West,No,0,0.572,Medium
CUST5406,Male,63,5,One year,Fiber,Credit Card,408.93,1903.19,0,No,Yes,East,No,0,0.212,Low
CUST5407,Female,20,10,Month-to-month,Fiber,UPI Autopay,1999.47,18950.72,2,No,No,South,Yes,1,0.721,High
CUST5408,Male,34,7,Two year,Fiber,Electronic Check,3079.77,19614.69,1,Yes,No,Central,No,0,0.474,Medium
CUST5409,Male,25,52,Month-to-month,No Internet,Credit Card,310.85,14696.27,2,Yes,No,West,No,0,0.582,Medium
CUST5410,Female,46,56,Month-to-month,DSL,Bank Transfer,870.67,45064.63,2,Yes,No,East,Yes,1,0.485,Medium
CUST5411,Female,46,19,Month-to-month,Fiber,UPI Autopay,589.19,10855.15,1,Yes,No,West,Yes,1,0.646,Medium
CUST5412,Male,34,66,Month-to-month,DSL,UPI Autopay,3082.12,212622.27,3,No,No,North,No,0,0.483,Medium
CUST5413,Male,36,54,Month-to-month,No Internet,Electronic Check,2143.91,107303.56,1,Yes,No,South,Yes,1,0.646,Medium
CUST5414,Female,18,69,Month-to-month,Fiber,Electronic Check,3104.07,193815.05,2,Yes,No,North,No,0,0.616,Medium
CUST5415,Female,29,32,Two year,Fiber,Bank Transfer,1116.95,34063.19,1,Yes,No,Central,No,0,0.214,Low
CUST5416,Male,40,61,Two year,DSL,Credit Card,517.1,28858.68,2,No,No,West,No,0,0.138,Low
CUST5417,Female,56,58,One year,DSL,Bank Transfer,2957.81,161304.29,1,No,Yes,North,No,0,0.121,Low
CUST5418,Female,20,47,Two year,Fiber,Electronic Check,2002.13,95255.09,1,Yes,No,West,No,0,0.261,Low
CUST5419,Male,69,47,Month-to-month,DSL,Electronic Check,406.6,17439.31,2,Yes,Yes,South,No,0,0.633,Medium
CUST5420,Male,44,11,One year,Fiber,Bank Transfer,939.1,10469.65,2,No,Yes,North,Yes,1,0.278,Low
CUST5421,Male,65,10,Month-to-month,DSL,Electronic Check,1630.2,16455.48,2,No,No,North,Yes,1,0.751,High
CUST5422,Female,39,3,Two year,DSL,Electronic Check,817.08,2505.99,1,No,Yes,Central,No,0,0.292,Low
CUST5423,Female,33,10,Two year,No Internet,Electronic Check,1049.32,10075.18,0,No,Yes,Central,No,0,0.286,Low
CUST5424,Male,41,1,Two year,DSL,UPI Autopay,1585.64,1564.49,3,No,No,South,No,0,0.322,Low
CUST5425,Female,60,5,Month-to-month,Fiber,Credit Card,2854.44,14838.25,0,No,Yes,Central,Yes,1,0.708,High
CUST5426,Female,63,66,One year,DSL,UPI Autopay,948.49,65403.32,0,Yes,No,East,No,0,0.096,Low
CUST5427,Male,43,4,Month-to-month,Fiber,Electronic Check,1362.53,5627.26,1,No,No,East,Yes,1,0.768,High
CUST5428,Female,68,66,Month-to-month,Fiber,Bank Transfer,3274.37,214527.86,2,No,No,South,No,0,0.533,Medium
CUST5429,Female,22,52,Month-to-month,Fiber,Electronic Check,2689.18,137750.37,3,No,Yes,East,No,0,0.695,High
CUST5430,Male,66,32,Month-to-month,No Internet,Credit Card,2112.82,64724.83,2,Yes,No,North,Yes,1,0.667,High
CUST5431,Female,36,61,Month-to-month,Fiber,UPI Autopay,2166.56,133832.52,2,Yes,No,South,No,0,0.551,Medium
CUST5432,Male,35,45,One year,Fiber,UPI Autopay,2172.0,91044.94,5,No,No,South,No,0,0.355,Medium
CUST5433,Female,69,66,Month-to-month,No Internet,Electronic Check,1286.03,83482.82,3,No,Yes,North,No,0,0.638,Medium
CUST5434,Male,33,24,One year,DSL,Credit Card,437.13,10089.05,2,Yes,Yes,North,No,0,0.196,Low
CUST5435,Female,67,62,One year,DSL,UPI Autopay,2706.19,151222.75,3,No,No,East,No,0,0.175,Low
CUST5436,Male,50,69,One year,DSL,Bank Transfer,3129.47,213627.05,3,Yes,No,South,No,0,0.173,Low
CUST5437,Male,34,17,Month-to-month,DSL,Electronic Check,1835.46,32132.38,3,No,No,East,Yes,1,0.767,High
CUST5438,Male,68,54,Month-to-month,DSL,UPI Autopay,1321.53,67600.61,0,Yes,Yes,East,No,0,0.403,Medium
CUST5439,Female,41,14,Two year,DSL,Bank Transfer,2205.99,31908.03,2,No,Yes,North,No,0,0.227,Low
CUST5440,Male,66,70,Month-to-month,No Internet,Credit Card,2942.6,190840.43,1,No,Yes,East,No,0,0.444,Medium
CUST5441,Female,22,23,One year,Fiber,Bank Transfer,2502.7,52284.55,0,Yes,Yes,North,No,0,0.214,Low
CUST5442,Male,31,40,Month-to-month,DSL,UPI Autopay,1937.64,70667.78,3,No,Yes,East,Yes,1,0.583,Medium
CUST5443,Female,52,50,Two year,DSL,Bank Transfer,3255.36,147735.07,0,No,Yes,South,No,0,0.115,Low
CUST5444,Male,44,29,Month-to-month,No Internet,Electronic Check,3414.01,92539.15,0,No,No,South,No,0,0.712,High
CUST5445,Female,61,39,Two year,DSL,Electronic Check,2030.92,75959.44,5,No,No,North,Yes,1,0.372,Medium
CUST5446,Female,67,69,Month-to-month,Fiber,UPI Autopay,2469.43,166946.79,2,No,No,Central,No,0,0.538,Medium
CUST5447,Female,41,24,Month-to-month,Fiber,Electronic Check,2772.81,65688.63,3,No,No,North,Yes,1,0.805,High
CUST5448,Male,39,42,Month-to-month,DSL,Bank Transfer,2556.16,108503.01,0,Yes,Yes,East,Yes,1,0.457,Medium
CUST5449,Male,53,31,Month-to-month,DSL,Bank Transfer,2485.05,76354.02,2,Yes,No,South,No,0,0.638,Medium
CUST5450,Male,33,17,Two year,Fiber,Bank Transfer,869.46,14303.83,2,No,No,North,No,0,0.245,Low
CUST5451,Male,39,26,One year,Fiber,UPI Autopay,2925.71,76311.04,2,No,No,Central,No,0,0.331,Medium
CUST5452,Female,45,29,One year,DSL,Bank Transfer,2413.68,72308.83,3,No,Yes,West,No,0,0.272,Low
CUST5453,Male,55,42,Month-to-month,No Internet,Electronic Check,2105.27,84967.78,2,No,Yes,West,Yes,1,0.725,High
CUST5454,Female,60,4,One year,Fiber,UPI Autopay,1137.66,4118.15,2,No,No,Central,No,0,0.353,Medium
CUST5455,Male,29,28,Two year,DSL,Electronic Check,2991.02,86920.89,0,Yes,No,West,No,0,0.264,Low
CUST5456,Male,38,16,Month-to-month,Fiber,UPI Autopay,942.18,14136.58,1,No,No,South,No,0,0.636,Medium
CUST5457,Male,29,1,Two year,DSL,Credit Card,382.69,377.73,4,No,No,East,No,0,0.3,Low
CUST5458,Male,54,55,Month-to-month,DSL,Bank Transfer,384.96,20968.88,1,No,No,West,Yes,1,0.458,Medium
CUST5459,Male,55,36,One year,Fiber,Bank Transfer,3352.71,118317.64,3,Yes,No,Central,No,0,0.37,Medium
CUST5460,Female,51,65,Month-to-month,Fiber,Electronic Check,664.99,39939.37,3,No,No,South,No,0,0.669,High
CUST5461,Female,43,55,One year,DSL,UPI Autopay,687.57,37183.58,3,Yes,No,East,No,0,0.178,Low
CUST5462,Female,50,43,Month-to-month,Fiber,UPI Autopay,2397.23,107104.99,5,No,No,East,No,0,0.735,High
CUST5463,Female,61,54,Month-to-month,No Internet,Bank Transfer,2746.35,139634.56,2,Yes,No,South,Yes,1,0.599,Medium
CUST5464,Male,32,45,Month-to-month,Fiber,Electronic Check,2512.35,118358.56,2,Yes,No,South,No,0,0.725,High
CUST5465,Male,27,60,Month-to-month,Fiber,Bank Transfer,2983.36,170503.97,2,No,Yes,North,No,0,0.522,Medium
CUST5466,Female,53,30,Month-to-month,DSL,Bank Transfer,2661.06,75585.79,1,No,No,Central,No,0,0.595,Medium
CUST5467,Female,40,67,Month-to-month,No Internet,Credit Card,742.26,48227.53,4,Yes,Yes,Central,Yes,1,0.621,Medium
CUST5468,Female,30,43,Month-to-month,Fiber,UPI Autopay,2881.71,111860.29,2,No,Yes,South,No,0,0.612,Medium
CUST5469,Male,24,71,One year,Fiber,Bank Transfer,1748.29,120244.03,2,No,No,East,No,0,0.151,Low
CUST5470,Female,53,37,One year,No Internet,Electronic Check,997.42,37891.34,4,No,No,East,No,0,0.391,Medium
CUST5471,Male,39,36,Two year,Fiber,Bank Transfer,1593.79,58241.54,3,No,No,Central,No,0,0.282,Low
CUST5472,Female,52,47,Month-to-month,Fiber,Bank Transfer,1601.5,74684.37,5,Yes,Yes,North,No,0,0.712,High
CUST5473,Female,33,39,Two year,Fiber,Credit Card,2259.9,80068.56,2,Yes,Yes,Central,No,0,0.244,Low
CUST5474,Male,54,28,Month-to-month,No Internet,Credit Card,3263.66,86465.56,2,No,Yes,South,No,0,0.695,High
CUST5475,Male,36,6,Month-to-month,DSL,Bank Transfer,2468.64,13857.51,1,No,Yes,North,No,0,0.637,Medium
CUST5476,Female,31,13,Month-to-month,Fiber,UPI Autopay,1094.06,13308.74,3,No,No,East,Yes,1,0.715,High
CUST5477,Female,54,67,Month-to-month,No Internet,Credit Card,375.67,26358.04,1,Yes,No,Central,Yes,1,0.49,Medium
CUST5478,Male,63,63,Two year,DSL,Electronic Check,972.88,61813.63,3,Yes,No,West,No,0,0.252,Low
CUST5479,Male,28,65,One year,No Internet,Bank Transfer,3053.62,203645.69,2,No,Yes,West,No,0,0.172,Low
CUST5480,Female,36,30,Two year,Fiber,UPI Autopay,3157.24,89293.12,1,Yes,No,North,No,0,0.234,Low
CUST5481,Female,44,62,Month-to-month,Fiber,Bank Transfer,593.94,37723.16,1,No,No,West,No,0,0.489,Medium
CUST5482,Female,61,33,Two year,Fiber,UPI Autopay,381.89,12913.96,1,No,No,West,No,0,0.193,Low
CUST5483,Female,64,35,Month-to-month,DSL,Bank Transfer,2387.6,82837.41,2,No,No,West,No,0,0.615,Medium
CUST5484,Female,66,63,Month-to-month,Fiber,Credit Card,1839.43,110697.64,1,Yes,No,Central,Yes,1,0.531,Medium
CUST5485,Female,20,17,One year,DSL,UPI Autopay,1178.22,18912.37,0,Yes,No,South,No,0,0.177,Low
CUST5486,Female,31,59,Month-to-month,DSL,Electronic Check,1172.85,63138.83,0,No,No,South,No,0,0.476,Medium
CUST5487,Female,47,36,Month-to-month,Fiber,Bank Transfer,3402.84,124999.63,4,No,Yes,South,Yes,1,0.739,High
CUST5488,Female,40,38,Month-to-month,No Internet,Bank Transfer,3375.12,126252.35,3,No,No,South,No,0,0.695,High
CUST5489,Male,41,71,One year,DSL,Bank Transfer,972.67,70820.94,4,No,No,Central,No,0,0.191,Low
CUST5490,Female,35,18,One year,DSL,UPI Autopay,2650.95,46734.26,3,No,No,Central,No,0,0.332,Medium
CUST5491,Male,58,29,Month-to-month,No Internet,Electronic Check,375.31,10584.5,2,Yes,No,Central,No,0,0.756,High
CUST5492,Female,66,21,One year,Fiber,Credit Card,707.61,14393.9,3,Yes,No,West,No,0,0.349,Medium
CUST5493,Male,56,21,Month-to-month,Fiber,UPI Autopay,3217.72,65428.19,3,Yes,Yes,East,No,0,0.77,High
CUST5494,Male,35,53,One year,DSL,UPI Autopay,1925.52,96945.02,1,Yes,No,North,No,0,0.139,Low
CUST5495,Female,63,24,Month-to-month,No Internet,Electronic Check,1143.71,26382.77,1,No,No,East,No,0,0.698,High
CUST5496,Female,21,14,Month-to-month,Fiber,Electronic Check,1000.86,13523.68,1,No,No,Central,Yes,1,0.743,High
CUST5497,Male,59,27,Month-to-month,No Internet,Electronic Check,419.59,10998.58,3,Yes,No,North,Yes,1,0.767,High
CUST5498,Male,23,10,Month-to-month,Fiber,Credit Card,2395.47,22320.1,3,No,Yes,South,No,0,0.769,High
CUST5499,Male,37,42,Month-to-month,DSL,Electronic Check,3073.16,116596.42,2,Yes,No,East,No,0,0.691,High
CUST5500,Male,28,5,One year,Fiber,Credit Card,2921.32,13681.94,1,No,Yes,West,No,0,0.358,Medium
CUST5501,Female,40,13,Two year,DSL,Bank Transfer,1723.85,22583.13,0,No,Yes,Central,No,0,0.18,Low
CUST5502,Female,64,33,Month-to-month,No Internet,UPI Autopay,1852.25,56735.14,4,Yes,No,East,No,0,0.737,High
CUST5503,Male,39,29,Two year,Fiber,Credit Card,1234.5,32961.41,0,Yes,Yes,West,No,0,0.19,Low
CUST5504,Female,19,3,One year,DSL,Electronic Check,565.0,1533.49,0,Yes,Yes,East,Yes,1,0.246,Low
CUST5505,Male,62,28,Two year,DSL,Credit Card,2614.77,71577.99,3,Yes,No,North,No,0,0.27,Low
CUST5506,Male,38,34,Month-to-month,No Internet,Electronic Check,1100.5,34425.69,2,Yes,No,Central,Yes,1,0.753,High
CUST5507,Male,47,13,One year,DSL,Credit Card,2036.57,25409.16,1,No,No,East,No,0,0.234,Low
CUST5508,Male,53,40,Month-to-month,DSL,Electronic Check,3331.7,130883.78,1,No,No,Central,No,0,0.676,High
CUST5509,Male,56,28,Month-to-month,Fiber,Credit Card,1011.8,26409.35,1,No,Yes,East,Yes,1,0.58,Medium
CUST5510,Male,61,20,Month-to-month,Fiber,UPI Autopay,835.84,15165.11,1,Yes,Yes,Central,No,0,0.655,Medium
CUST5511,Female,48,45,Two year,Fiber,UPI Autopay,2742.27,113972.0,2,Yes,No,Central,No,0,0.248,Low
CUST5512,Male,35,59,One year,Fiber,Credit Card,2642.99,160449.48,3,Yes,No,South,No,0,0.237,Low
CUST5513,Female,47,11,Month-to-month,No Internet,Electronic Check,2035.22,20737.78,3,No,No,Central,No,0,0.845,High
CUST5514,Male,21,69,Month-to-month,Fiber,Bank Transfer,504.22,36075.99,2,Yes,No,South,No,0,0.514,Medium
CUST5515,Female,30,2,One year,DSL,UPI Autopay,2803.32,5380.22,1,Yes,No,East,No,0,0.298,Low
CUST5516,Female,21,2,Month-to-month,DSL,Bank Transfer,2297.27,4308.68,2,No,Yes,West,Yes,1,0.71,High
CUST5517,Female,35,13,Two year,Fiber,Bank Transfer,438.87,5837.28,1,No,No,West,No,0,0.229,Low
CUST5518,Female,32,6,Two year,DSL,UPI Autopay,1849.15,10668.69,2,Yes,No,South,Yes,1,0.279,Low
CUST5519,Male,27,35,Month-to-month,DSL,Bank Transfer,3341.84,113470.39,0,Yes,No,West,No,0,0.555,Medium
CUST5520,Female,20,26,Month-to-month,Fiber,Electronic Check,1011.45,25710.55,0,No,No,South,Yes,1,0.645,Medium
CUST5521,Male,35,38,Month-to-month,Fiber,Bank Transfer,926.34,34868.83,2,Yes,Yes,North,No,0,0.596,Medium
CUST5522,Male,29,47,One year,Fiber,Credit Card,1724.32,74709.18,5,No,Yes,Central,No,0,0.344,Medium
CUST5523,Female,53,21,Month-to-month,No Internet,Electronic Check,1234.56,25086.58,1,Yes,Yes,East,Yes,1,0.71,High
CUST5524,Female,26,10,One year,Fiber,Bank Transfer,327.58,2981.99,3,No,Yes,West,No,0,0.32,Low
CUST5525,Female,34,55,Month-to-month,DSL,Bank Transfer,3087.04,161422.63,2,No,Yes,West,Yes,1,0.514,Medium
CUST5526,Female,37,4,One year,DSL,Credit Card,2629.95,9481.08,0,No,Yes,South,Yes,1,0.233,Low
CUST5527,Female,48,18,Two year,DSL,Bank Transfer,3267.02,53951.03,4,No,No,Central,No,0,0.381,Medium
CUST5528,Female,26,1,One year,Fiber,Electronic Check,1824.87,1782.2,6,Yes,Yes,South,Yes,1,0.664,High
CUST5529,Female,68,6,Two year,Fiber,UPI Autopay,951.78,5526.8,3,Yes,No,East,No,0,0.347,Medium
CUST5530,Male,58,50,Two year,No Internet,Electronic Check,333.98,17506.82,2,No,No,East,No,0,0.243,Low
CUST5531,Male,62,39,Two year,DSL,UPI Autopay,1227.09,49164.88,2,Yes,Yes,South,No,0,0.18,Low
CUST5532,Male,27,23,Month-to-month,Fiber,Electronic Check,1454.0,33586.6,3,No,No,East,Yes,1,0.785,High
CUST5533,Male,59,53,Month-to-month,Fiber,Electronic Check,2900.37,153410.79,3,No,Yes,East,Yes,1,0.715,High
CUST5534,Male,36,53,Two year,DSL,UPI Autopay,3018.3,150722.35,5,Yes,No,North,No,0,0.257,Low
CUST5535,Male,52,29,Two year,Fiber,Electronic Check,3417.17,90113.26,1,Yes,Yes,Central,Yes,1,0.377,Medium
CUST5536,Female,62,45,Two year,No Internet,Bank Transfer,560.68,23004.8,3,Yes,No,West,No,0,0.249,Low
CUST5537,Male,43,32,Month-to-month,Fiber,Bank Transfer,2081.91,68353.7,2,No,No,South,Yes,1,0.661,High
CUST5538,Male,50,42,One year,No Internet,UPI Autopay,3143.02,128987.56,1,No,Yes,Central,No,0,0.223,Low
CUST5539,Male,51,38,Month-to-month,Fiber,Electronic Check,3206.94,120921.27,1,No,No,South,Yes,1,0.718,High
CUST5540,Female,59,69,Two year,Fiber,Electronic Check,3174.02,229899.76,5,No,Yes,South,No,0,0.318,Low
CUST5541,Female,64,59,One year,Fiber,UPI Autopay,1646.19,94694.83,0,Yes,No,South,No,0,0.144,Low
CUST5542,Female,22,20,Two year,Fiber,UPI Autopay,1239.88,22584.83,1,No,No,East,No,0,0.206,Low
CUST5543,Female,19,58,One year,Fiber,Credit Card,2475.71,130624.51,2,Yes,No,North,No,0,0.188,Low
CUST5544,Female,55,35,Month-to-month,Fiber,Bank Transfer,2983.64,100201.17,2,Yes,Yes,North,Yes,1,0.657,Medium
CUST5545,Male,47,39,Month-to-month,DSL,UPI Autopay,501.4,17714.27,4,Yes,No,Central,Yes,1,0.673,High
CUST5546,Female,38,71,One year,Fiber,UPI Autopay,1147.63,81195.29,1,No,No,South,No,0,0.129,Low
CUST5547,Male,54,30,Month-to-month,Fiber,Bank Transfer,3385.86,104890.05,2,No,No,East,Yes,1,0.693,High
CUST5548,Male,41,27,Month-to-month,DSL,Bank Transfer,2205.71,59374.06,4,Yes,No,West,Yes,1,0.744,High
CUST5549,Female,22,57,Month-to-month,DSL,Bank Transfer,3474.43,190577.99,2,No,Yes,South,No,0,0.482,Medium
CUST5550,Male,28,54,One year,DSL,Electronic Check,1327.43,72083.08,2,No,Yes,East,No,0,0.203,Low
CUST5551,Male,49,38,Month-to-month,Fiber,Electronic Check,2802.76,110294.88,1,Yes,No,West,No,0,0.739,High
CUST5552,Male,18,43,Month-to-month,No Internet,Bank Transfer,1036.04,45165.6,5,No,No,South,Yes,1,0.716,High
CUST5553,Female,34,16,One year,DSL,UPI Autopay,1539.39,24819.03,3,No,No,Central,No,0,0.303,Low
CUST5554,Female,53,19,Month-to-month,No Internet,Electronic Check,1184.21,22464.26,1,No,No,West,No,0,0.738,High
CUST5555,Female,25,30,Month-to-month,Fiber,Credit Card,3042.77,90059.64,0,No,Yes,South,Yes,1,0.571,Medium
CUST5556,Female,41,43,Month-to-month,Fiber,UPI Autopay,2923.22,119138.69,0,Yes,No,Central,No,0,0.573,Medium
CUST5557,Male,18,36,Month-to-month,DSL,Credit Card,1253.66,41021.35,2,Yes,No,East,No,0,0.56,Medium
CUST5558,Female,69,9,One year,DSL,UPI Autopay,1599.0,13449.37,0,Yes,No,South,No,0,0.221,Low
CUST5559,Male,48,68,Two year,Fiber,Bank Transfer,1806.25,120406.87,3,No,Yes,North,No,0,0.163,Low
CUST5560,Male,18,16,One year,Fiber,Credit Card,1970.12,31092.9,3,No,No,North,No,0,0.341,Medium
CUST5561,Male,44,57,Month-to-month,DSL,UPI Autopay,448.7,23611.74,1,No,No,South,No,0,0.428,Medium
CUST5562,Female,59,31,Month-to-month,Fiber,Credit Card,2979.8,96231.05,2,Yes,No,South,Yes,1,0.7,High
CUST5563,Male,24,9,One year,No Internet,UPI Autopay,3231.58,28541.15,1,Yes,Yes,South,No,0,0.343,Medium
CUST5564,Male,36,43,Two year,DSL,Electronic Check,2024.24,81324.83,3,No,No,East,No,0,0.275,Low
CUST5565,Male,54,36,Month-to-month,DSL,Electronic Check,674.81,23711.79,5,Yes,No,North,No,0,0.779,High
CUST5566,Male,53,70,One year,DSL,UPI Autopay,1873.0,126718.7,3,No,No,East,No,0,0.151,Low
CUST5567,Male,51,12,Month-to-month,No Internet,Bank Transfer,403.44,4542.14,1,Yes,No,Central,Yes,1,0.666,High
CUST5568,Female,40,37,Month-to-month,DSL,Bank Transfer,1276.72,44079.42,4,No,No,Central,Yes,1,0.667,High
CUST5569,Female,49,4,Month-to-month,Fiber,Electronic Check,2566.68,9759.8,2,Yes,No,South,No,0,0.849,High
CUST5570,Female,45,42,One year,Fiber,UPI Autopay,3246.69,141483.42,1,No,No,Central,No,0,0.228,Low
CUST5571,Female,35,40,Month-to-month,Fiber,Electronic Check,1701.12,67675.9,2,Yes,No,North,No,0,0.709,High
CUST5572,Male,24,46,One year,DSL,Electronic Check,1676.53,73768.25,1,No,No,North,No,0,0.2,Low
CUST5573,Female,47,13,Month-to-month,DSL,UPI Autopay,1620.67,19024.65,3,No,No,Central,No,0,0.714,High
CUST5574,Male,34,4,Two year,Fiber,UPI Autopay,2510.22,10026.67,3,No,No,West,No,0,0.429,Medium
CUST5575,Male,32,68,One year,Fiber,Electronic Check,3223.5,199803.59,2,Yes,Yes,West,No,0,0.269,Low
CUST5576,Male,37,54,Month-to-month,Fiber,Electronic Check,3253.83,166512.11,1,Yes,Yes,South,Yes,1,0.654,Medium
CUST5577,Female,39,50,Month-to-month,DSL,Electronic Check,2362.43,115100.37,3,Yes,No,West,No,0,0.708,High
CUST5578,Female,54,19,Two year,DSL,Electronic Check,399.29,7245.38,0,No,Yes,North,No,0,0.182,Low
CUST5579,Female,34,46,Two year,Fiber,Electronic Check,2234.53,101043.31,1,No,No,South,No,0,0.243,Low
CUST5580,Female,61,69,One year,Fiber,Credit Card,835.13,57780.55,2,Yes,No,West,No,0,0.186,Low
CUST5581,Female,50,20,Month-to-month,Fiber,UPI Autopay,1625.7,32007.63,1,Yes,No,West,No,0,0.678,High
CUST5582,Female,18,66,Month-to-month,Fiber,Bank Transfer,2317.25,157152.24,3,No,No,North,No,0,0.532,Medium
CUST5583,Male,23,50,Month-to-month,DSL,Electronic Check,878.62,43461.98,1,Yes,Yes,East,No,0,0.548,Medium
CUST5584,Male,24,4,Month-to-month,Fiber,Bank Transfer,2961.08,10834.28,2,No,Yes,East,Yes,1,0.761,High
CUST5585,Female,32,21,Month-to-month,DSL,Credit Card,1536.19,30911.07,2,No,Yes,North,No,0,0.58,Medium
CUST5586,Female,31,17,One year,Fiber,Electronic Check,1917.18,32502.86,4,Yes,Yes,Central,No,0,0.533,Medium
CUST5587,Female,22,11,Month-to-month,Fiber,Credit Card,2472.78,26476.61,1,Yes,Yes,East,Yes,1,0.686,High
CUST5588,Male,27,60,One year,No Internet,Electronic Check,2347.16,130751.77,1,No,Yes,West,No,0,0.228,Low
CUST5589,Male,58,58,One year,No Internet,Electronic Check,2797.84,158916.28,0,Yes,No,South,No,0,0.219,Low
CUST5590,Female,54,28,Month-to-month,Fiber,UPI Autopay,336.8,9502.32,0,No,No,South,No,0,0.526,Medium
CUST5591,Female,47,10,Month-to-month,Fiber,Bank Transfer,1902.08,17949.01,3,No,No,North,Yes,1,0.751,High
CUST5592,Female,45,38,Two year,Fiber,UPI Autopay,2693.74,94795.21,5,Yes,No,West,No,0,0.402,Medium
CUST5593,Male,29,44,Month-to-month,No Internet,Credit Card,1020.21,45316.28,3,Yes,Yes,East,No,0,0.621,Medium
CUST5594,Male,67,9,Month-to-month,DSL,Electronic Check,2099.87,19002.53,2,Yes,Yes,North,Yes,1,0.773,High
CUST5595,Male,53,5,Two year,Fiber,Electronic Check,2901.92,13410.61,3,No,Yes,North,Yes,1,0.507,Medium
CUST5596,Male,27,15,Month-to-month,DSL,Credit Card,763.11,11365.45,1,Yes,No,South,No,0,0.584,Medium
CUST5597,Female,64,9,Month-to-month,DSL,Bank Transfer,2061.44,17519.62,1,No,No,Central,Yes,1,0.664,High
CUST5598,Female,45,48,Two year,DSL,Electronic Check,2250.71,104617.62,3,Yes,No,North,No,0,0.267,Low
CUST5599,Female,50,39,Two year,Fiber,Credit Card,2859.83,117084.51,1,No,No,North,Yes,1,0.187,Low
CUST5600,Male,26,25,Month-to-month,Fiber,Credit Card,1996.7,46932.61,2,No,No,North,No,0,0.663,High
CUST5601,Female,20,55,Two year,DSL,Electronic Check,1048.53,60253.92,8,No,No,Central,No,0,0.46,Medium
CUST5602,Female,42,38,Month-to-month,DSL,Electronic Check,1724.13,68049.29,3,Yes,No,South,Yes,1,0.72,High
CUST5603,Female,56,1,Month-to-month,No Internet,Credit Card,3360.56,3041.09,1,Yes,No,South,No,0,0.781,High
CUST5604,Male,42,8,One year,DSL,Bank Transfer,594.89,4429.57,2,No,No,East,No,0,0.238,Low
CUST5605,Male,31,16,Two year,DSL,Credit Card,2008.42,31896.76,2,Yes,No,South,No,0,0.259,Low
CUST5606,Female,38,39,Two year,Fiber,Bank Transfer,1100.64,38972.11,2,Yes,Yes,Central,No,0,0.225,Low
CUST5607,Female,56,71,One year,Fiber,Credit Card,1914.35,140777.09,4,Yes,No,Central,Yes,1,0.248,Low
CUST5608,Male,60,13,Month-to-month,DSL,UPI Autopay,1232.74,16653.55,3,Yes,Yes,South,Yes,1,0.698,High
CUST5609,Male,68,65,Month-to-month,DSL,Electronic Check,2977.37,203188.91,4,No,No,South,Yes,1,0.675,High
CUST5610,Male,63,58,Month-to-month,Fiber,Credit Card,1148.8,63106.99,2,No,Yes,South,No,0,0.544,Medium
CUST5611,Female,44,9,Month-to-month,Fiber,UPI Autopay,329.28,2969.67,0,No,Yes,East,No,0,0.552,Medium
CUST5612,Male,24,65,Two year,DSL,Electronic Check,1310.55,78350.82,3,No,No,West,No,0,0.225,Low
CUST5613,Male,39,1,Month-to-month,DSL,Bank Transfer,2714.83,2643.71,2,Yes,No,North,Yes,1,0.739,High
CUST5614,Male,49,51,Month-to-month,Fiber,Electronic Check,3343.4,170705.42,3,No,No,North,No,0,0.731,High
CUST5615,Female,40,59,One year,Fiber,Bank Transfer,412.62,23314.61,4,No,No,Central,No,0,0.257,Low
CUST5616,Male,66,4,One year,DSL,Credit Card,2378.7,8969.37,2,No,Yes,South,No,0,0.322,Low
CUST5617,Male,33,51,Month-to-month,Fiber,Credit Card,2678.84,133658.24,2,No,No,West,No,0,0.613,Medium
CUST5618,Male,37,58,Month-to-month,Fiber,Electronic Check,2388.48,124950.23,1,No,No,North,No,0,0.606,Medium
CUST5619,Male,42,2,Two year,DSL,Electronic Check,2659.2,4849.54,4,Yes,No,North,No,0,0.522,Medium
CUST5620,Male,52,19,One year,No Internet,Bank Transfer,1370.96,24740.05,4,No,No,West,No,0,0.402,Medium
CUST5621,Male,61,35,Month-to-month,Fiber,UPI Autopay,1535.56,48962.17,1,Yes,Yes,North,Yes,1,0.586,Medium
CUST5622,Male,51,23,One year,Fiber,Electronic Check,3215.17,75293.27,4,No,No,Central,No,0,0.564,Medium
CUST5623,Male,47,46,Two year,DSL,Electronic Check,2537.74,121209.4,4,No,Yes,South,No,0,0.312,Low
CUST5624,Female,20,8,One year,Fiber,Credit Card,1234.18,9205.6,4,No,No,West,Yes,1,0.42,Medium
CUST5625,Male,35,30,One year,Fiber,UPI Autopay,372.53,11517.1,2,Yes,Yes,West,No,0,0.256,Low
CUST5626,Male,46,62,One year,Fiber,Bank Transfer,825.74,49126.29,2,No,Yes,North,Yes,1,0.159,Low
CUST5627,Female,46,23,Month-to-month,DSL,Credit Card,2566.05,61214.82,0,No,No,East,No,0,0.531,Medium
CUST5628,Female,20,36,Two year,Fiber,Credit Card,3186.47,113033.26,0,No,No,West,Yes,1,0.189,Low
CUST5629,Male,49,29,One year,DSL,Credit Card,1228.65,34142.48,1,Yes,No,East,No,0,0.187,Low
CUST5630,Female,21,15,Month-to-month,No Internet,Credit Card,308.15,4834.67,2,Yes,Yes,West,Yes,1,0.664,High
CUST5631,Male,47,54,Month-to-month,DSL,UPI Autopay,1671.94,85479.51,2,No,No,North,No,0,0.487,Medium
CUST5632,Female,36,58,Month-to-month,DSL,Credit Card,1755.65,104852.84,2,No,Yes,West,Yes,1,0.479,Medium
CUST5633,Male,64,53,One year,Fiber,UPI Autopay,1817.9,99033.41,2,No,No,North,No,0,0.197,Low
CUST5634,Male,29,70,Month-to-month,DSL,Electronic Check,2710.38,179288.5,1,No,Yes,West,No,0,0.509,Medium
CUST5635,Male,38,2,One year,Fiber,Electronic Check,657.75,1226.36,3,No,Yes,West,No,0,0.478,Medium
CUST5636,Male,54,68,Month-to-month,Fiber,UPI Autopay,412.2,28861.8,1,Yes,No,South,No,0,0.482,Medium
CUST5637,Male,54,37,Month-to-month,Fiber,Credit Card,2428.61,87608.84,1,No,Yes,West,No,0,0.615,Medium
CUST5638,Female,63,18,Two year,Fiber,UPI Autopay,365.84,5988.1,0,No,No,East,No,0,0.171,Low
CUST5639,Male,35,21,One year,Fiber,Bank Transfer,1558.19,32989.28,2,Yes,No,South,No,0,0.308,Low
CUST5640,Male,41,1,Month-to-month,Fiber,UPI Autopay,1166.1,1208.93,0,No,Yes,Central,Yes,1,0.656,Medium
CUST5641,Male,62,66,Two year,DSL,Bank Transfer,3007.56,195979.9,2,No,Yes,East,No,0,0.12,Low
CUST5642,Male,47,41,Month-to-month,DSL,Electronic Check,2025.0,83746.82,1,No,No,North,No,0,0.602,Medium
CUST5643,Male,52,38,One year,Fiber,UPI Autopay,1047.55,37409.93,4,No,Yes,North,No,0,0.288,Low
CUST5644,Male,29,16,Month-to-month,Fiber,Credit Card,1918.99,31213.49,1,Yes,No,Central,Yes,1,0.702,High
CUST5645,Female,55,16,Month-to-month,Fiber,UPI Autopay,1244.55,20238.93,2,Yes,No,East,Yes,1,0.694,High
CUST5646,Female,18,47,One year,Fiber,Electronic Check,1026.4,50549.54,2,Yes,No,South,No,0,0.292,Low
CUST5647,Female,64,17,Two year,Fiber,Electronic Check,2180.79,34670.72,2,Yes,No,West,No,0,0.444,Medium
CUST5648,Male,65,31,One year,DSL,Bank Transfer,1403.04,43509.94,5,Yes,Yes,South,No,0,0.342,Medium
CUST5649,Female,48,14,Two year,Fiber,Electronic Check,2823.43,37403.28,0,Yes,Yes,South,No,0,0.344,Medium
CUST5650,Female,50,30,Month-to-month,No Internet,Credit Card,2991.84,91448.89,1,Yes,No,East,No,0,0.639,Medium
CUST5651,Male,41,41,Two year,No Internet,Credit Card,2861.35,110164.2,1,Yes,No,West,No,0,0.224,Low
CUST5652,Male,63,27,One year,Fiber,Credit Card,3165.8,84956.67,1,No,No,North,No,0,0.267,Low
CUST5653,Female,47,24,One year,Fiber,Electronic Check,979.08,24152.32,1,No,No,West,No,0,0.33,Low
CUST5654,Female,35,14,Two year,Fiber,UPI Autopay,697.65,9952.45,3,No,No,West,No,0,0.313,Low
CUST5655,Male,35,46,Month-to-month,DSL,Bank Transfer,1811.79,78133.42,1,No,No,South,No,0,0.486,Medium
CUST5656,Male,67,69,Month-to-month,DSL,Bank Transfer,1411.91,94632.26,2,Yes,No,South,No,0,0.475,Medium
CUST5657,Male,40,22,Month-to-month,DSL,UPI Autopay,942.24,19917.86,1,Yes,No,North,Yes,1,0.553,Medium
CUST5658,Male,38,16,Month-to-month,Fiber,Credit Card,704.27,10962.41,0,Yes,No,South,No,0,0.599,Medium
CUST5659,Male,54,64,Two year,Fiber,Credit Card,3101.46,205744.33,1,No,No,South,No,0,0.14,Low
CUST5660,Female,55,71,Two year,No Internet,Credit Card,2197.12,148544.0,5,Yes,No,West,No,0,0.264,Low
CUST5661,Female,66,68,One year,No Internet,UPI Autopay,2385.42,147713.46,0,No,No,North,Yes,1,0.113,Low
CUST5662,Female,64,54,Month-to-month,Fiber,Credit Card,3041.15,154661.27,2,No,No,North,No,0,0.573,Medium
CUST5663,Male,47,50,Two year,Fiber,Bank Transfer,781.01,39860.41,1,Yes,Yes,Central,No,0,0.172,Low
CUST5664,Male,20,13,Two year,DSL,Bank Transfer,316.0,4102.81,2,No,No,East,No,0,0.194,Low
CUST5665,Male,39,28,Month-to-month,Fiber,Credit Card,3101.52,78304.18,5,Yes,Yes,East,No,0,0.809,High
CUST5666,Male,29,9,Month-to-month,DSL,Electronic Check,2725.5,24533.59,2,No,No,North,Yes,1,0.775,High
CUST5667,Female,52,63,Two year,Fiber,Bank Transfer,2234.59,134344.76,4,No,No,West,Yes,1,0.242,Low
CUST5668,Male,40,10,Month-to-month,DSL,Credit Card,3366.78,35014.95,0,No,Yes,East,Yes,1,0.614,Medium
CUST5669,Male,28,32,Month-to-month,Fiber,Credit Card,3283.54,103980.87,0,No,No,South,Yes,1,0.593,Medium
CUST5670,Male,37,51,Month-to-month,DSL,Bank Transfer,976.93,45308.37,1,Yes,No,South,No,0,0.474,Medium
CUST5671,Female,62,57,Month-to-month,Fiber,Credit Card,2757.03,147021.11,2,No,No,North,Yes,1,0.555,Medium
CUST5672,Male,41,42,Month-to-month,DSL,UPI Autopay,1362.4,58545.11,1,No,No,West,No,0,0.512,Medium
CUST5673,Male,37,58,Month-to-month,DSL,Bank Transfer,3365.73,204540.97,1,Yes,No,East,No,0,0.452,Medium
CUST5674,Female,51,62,Month-to-month,Fiber,Credit Card,1859.76,108944.52,0,No,No,East,Yes,1,0.424,Medium
CUST5675,Female,57,21,Month-to-month,Fiber,Electronic Check,1288.41,28033.2,3,No,Yes,East,No,0,0.779,High
CUST5676,Male,56,12,Month-to-month,DSL,Electronic Check,2292.4,27978.04,0,Yes,No,North,Yes,1,0.698,High
CUST5677,Male,26,66,Month-to-month,DSL,Bank Transfer,2202.78,143454.58,4,No,No,South,Yes,1,0.552,Medium
CUST5678,Female,56,24,Month-to-month,No Internet,Bank Transfer,2343.51,57609.05,2,Yes,No,West,No,0,0.722,High
CUST5679,Male,53,12,Month-to-month,DSL,Electronic Check,1259.08,14305.19,1,Yes,No,South,Yes,1,0.721,High
CUST5680,Female,19,56,One year,No Internet,Credit Card,2820.8,151372.81,1,No,No,West,No,0,0.172,Low
CUST5681,Female,38,61,Month-to-month,Fiber,Credit Card,2834.09,172833.58,2,No,Yes,West,No,0,0.546,Medium
CUST5682,Female,52,29,Month-to-month,Fiber,Bank Transfer,337.97,9445.41,4,Yes,Yes,West,No,0,0.731,High
CUST5683,Male,65,42,Month-to-month,Fiber,Credit Card,3429.9,137850.64,3,Yes,Yes,Central,No,0,0.728,High
CUST5684,Female,33,28,Month-to-month,DSL,UPI Autopay,603.18,15796.81,4,No,No,East,No,0,0.642,Medium
CUST5685,Male,46,25,One year,Fiber,Electronic Check,455.41,11643.41,3,No,No,West,No,0,0.414,Medium
CUST5686,Female,33,6,One year,Fiber,UPI Autopay,658.72,3613.72,1,No,No,West,No,0,0.273,Low
CUST5687,Female,64,69,Month-to-month,No Internet,Credit Card,2224.27,151182.06,2,No,Yes,North,Yes,1,0.471,Medium
CUST5688,Female,20,69,Two year,Fiber,Bank Transfer,740.75,53190.52,4,No,No,West,No,0,0.206,Low
CUST5689,Male,55,34,Month-to-month,Fiber,Credit Card,1633.02,56696.18,2,Yes,No,South,No,0,0.666,High
CUST5690,Female,25,51,One year,Fiber,Electronic Check,1985.44,105476.58,2,Yes,No,East,No,0,0.282,Low
CUST5691,Female,21,25,One year,Fiber,Bank Transfer,2519.22,61970.15,2,No,No,Central,Yes,1,0.31,Low
CUST5692,Male,24,41,Month-to-month,Fiber,Credit Card,1776.68,67063.09,1,Yes,No,East,No,0,0.573,Medium
CUST5693,Female,31,62,Month-to-month,Fiber,UPI Autopay,3215.52,207028.81,2,Yes,No,South,No,0,0.549,Medium
CUST5694,Male,61,18,Two year,Fiber,Bank Transfer,2008.82,36314.01,1,No,No,Central,No,0,0.278,Low
CUST5695,Male,22,5,Two year,Fiber,UPI Autopay,574.77,2949.58,2,Yes,Yes,North,No,0,0.266,Low
CUST5696,Female,40,23,Month-to-month,Fiber,Electronic Check,2477.9,57089.67,4,Yes,No,East,Yes,1,0.845,High
CUST5697,Female,34,58,Two year,Fiber,UPI Autopay,2006.51,115002.47,4,No,No,West,No,0,0.247,Low
CUST5698,Female,66,45,Month-to-month,DSL,UPI Autopay,2472.71,110392.03,3,No,Yes,North,No,0,0.57,Medium
CUST5699,Male,39,45,One year,Fiber,Bank Transfer,2236.12,97198.36,2,No,No,West,No,0,0.248,Low
CUST5700,Female,34,57,Two year,No Internet,Electronic Check,1535.42,86051.06,0,No,Yes,East,Yes,1,0.154,Low
CUST5701,Female,64,30,Month-to-month,Fiber,Electronic Check,471.02,14819.93,3,Yes,No,East,No,0,0.766,High
CUST5702,Male,41,12,Month-to-month,Fiber,Bank Transfer,2883.32,31573.41,2,No,No,North,Yes,1,0.744,High
CUST5703,Male,34,38,Two year,DSL,UPI Autopay,2733.24,101594.46,2,Yes,No,Central,No,0,0.222,Low
CUST5704,Male,40,36,Month-to-month,No Internet,UPI Autopay,2605.05,90349.5,3,Yes,No,Central,No,0,0.73,High
CUST5705,Male,35,58,Month-to-month,DSL,UPI Autopay,2656.97,158064.72,3,No,No,West,No,0,0.561,Medium
CUST5706,Female,62,16,Two year,Fiber,Credit Card,1284.78,21482.9,0,No,No,North,No,0,0.192,Low
CUST5707,Female,67,32,Month-to-month,Fiber,Credit Card,2466.19,82013.85,3,Yes,Yes,North,Yes,1,0.701,High
CUST5708,Female,40,1,Month-to-month,Fiber,Credit Card,1621.48,1499.73,2,No,No,West,Yes,1,0.759,High
CUST5709,Female,36,25,Month-to-month,DSL,Electronic Check,2722.37,70910.34,3,Yes,No,Central,No,0,0.795,High
CUST5710,Male,60,35,One year,Fiber,Credit Card,519.34,17405.54,2,No,Yes,Central,No,0,0.243,Low
CUST5711,Male,22,25,One year,DSL,UPI Autopay,3099.78,80073.99,2,No,No,Central,No,0,0.276,Low
CUST5712,Female,35,53,Month-to-month,No Internet,UPI Autopay,2223.27,123010.95,1,Yes,No,South,No,0,0.526,Medium
CUST5713,Male,66,40,Month-to-month,Fiber,Credit Card,2157.87,89937.41,5,Yes,Yes,South,No,0,0.768,High
CUST5714,Female,37,56,Two year,Fiber,Electronic Check,450.54,25673.8,2,Yes,No,East,No,0,0.237,Low
CUST5715,Male,60,39,One year,Fiber,UPI Autopay,2433.81,85761.31,3,No,Yes,South,No,0,0.293,Low
CUST5716,Male,36,12,One year,Fiber,Credit Card,768.48,8360.92,0,Yes,Yes,North,No,0,0.209,Low
CUST5717,Female,25,6,Month-to-month,Fiber,UPI Autopay,592.9,3359.48,3,Yes,Yes,South,Yes,1,0.73,High
CUST5718,Male,40,1,One year,No Internet,UPI Autopay,3284.31,3023.74,2,Yes,Yes,East,Yes,1,0.423,Medium
CUST5719,Male,64,34,Month-to-month,Fiber,Bank Transfer,577.62,19430.35,0,No,No,Central,No,0,0.552,Medium
CUST5720,Male,37,66,Month-to-month,Fiber,UPI Autopay,1613.17,104287.73,4,No,No,South,No,0,0.618,Medium
CUST5721,Male,53,35,Two year,DSL,Electronic Check,493.07,16177.85,1,No,No,West,No,0,0.225,Low
CUST5722,Female,58,21,Month-to-month,Fiber,Electronic Check,2439.81,47751.05,1,No,No,East,Yes,1,0.748,High
CUST5723,Male,60,62,Month-to-month,DSL,Bank Transfer,730.63,46035.57,1,Yes,No,East,Yes,1,0.427,Medium
CUST5724,Male,31,34,Two year,Fiber,Credit Card,2961.7,103673.3,0,No,Yes,East,No,0,0.17,Low
CUST5725,Male,69,32,One year,DSL,Credit Card,610.16,18627.78,2,No,No,North,No,0,0.191,Low
CUST5726,Male,29,53,Month-to-month,No Internet,UPI Autopay,1924.11,93573.57,2,Yes,No,West,No,0,0.606,Medium
CUST5727,Male,54,24,Month-to-month,No Internet,UPI Autopay,2255.17,49539.66,2,No,No,South,No,0,0.696,High
CUST5728,Male,51,42,Month-to-month,Fiber,Credit Card,2546.45,111391.12,2,No,No,South,Yes,1,0.633,Medium
CUST5729,Female,19,64,One year,Fiber,Bank Transfer,709.57,41006.35,2,No,No,East,Yes,1,0.155,Low
CUST5730,Female,33,2,Month-to-month,Fiber,UPI Autopay,2938.17,5957.36,0,Yes,Yes,East,No,0,0.699,High
CUST5731,Female,44,42,Month-to-month,Fiber,Electronic Check,2091.67,82291.41,1,Yes,No,West,Yes,1,0.708,High
CUST5732,Female,69,19,Two year,Fiber,Electronic Check,617.28,12000.1,3,Yes,No,East,Yes,1,0.397,Medium
CUST5733,Female,66,65,Month-to-month,Fiber,Bank Transfer,982.84,58280.38,0,Yes,No,South,No,0,0.445,Medium
CUST5734,Female,59,30,Month-to-month,DSL,Bank Transfer,1874.1,51855.47,2,No,No,Central,Yes,1,0.624,Medium
CUST5735,Female,32,53,Month-to-month,Fiber,Bank Transfer,3018.49,163964.96,2,No,No,West,No,0,0.594,Medium
CUST5736,Female,65,1,Month-to-month,Fiber,Electronic Check,2155.78,2222.07,3,No,Yes,Central,No,0,0.868,High
CUST5737,Female,55,61,Month-to-month,DSL,Electronic Check,3326.97,211144.71,4,Yes,No,East,Yes,1,0.687,High
CUST5738,Female,66,46,Month-to-month,No Internet,UPI Autopay,1390.67,57855.31,3,Yes,No,West,No,0,0.675,High
CUST5739,Female,67,7,Month-to-month,DSL,Credit Card,1857.19,11882.42,3,No,No,Central,Yes,1,0.747,High
CUST5740,Male,48,54,One year,No Internet,Credit Card,1773.85,88818.93,1,No,No,North,No,0,0.16,Low
CUST5741,Male,62,17,One year,Fiber,UPI Autopay,2189.78,33696.28,2,No,No,South,No,0,0.337,Medium
CUST5742,Female,39,43,Month-to-month,Fiber,Credit Card,1923.25,78212.61,2,No,Yes,East,Yes,1,0.58,Medium
CUST5743,Female,25,29,Month-to-month,Fiber,Credit Card,1105.09,33372.93,2,No,No,East,Yes,1,0.617,Medium
CUST5744,Male,60,71,Month-to-month,No Internet,Credit Card,797.19,56742.41,1,No,No,Central,Yes,1,0.472,Medium
CUST5745,Female,46,50,One year,DSL,Credit Card,1694.99,77786.62,2,No,No,East,No,0,0.16,Low
CUST5746,Female,66,24,One year,Fiber,Electronic Check,355.22,7923.71,0,No,No,South,No,0,0.262,Low
CUST5747,Female,31,39,Two year,DSL,UPI Autopay,1725.09,63297.94,0,No,Yes,West,No,0,0.125,Low
CUST5748,Male,21,56,Month-to-month,Fiber,Credit Card,2499.35,143977.33,1,Yes,No,South,Yes,1,0.528,Medium
CUST5749,Female,58,27,One year,Fiber,UPI Autopay,3424.05,94066.7,2,Yes,No,West,Yes,1,0.356,Medium
CUST5750,Female,62,71,Month-to-month,DSL,Credit Card,2551.64,166418.66,2,Yes,No,Central,No,0,0.488,Medium
CUST5751,Male,50,59,One year,No Internet,UPI Autopay,2214.81,129008.01,1,No,No,Central,No,0,0.173,Low
CUST5752,Male,27,46,One year,DSL,Electronic Check,676.89,30682.94,1,Yes,No,North,No,0,0.201,Low
CUST5753,Male,34,53,Month-to-month,DSL,Credit Card,1432.15,72633.02,0,Yes,Yes,East,No,0,0.394,Medium
CUST5754,Male,27,8,Two year,DSL,UPI Autopay,3405.69,26264.92,2,Yes,No,West,No,0,0.354,Medium
CUST5755,Male,65,48,One year,DSL,Electronic Check,3000.8,149194.29,4,Yes,No,South,Yes,1,0.374,Medium
CUST5756,Male,23,43,Month-to-month,Fiber,Electronic Check,606.56,25896.7,4,No,No,South,No,0,0.763,High
CUST5757,Female,36,13,Two year,DSL,Bank Transfer,2187.55,28808.63,3,No,No,Central,No,0,0.312,Low
CUST5758,Female,18,55,Two year,Fiber,Electronic Check,2358.38,132796.47,1,No,Yes,West,No,0,0.214,Low
CUST5759,Male,48,55,Month-to-month,Fiber,UPI Autopay,3333.38,165366.32,5,Yes,No,East,No,0,0.736,High
CUST5760,Female,27,26,One year,Fiber,Electronic Check,1497.47,36010.22,0,Yes,No,North,No,0,0.273,Low
CUST5761,Male,26,15,Month-to-month,Fiber,UPI Autopay,2289.03,33947.78,0,No,No,North,Yes,1,0.617,Medium
CUST5762,Female,69,44,Two year,Fiber,Electronic Check,2474.39,103815.35,2,Yes,Yes,North,No,0,0.296,Low
CUST5763,Female,29,8,One year,Fiber,Bank Transfer,1368.26,10048.19,1,No,Yes,Central,No,0,0.282,Low
CUST5764,Female,30,58,Month-to-month,DSL,UPI Autopay,2562.92,152413.32,0,Yes,No,East,Yes,1,0.385,Medium
CUST5765,Female,63,39,Two year,DSL,UPI Autopay,3462.33,129096.76,3,Yes,No,South,No,0,0.255,Low
CUST5766,Male,20,67,Month-to-month,No Internet,Electronic Check,2104.24,133374.62,1,Yes,No,Central,Yes,1,0.607,Medium
CUST5767,Female,49,71,Two year,Fiber,Credit Card,1906.2,133007.77,2,Yes,No,East,No,0,0.147,Low
CUST5768,Female,66,33,Month-to-month,Fiber,UPI Autopay,1007.04,30326.57,2,No,No,East,Yes,1,0.62,Medium
CUST5769,Female,57,60,Month-to-month,DSL,UPI Autopay,638.71,36970.3,1,Yes,No,West,Yes,1,0.456,Medium
CUST5770,Male,63,53,One year,Fiber,Bank Transfer,743.3,36439.74,3,No,No,East,No,0,0.226,Low
CUST5771,Female,42,32,Month-to-month,No Internet,Credit Card,3147.89,94343.88,3,Yes,Yes,South,No,0,0.722,High
CUST5772,Female,26,41,Month-to-month,Fiber,Credit Card,579.07,24880.34,1,No,No,North,Yes,1,0.509,Medium
CUST5773,Female,35,49,Month-to-month,DSL,Credit Card,1633.28,75506.7,2,Yes,No,West,Yes,1,0.551,Medium
CUST5774,Male,68,66,One year,DSL,UPI Autopay,2366.9,144256.62,3,No,No,East,No,0,0.167,Low
CUST5775,Male,49,44,Two year,No Internet,Electronic Check,750.93,32777.72,1,Yes,No,South,No,0,0.248,Low
CUST5776,Female,30,18,Month-to-month,No Internet,Bank Transfer,932.51,16559.24,1,No,No,East,No,0,0.597,Medium
CUST5777,Female,38,35,Two year,Fiber,Bank Transfer,546.48,18967.04,8,No,Yes,Central,No,0,0.47,Medium
CUST5778,Male,22,42,Month-to-month,No Internet,Credit Card,1871.51,75621.47,5,Yes,No,Central,No,0,0.767,High
CUST5779,Male,66,29,One year,No Internet,Bank Transfer,2323.04,70422.71,4,No,Yes,North,No,0,0.345,Medium
CUST5780,Female,47,15,One year,Fiber,UPI Autopay,2212.46,33796.84,0,Yes,No,North,No,0,0.246,Low
CUST5781,Male,50,65,Two year,Fiber,UPI Autopay,1187.29,80565.16,2,No,No,Central,No,0,0.169,Low
CUST5782,Male,29,9,Two year,Fiber,UPI Autopay,2724.98,22845.71,3,Yes,No,South,Yes,1,0.414,Medium
CUST5783,Male,53,16,Month-to-month,Fiber,Credit Card,447.41,6706.87,2,No,No,West,Yes,1,0.689,High
CUST5784,Male,55,26,One year,Fiber,Bank Transfer,1267.34,32773.55,1,No,Yes,Central,No,0,0.243,Low
CUST5785,Female,42,53,One year,Fiber,Bank Transfer,2259.96,113946.2,1,No,No,North,No,0,0.163,Low
CUST5786,Male,66,64,Month-to-month,Fiber,Credit Card,1228.07,78916.05,1,Yes,No,East,No,0,0.493,Medium
CUST5787,Female,22,27,Two year,Fiber,Bank Transfer,593.12,14833.94,3,Yes,No,West,No,0,0.287,Low
CUST5788,Male,26,44,Month-to-month,Fiber,Credit Card,3311.62,133791.78,2,Yes,No,North,No,0,0.638,Medium
CUST5789,Male,34,11,One year,Fiber,Bank Transfer,1044.02,10979.51,0,No,No,East,No,0,0.218,Low
CUST5790,Male,35,44,One year,DSL,UPI Autopay,2974.86,129268.72,1,Yes,Yes,West,No,0,0.183,Low
CUST5791,Female,30,66,Month-to-month,Fiber,Credit Card,3028.55,201757.26,3,No,No,West,Yes,1,0.583,Medium
CUST5792,Female,23,40,Month-to-month,No Internet,Credit Card,1775.57,69849.06,2,Yes,No,North,No,0,0.6,Medium
CUST5793,Male,62,9,Month-to-month,Fiber,Bank Transfer,2390.56,22564.46,1,No,No,East,Yes,1,0.709,High
CUST5794,Female,36,47,One year,DSL,Credit Card,3207.12,140979.05,2,No,No,South,Yes,1,0.189,Low
CUST5795,Male,39,10,One year,DSL,Bank Transfer,1050.68,9898.67,2,Yes,No,West,No,0,0.289,Low
CUST5796,Male,49,14,Two year,No Internet,Electronic Check,3148.92,41806.76,6,Yes,Yes,Central,Yes,1,0.671,High
CUST5797,Female,40,54,Two year,Fiber,UPI Autopay,3083.53,157997.02,6,Yes,Yes,Central,Yes,1,0.37,Medium
CUST5798,Male,21,31,Month-to-month,Fiber,UPI Autopay,310.76,8919.61,1,No,No,East,No,0,0.548,Medium
CUST5799,Male,50,68,Two year,Fiber,Credit Card,2493.78,159305.24,1,Yes,No,East,No,0,0.137,Low
CUST5800,Male,50,13,Month-to-month,DSL,UPI Autopay,700.95,9213.13,3,Yes,No,South,No,0,0.689,High
CUST5801,Male,19,6,Month-to-month,DSL,UPI Autopay,980.83,5321.69,1,No,No,West,Yes,1,0.619,Medium
CUST5802,Male,31,10,Two year,DSL,Bank Transfer,1382.06,12461.77,4,No,No,North,Yes,1,0.308,Low
CUST5803,Male,37,63,Month-to-month,Fiber,Credit Card,895.47,56755.21,4,No,No,West,Yes,1,0.642,Medium
CUST5804,Female,24,49,Month-to-month,Fiber,Bank Transfer,2879.11,144829.5,3,No,No,West,No,0,0.654,Medium
CUST5805,Female,23,70,Month-to-month,Fiber,Bank Transfer,1084.23,79363.69,0,No,No,North,No,0,0.366,Medium
CUST5806,Male,26,60,One year,Fiber,UPI Autopay,2329.18,144964.32,2,No,Yes,Central,No,0,0.187,Low
CUST5807,Male,21,46,Month-to-month,DSL,Electronic Check,2982.33,127738.09,2,No,Yes,West,Yes,1,0.665,High
CUST5808,Male,27,3,One year,DSL,UPI Autopay,367.15,1146.51,2,No,Yes,East,No,0,0.227,Low
CUST5809,Female,66,44,Month-to-month,No Internet,Credit Card,584.17,25285.0,1,Yes,No,West,Yes,1,0.571,Medium
CUST5810,Female,53,7,Month-to-month,Fiber,Electronic Check,2997.01,21405.81,1,No,No,East,Yes,1,0.805,High
CUST5811,Female,68,27,Month-to-month,Fiber,Bank Transfer,940.43,26037.27,1,Yes,Yes,West,Yes,1,0.628,Medium
CUST5812,Female,19,10,Month-to-month,No Internet,UPI Autopay,1181.87,12041.99,0,Yes,No,West,No,0,0.631,Medium
CUST5813,Female,62,17,One year,Fiber,Credit Card,3316.42,55387.8,1,Yes,No,South,Yes,1,0.337,Medium
CUST5814,Female,27,58,Month-to-month,Fiber,Bank Transfer,1516.59,79268.26,1,No,No,West,No,0,0.511,Medium
CUST5815,Female,36,65,Month-to-month,DSL,Bank Transfer,953.38,59854.27,2,Yes,No,South,Yes,1,0.463,Medium
CUST5816,Female,37,29,Month-to-month,DSL,Credit Card,2276.68,67109.29,3,No,Yes,West,Yes,1,0.657,Medium
CUST5817,Male,31,58,Month-to-month,DSL,Bank Transfer,1784.69,100146.01,3,No,Yes,Central,No,0,0.542,Medium
CUST5818,Male,38,9,Month-to-month,DSL,Electronic Check,2882.47,27152.89,1,Yes,No,North,Yes,1,0.761,High
CUST5819,Male,53,14,One year,No Internet,UPI Autopay,3143.87,45298.8,4,No,No,East,No,0,0.453,Medium
CUST5820,Male,48,43,One year,No Internet,Bank Transfer,1483.18,60381.32,2,No,No,East,No,0,0.216,Low
CUST5821,Female,69,9,Two year,Fiber,Credit Card,3401.85,32066.84,1,No,No,North,No,0,0.318,Low
CUST5822,Female,61,14,Month-to-month,Fiber,UPI Autopay,1181.27,15765.14,3,Yes,No,Central,Yes,1,0.768,High
CUST5823,Female,61,33,Two year,Fiber,Credit Card,795.43,26613.72,2,No,Yes,East,No,0,0.201,Low
CUST5824,Male,45,39,Month-to-month,DSL,Bank Transfer,3289.97,119552.73,1,Yes,No,Central,No,0,0.597,Medium
CUST5825,Female,35,30,One year,Fiber,Electronic Check,2131.14,64205.41,1,No,Yes,Central,No,0,0.325,Low
CUST5826,Male,35,18,Month-to-month,Fiber,Credit Card,483.74,8896.7,1,No,No,Central,No,0,0.634,Medium
CUST5827,Female,65,45,Month-to-month,Fiber,Credit Card,1246.94,58241.27,0,Yes,No,North,No,0,0.496,Medium
CUST5828,Male,62,54,Month-to-month,No Internet,Credit Card,764.96,38416.84,3,No,No,North,No,0,0.59,Medium
CUST5829,Male,22,50,One year,Fiber,UPI Autopay,1661.13,75587.71,2,Yes,Yes,South,No,0,0.211,Low
CUST5830,Male,66,69,Month-to-month,DSL,Credit Card,1388.04,92121.32,1,No,No,West,Yes,1,0.426,Medium
CUST5831,Male,19,46,Two year,Fiber,Bank Transfer,2284.02,100327.59,4,Yes,Yes,West,No,0,0.3,Low
CUST5832,Male,39,68,One year,Fiber,Electronic Check,1729.93,112727.3,3,Yes,No,South,No,0,0.294,Low
CUST5833,Male,56,26,Month-to-month,DSL,Bank Transfer,712.43,18130.7,1,No,No,Central,No,0,0.562,Medium
CUST5834,Female,37,32,One year,No Internet,Electronic Check,2112.39,70435.86,2,Yes,Yes,North,No,0,0.334,Medium
CUST5835,Male,49,57,One year,Fiber,Electronic Check,630.98,35734.38,2,Yes,Yes,North,Yes,1,0.253,Low
CUST5836,Male,41,19,Two year,Fiber,UPI Autopay,2872.17,50266.02,2,No,No,Central,No,0,0.338,Medium
CUST5837,Male,53,16,Two year,DSL,Bank Transfer,910.88,13152.79,1,No,No,East,No,0,0.181,Low
CUST5838,Male,68,41,Month-to-month,Fiber,Bank Transfer,3255.75,134878.36,4,Yes,No,East,Yes,1,0.748,High
CUST5839,Female,23,30,One year,DSL,UPI Autopay,1607.19,45149.42,1,Yes,No,North,No,0,0.176,Low
CUST5840,Female,67,29,One year,DSL,UPI Autopay,2490.78,65587.37,2,Yes,No,West,No,0,0.274,Low
CUST5841,Male,31,40,Two year,DSL,Electronic Check,1709.53,69980.25,8,Yes,No,Central,No,0,0.563,Medium
CUST5842,Female,56,30,Two year,No Internet,Bank Transfer,2306.92,69614.7,0,Yes,Yes,West,No,0,0.2,Low
CUST5843,Male,22,14,Month-to-month,DSL,Credit Card,2449.63,31499.94,1,No,No,North,No,0,0.612,Medium
CUST5844,Female,23,49,Two year,Fiber,UPI Autopay,934.01,46580.81,3,Yes,No,East,No,0,0.211,Low
CUST5845,Female,62,13,Two year,Fiber,Electronic Check,1534.16,18990.31,2,No,No,South,No,0,0.395,Medium
CUST5846,Female,46,7,Month-to-month,DSL,Bank Transfer,3293.77,23317.53,2,No,No,East,Yes,1,0.721,High
CUST5847,Male,62,63,Two year,No Internet,Bank Transfer,685.1,39530.23,2,Yes,No,West,No,0,0.184,Low
CUST5848,Male,63,20,Two year,Fiber,Electronic Check,2960.25,53730.37,4,No,Yes,West,Yes,1,0.536,Medium
CUST5849,Female,66,40,One year,DSL,Electronic Check,964.37,40244.28,0,No,No,North,No,0,0.178,Low
CUST5850,Female,19,52,Two year,DSL,Credit Card,534.72,27957.02,3,No,Yes,East,No,0,0.143,Low
CUST5851,Male,66,58,One year,Fiber,Bank Transfer,488.9,27550.47,3,No,No,North,No,0,0.209,Low
CUST5852,Female,39,57,Month-to-month,Fiber,UPI Autopay,3487.61,189777.25,1,No,No,South,Yes,1,0.522,Medium
CUST5853,Male,58,30,Two year,DSL,Credit Card,3337.65,95727.95,0,Yes,No,South,No,0,0.186,Low
CUST5854,Male,58,19,One year,DSL,UPI Autopay,2507.62,49220.34,3,Yes,No,West,No,0,0.356,Medium
CUST5855,Female,47,38,Month-to-month,DSL,Electronic Check,2473.34,98403.91,1,No,No,East,No,0,0.618,Medium
CUST5856,Male,54,65,Month-to-month,Fiber,Electronic Check,1260.47,74771.95,2,Yes,Yes,West,No,0,0.663,High
CUST5857,Female,67,20,Month-to-month,DSL,Electronic Check,1650.23,32547.7,3,No,No,Central,No,0,0.783,High
CUST5858,Male,38,5,Month-to-month,DSL,Credit Card,1497.48,6960.15,6,Yes,No,Central,No,0,0.848,High
CUST5859,Female,63,14,Month-to-month,Fiber,Bank Transfer,3282.6,41956.23,3,Yes,Yes,South,No,0,0.801,High
CUST5860,Male,57,35,Month-to-month,Fiber,Electronic Check,2376.11,87268.6,4,No,No,South,No,0,0.819,High
CUST5861,Female,57,45,Two year,Fiber,Credit Card,3306.96,146648.09,1,No,Yes,North,No,0,0.172,Low
CUST5862,Female,42,5,Month-to-month,No Internet,Electronic Check,1555.34,7387.43,1,Yes,No,West,Yes,1,0.797,High
CUST5863,Female,60,31,Month-to-month,Fiber,Bank Transfer,553.44,17178.02,3,No,No,West,Yes,1,0.688,High
CUST5864,Male,45,59,Month-to-month,Fiber,UPI Autopay,2674.76,142974.84,2,Yes,Yes,West,Yes,1,0.594,Medium
CUST5865,Female,57,11,Month-to-month,Fiber,Credit Card,1586.05,18024.52,4,No,Yes,South,Yes,1,0.781,High
CUST5866,Female,25,39,One year,DSL,Electronic Check,1687.6,63899.02,2,Yes,No,North,No,0,0.262,Low
CUST5867,Male,60,27,Month-to-month,Fiber,UPI Autopay,368.27,9530.45,4,No,No,West,No,0,0.743,High
CUST5868,Female,31,39,Month-to-month,Fiber,Credit Card,3285.31,134096.97,2,Yes,No,West,Yes,1,0.679,High
CUST5869,Male,24,54,Two year,Fiber,Bank Transfer,2204.17,121587.06,1,Yes,Yes,North,No,0,0.146,Low
CUST5870,Female,35,13,Month-to-month,DSL,UPI Autopay,2270.97,27383.85,2,No,No,Central,No,0,0.689,High
CUST5871,Female,26,13,Month-to-month,Fiber,Bank Transfer,2836.15,33462.92,3,Yes,No,South,Yes,1,0.791,High
CUST5872,Male,38,44,Two year,DSL,UPI Autopay,782.02,31133.29,1,Yes,No,South,No,0,0.142,Low
CUST5873,Male,20,47,Month-to-month,Fiber,Electronic Check,1596.29,76080.76,5,Yes,No,South,Yes,1,0.812,High
CUST5874,Female,42,11,One year,No Internet,UPI Autopay,1332.29,14302.52,2,No,Yes,West,No,0,0.309,Low
CUST5875,Female,18,22,Month-to-month,DSL,UPI Autopay,3456.4,74870.82,3,No,No,West,Yes,1,0.723,High
CUST5876,Female,58,61,Month-to-month,Fiber,Credit Card,3290.93,196533.34,0,No,No,West,No,0,0.476,Medium
CUST5877,Female,63,7,One year,No Internet,UPI Autopay,1938.9,12733.12,1,Yes,No,Central,Yes,1,0.342,Medium
CUST5878,Female,21,28,Month-to-month,Fiber,Electronic Check,522.08,13258.96,0,No,No,East,Yes,1,0.613,Medium
CUST5879,Female,67,38,Two year,DSL,Electronic Check,2261.12,83714.03,2,Yes,No,North,No,0,0.269,Low
CUST5880,Male,66,33,Two year,Fiber,Electronic Check,2755.66,83362.19,2,Yes,No,Central,No,0,0.408,Medium
CUST5881,Female,20,28,One year,No Internet,Bank Transfer,3450.49,92713.45,3,No,Yes,North,No,0,0.311,Low
CUST5882,Male,49,24,Month-to-month,Fiber,UPI Autopay,2098.51,51664.69,4,No,Yes,Central,No,0,0.777,High
CUST5883,Male,66,12,Month-to-month,Fiber,UPI Autopay,2409.28,30302.77,0,No,No,West,No,0,0.686,High
CUST5884,Female,32,31,Month-to-month,Fiber,Electronic Check,3289.66,96870.84,3,Yes,Yes,Central,No,0,0.822,High
CUST5885,Male,44,11,Two year,No Internet,Credit Card,2226.37,24372.19,2,Yes,No,Central,Yes,1,0.358,Medium
CUST5886,Female,36,69,Month-to-month,Fiber,Electronic Check,1169.35,83292.56,1,Yes,No,West,No,0,0.593,Medium
CUST5887,Female,20,33,Month-to-month,Fiber,Bank Transfer,735.98,22788.16,3,No,No,East,No,0,0.641,Medium
CUST5888,Male,66,10,Two year,Fiber,Credit Card,2826.47,26122.82,1,No,No,South,No,0,0.319,Low
CUST5889,Male,64,47,Month-to-month,Fiber,Electronic Check,2502.92,110044.95,1,Yes,No,Central,No,0,0.714,High
CUST5890,Male,31,38,Two year,Fiber,Credit Card,3072.47,106082.11,4,Yes,No,East,No,0,0.337,Medium
CUST5891,Female,45,47,Two year,Fiber,Bank Transfer,3062.03,139631.9,2,Yes,Yes,Central,No,0,0.232,Low
CUST5892,Female,33,12,Month-to-month,DSL,Credit Card,1864.43,21843.49,3,No,No,North,No,0,0.684,High
CUST5893,Male,23,52,Month-to-month,Fiber,UPI Autopay,1918.91,97846.85,4,Yes,Yes,West,No,0,0.689,High
CUST5894,Female,39,49,Two year,DSL,Bank Transfer,521.18,25428.24,1,No,No,West,No,0,0.127,Low
CUST5895,Female,57,33,One year,DSL,Bank Transfer,1620.86,49339.81,3,Yes,Yes,South,No,0,0.249,Low
CUST5896,Male,60,18,Month-to-month,DSL,Electronic Check,2944.42,52916.96,3,No,Yes,Central,No,0,0.813,High
CUST5897,Male,60,31,One year,Fiber,Bank Transfer,1849.4,55950.24,1,No,No,West,No,0,0.253,Low
CUST5898,Female,37,55,Month-to-month,Fiber,Electronic Check,567.17,29072.74,2,Yes,No,South,No,0,0.664,High
CUST5899,Female,48,35,One year,Fiber,UPI Autopay,1603.13,55038.69,2,No,No,East,No,0,0.236,Low
CUST5900,Female,18,23,Two year,No Internet,Electronic Check,1922.92,39989.43,0,Yes,No,South,No,0,0.278,Low
CUST5901,Female,47,53,Month-to-month,Fiber,Electronic Check,3371.68,181603.45,2,Yes,No,Central,No,0,0.723,High
CUST5902,Male,39,30,Month-to-month,DSL,Credit Card,1530.63,43396.09,2,No,Yes,Central,Yes,1,0.6,Medium
CUST5903,Male,50,28,Month-to-month,Fiber,Bank Transfer,2960.16,76137.42,0,Yes,Yes,Central,Yes,1,0.642,Medium
CUST5904,Male,67,10,One year,Fiber,UPI Autopay,1391.33,12844.02,5,No,No,West,Yes,1,0.499,Medium
CUST5905,Male,50,15,Month-to-month,DSL,UPI Autopay,1757.61,23771.53,3,Yes,Yes,West,No,0,0.724,High
CUST5906,Male,65,45,Month-to-month,DSL,Credit Card,3147.47,145195.16,3,Yes,No,North,Yes,1,0.622,Medium
CUST5907,Female,32,67,Month-to-month,DSL,UPI Autopay,467.32,31787.2,7,Yes,Yes,East,Yes,1,0.665,High
CUST5908,Male,52,58,Month-to-month,Fiber,Credit Card,3191.25,193818.23,4,Yes,Yes,East,Yes,1,0.655,Medium
CUST5909,Female,19,49,Month-to-month,No Internet,Credit Card,2727.42,133804.06,2,No,No,North,Yes,1,0.558,Medium
CUST5910,Male,46,10,Month-to-month,Fiber,Credit Card,2107.85,19550.38,2,Yes,No,East,No,0,0.747,High
CUST5911,Female,49,44,Month-to-month,DSL,UPI Autopay,377.61,16031.92,2,Yes,No,Central,Yes,1,0.551,Medium
CUST5912,Female,51,20,Two year,DSL,Electronic Check,768.34,15864.89,4,Yes,Yes,South,Yes,1,0.374,Medium
CUST5913,Male,60,30,One year,DSL,Credit Card,3366.55,96042.32,3,No,No,South,No,0,0.304,Low
CUST5914,Female,37,30,Month-to-month,Fiber,Credit Card,414.31,11207.02,0,Yes,No,North,No,0,0.516,Medium
CUST5915,Female,56,22,Month-to-month,DSL,Electronic Check,2948.73,65974.48,2,Yes,Yes,West,Yes,1,0.772,High
CUST5916,Male,59,53,One year,Fiber,Credit Card,1058.71,54673.93,0,No,No,North,No,0,0.136,Low
CUST5917,Male,51,32,Month-to-month,DSL,Electronic Check,2108.2,66366.92,0,No,No,East,Yes,1,0.601,Medium
CUST5918,Female,27,13,One year,DSL,Credit Card,903.39,10730.15,0,No,No,Central,No,0,0.183,Low
CUST5919,Male,57,58,Month-to-month,No Internet,Bank Transfer,2701.31,158643.04,2,No,Yes,West,No,0,0.568,Medium
CUST5920,Male,38,61,One year,DSL,Credit Card,3486.52,200220.3,2,No,Yes,North,No,0,0.141,Low
CUST5921,Male,39,27,Month-to-month,Fiber,Electronic Check,3184.55,86477.42,1,No,Yes,Central,No,0,0.76,High
CUST5922,Male,50,58,Two year,No Internet,Bank Transfer,3468.86,206624.92,3,Yes,No,West,No,0,0.241,Low
CUST5923,Female,27,57,Month-to-month,No Internet,Bank Transfer,1144.76,63025.91,2,No,Yes,West,No,0,0.534,Medium
CUST5924,Male,67,43,Month-to-month,Fiber,Credit Card,3066.61,125236.29,1,No,Yes,North,No,0,0.572,Medium
CUST5925,Male,49,38,One year,Fiber,UPI Autopay,3238.91,112633.94,6,Yes,No,West,No,0,0.505,Medium
CUST5926,Male,69,42,One year,No Internet,UPI Autopay,1998.48,81855.58,1,Yes,No,West,No,0,0.234,Low
CUST5927,Male,18,61,Month-to-month,DSL,Bank Transfer,1715.76,99870.79,4,No,No,South,No,0,0.567,Medium
CUST5928,Female,21,69,Month-to-month,DSL,Electronic Check,1747.75,117473.43,1,No,No,South,Yes,1,0.486,Medium
CUST5929,Male,23,70,Two year,Fiber,UPI Autopay,765.1,52343.26,1,Yes,Yes,North,No,0,0.114,Low
CUST5930,Female,42,12,Two year,No Internet,Electronic Check,2310.3,25844.63,2,No,Yes,North,No,0,0.38,Medium
CUST5931,Male,50,28,Month-to-month,DSL,Electronic Check,2047.88,55810.46,2,No,No,West,No,0,0.733,High
CUST5932,Female,47,68,Two year,DSL,Bank Transfer,1916.45,124875.1,3,No,No,South,No,0,0.142,Low
CUST5933,Male,51,51,Month-to-month,No Internet,UPI Autopay,2944.76,143133.12,2,Yes,No,Central,Yes,1,0.639,Medium
CUST5934,Female,18,47,Month-to-month,Fiber,Bank Transfer,1918.66,86195.99,4,No,No,North,Yes,1,0.658,Medium
CUST5935,Female,30,42,One year,DSL,UPI Autopay,1666.72,69679.17,2,No,No,West,No,0,0.191,Low
CUST5936,Male,37,13,Month-to-month,DSL,UPI Autopay,454.9,5466.16,1,Yes,Yes,South,No,0,0.568,Medium
CUST5937,Male,40,18,Month-to-month,DSL,Electronic Check,2332.11,39983.74,0,No,No,Central,No,0,0.691,High
CUST5938,Male,19,64,Month-to-month,Fiber,Electronic Check,3221.74,190273.96,1,No,No,Central,Yes,1,0.62,Medium
CUST5939,Female,57,64,One year,No Internet,Electronic Check,3113.16,203018.22,2,Yes,No,South,No,0,0.262,Low
CUST5940,Male,48,62,Month-to-month,DSL,Bank Transfer,3254.78,208516.47,2,No,No,Central,No,0,0.504,Medium
CUST5941,Male,53,60,Two year,Fiber,Bank Transfer,2701.29,155623.48,0,No,No,Central,No,0,0.139,Low
CUST5942,Male,68,63,Two year,Fiber,UPI Autopay,3240.26,197990.61,1,No,No,North,No,0,0.141,Low
CUST5943,Female,58,1,Month-to-month,DSL,Credit Card,915.42,841.24,0,No,No,Central,Yes,1,0.595,Medium
CUST5944,Female,60,30,Month-to-month,No Internet,UPI Autopay,1883.78,54484.64,1,Yes,No,Central,No,0,0.649,Medium
CUST5945,Female,18,37,Month-to-month,DSL,UPI Autopay,1792.97,60291.58,4,Yes,No,South,Yes,1,0.668,High
CUST5946,Female,50,67,One year,DSL,UPI Autopay,1275.73,80639.38,3,No,Yes,West,No,0,0.16,Low
CUST5947,Male,39,67,Month-to-month,Fiber,Credit Card,1291.58,87690.47,0,No,No,North,No,0,0.395,Medium
CUST5948,Male,39,62,Month-to-month,DSL,Electronic Check,337.62,19443.95,1,No,Yes,Central,No,0,0.527,Medium
CUST5949,Male,19,4,Two year,No Internet,Electronic Check,1216.69,4479.39,0,No,No,South,No,0,0.306,Low
CUST5950,Male,20,49,One year,DSL,UPI Autopay,3357.7,163444.22,1,Yes,No,West,No,0,0.177,Low
CUST5951,Male,60,48,Month-to-month,Fiber,Electronic Check,696.99,33032.93,4,No,No,East,No,0,0.755,High
CUST5952,Female,59,28,Month-to-month,Fiber,Bank Transfer,1648.87,42686.37,2,No,No,South,No,0,0.665,High
CUST5953,Female,44,6,Month-to-month,DSL,Bank Transfer,2744.42,15137.84,2,Yes,No,South,Yes,1,0.732,High
CUST5954,Female,68,65,Two year,Fiber,Credit Card,306.48,19574.77,3,No,No,West,No,0,0.196,Low
CUST5955,Male,40,26,One year,Fiber,Credit Card,3194.81,76202.44,2,No,No,North,Yes,1,0.307,Low
CUST5956,Male,55,3,Month-to-month,DSL,Credit Card,2242.4,6864.87,0,No,No,West,Yes,1,0.652,Medium
CUST5957,Male,69,69,One year,Fiber,Electronic Check,2284.76,146791.24,2,Yes,Yes,North,No,0,0.24,Low
CUST5958,Female,45,71,Month-to-month,No Internet,Credit Card,2959.12,209631.53,0,No,Yes,Central,Yes,1,0.398,Medium
CUST5959,Female,48,66,One year,No Internet,Credit Card,1512.28,100431.87,2,Yes,No,West,No,0,0.186,Low
CUST5960,Male,27,56,Two year,Fiber,UPI Autopay,1951.8,111334.47,3,No,Yes,East,No,0,0.188,Low
CUST5961,Female,40,1,Month-to-month,Fiber,Credit Card,742.05,747.49,0,Yes,No,Central,No,0,0.66,Medium
CUST5962,Female,40,11,Month-to-month,DSL,UPI Autopay,1485.26,15228.64,0,No,No,East,Yes,1,0.54,Medium
CUST5963,Female,34,35,Month-to-month,Fiber,Electronic Check,2161.91,71756.15,4,No,No,South,No,0,0.806,High
CUST5964,Female,55,19,Month-to-month,DSL,Credit Card,3078.62,57771.36,2,No,No,West,Yes,1,0.697,High
CUST5965,Female,44,47,Month-to-month,No Internet,UPI Autopay,1041.2,50300.36,0,No,Yes,Central,Yes,1,0.475,Medium
CUST5966,Female,45,28,Month-to-month,Fiber,Credit Card,2074.13,53396.03,3,No,No,East,No,0,0.703,High
CUST5967,Female,46,15,Month-to-month,Fiber,Bank Transfer,2908.55,42405.69,4,No,Yes,South,Yes,1,0.802,High
CUST5968,Female,35,38,Month-to-month,Fiber,Bank Transfer,2961.66,113798.54,3,Yes,No,North,No,0,0.689,High
CUST5969,Male,36,37,One year,DSL,UPI Autopay,2654.52,88396.89,4,No,Yes,South,No,0,0.283,Low
CUST5970,Male,29,2,One year,Fiber,UPI Autopay,1891.28,3454.54,2,No,No,Central,No,0,0.388,Medium
CUST5971,Female,25,4,Two year,DSL,Bank Transfer,650.68,2634.67,3,No,Yes,Central,Yes,1,0.27,Low
CUST5972,Female,58,54,Month-to-month,DSL,Bank Transfer,2113.71,102756.57,1,No,No,South,Yes,1,0.463,Medium
CUST5973,Male,58,8,One year,No Internet,Bank Transfer,1237.57,9034.6,1,Yes,No,North,No,0,0.283,Low
CUST5974,Male,30,42,Month-to-month,Fiber,Electronic Check,2453.74,105580.98,1,Yes,No,South,Yes,1,0.695,High
CUST5975,Male,41,43,Two year,DSL,UPI Autopay,2638.58,104831.05,3,No,No,East,No,0,0.206,Low
CUST5976,Female,59,39,Month-to-month,Fiber,Bank Transfer,2919.27,107510.76,3,Yes,No,East,No,0,0.703,High
CUST5977,Male,61,67,Month-to-month,DSL,Electronic Check,2152.82,132948.27,1,Yes,No,Central,Yes,1,0.571,Medium
CUST5978,Female,35,37,Two year,DSL,Bank Transfer,3083.24,105732.71,1,Yes,No,North,No,0,0.17,Low
CUST5979,Male,37,58,One year,DSL,Credit Card,3452.9,182216.24,2,No,No,North,No,0,0.157,Low
CUST5980,Male,51,58,Two year,Fiber,Credit Card,2604.87,138829.81,4,Yes,No,East,No,0,0.26,Low
CUST5981,Male,59,6,Month-to-month,No Internet,Electronic Check,372.69,2197.12,1,No,No,East,Yes,1,0.73,High
CUST5982,Female,39,19,Month-to-month,Fiber,Bank Transfer,3041.19,53675.3,1,Yes,No,Central,No,0,0.723,High
CUST5983,Female,26,17,One year,Fiber,Credit Card,1081.36,16827.93,0,No,No,Central,No,0,0.221,Low
CUST5984,Female,67,51,One year,DSL,Electronic Check,884.57,47052.84,3,No,No,West,No,0,0.284,Low
CUST5985,Male,22,27,Month-to-month,Fiber,UPI Autopay,1306.58,36400.69,2,No,Yes,West,Yes,1,0.655,Medium
CUST5986,Male,65,31,Month-to-month,Fiber,UPI Autopay,1313.74,41008.28,1,Yes,No,North,No,0,0.608,Medium
CUST5987,Female,44,67,Month-to-month,DSL,Credit Card,1809.53,113862.55,5,No,Yes,West,Yes,1,0.602,Medium
CUST5988,Male,19,28,Month-to-month,No Internet,Electronic Check,2684.65,74233.27,1,No,No,Central,No,0,0.745,High
CUST5989,Male,60,1,Two year,Fiber,Credit Card,2618.12,2619.47,2,No,No,South,No,0,0.391,Medium
CUST5990,Male,49,11,Month-to-month,DSL,Electronic Check,2426.07,26391.09,2,No,Yes,North,Yes,1,0.756,High
CUST5991,Female,51,52,Two year,Fiber,Electronic Check,981.67,52060.84,2,No,No,Central,No,0,0.269,Low
CUST5992,Female,22,4,Two year,DSL,Bank Transfer,1402.43,5459.27,1,No,No,East,No,0,0.206,Low
CUST5993,Female,19,17,Month-to-month,DSL,UPI Autopay,1178.44,19116.78,4,No,No,Central,Yes,1,0.717,High
CUST5994,Male,34,64,Month-to-month,Fiber,Electronic Check,2010.26,122461.13,0,No,No,West,Yes,1,0.562,Medium
CUST5995,Male,55,58,Month-to-month,Fiber,Electronic Check,2464.1,129962.39,1,No,No,South,No,0,0.633,Medium
CUST5996,Male,62,65,Month-to-month,Fiber,Electronic Check,1179.47,71010.12,1,Yes,Yes,North,Yes,1,0.58,Medium
CUST5997,Male,24,22,Month-to-month,Fiber,Credit Card,3316.26,70259.4,0,No,No,East,No,0,0.628,Medium
CUST5998,Female,31,56,Month-to-month,Fiber,Electronic Check,692.2,38345.29,5,No,No,East,Yes,1,0.755,High
CUST5999,Female,29,48,Month-to-month,Fiber,Electronic Check,3040.51,132740.49,2,No,No,Central,Yes,1,0.725,High
CUST6000,Female,36,12,Month-to-month,Fiber,Electronic Check,3494.67,43108.2,2,Yes,Yes,Central,Yes,1,0.85,High
CUST6001,Female,22,25,One year,DSL,UPI Autopay,1933.19,46914.57,2,No,No,South,No,0,0.226,Low
CUST6002,Male,29,8,Two year,No Internet,Bank Transfer,1083.97,8888.55,6,No,No,East,Yes,1,0.456,Medium
CUST6003,Female,49,51,Month-to-month,DSL,Bank Transfer,3486.97,170020.73,0,No,Yes,South,Yes,1,0.426,Medium
CUST6004,Female,50,66,Month-to-month,Fiber,Electronic Check,2351.67,146512.14,4,Yes,No,Central,Yes,1,0.752,High
CUST6005,Female,60,13,Two year,Fiber,UPI Autopay,2185.61,27427.53,2,No,No,Central,No,0,0.336,Medium
CUST6006,Male,65,44,One year,Fiber,UPI Autopay,1036.81,45140.24,1,Yes,No,East,No,0,0.196,Low
CUST6007,Male,57,63,Month-to-month,Fiber,Bank Transfer,2714.67,154391.13,3,Yes,No,South,Yes,1,0.626,Medium
CUST6008,Male,33,22,Month-to-month,No Internet,Electronic Check,306.45,6759.17,1,No,No,North,No,0,0.671,High
CUST6009,Male,51,49,One year,No Internet,Bank Transfer,440.79,21132.29,2,No,Yes,South,No,0,0.189,Low
CUST6010,Female,28,3,Month-to-month,No Internet,Credit Card,2221.0,6258.66,0,No,No,North,No,0,0.648,Medium
CUST6011,Female,24,42,Month-to-month,DSL,Credit Card,2718.49,110378.91,3,No,No,West,No,0,0.624,Medium
CUST6012,Female,38,63,One year,No Internet,Electronic Check,1437.95,95002.62,1,Yes,No,Central,No,0,0.229,Low
CUST6013,Female,24,29,One year,Fiber,UPI Autopay,3417.01,89850.59,1,Yes,No,North,No,0,0.263,Low
CUST6014,Female,66,2,Two year,No Internet,Electronic Check,2694.2,5530.26,4,Yes,No,West,No,0,0.622,Medium
CUST6015,Female,26,36,Month-to-month,Fiber,UPI Autopay,1580.41,59523.46,2,No,No,West,No,0,0.636,Medium
CUST6016,Female,63,65,Month-to-month,Fiber,Credit Card,1328.59,87679.62,4,No,No,Central,No,0,0.641,Medium
CUST6017,Male,36,42,Month-to-month,Fiber,Electronic Check,1711.48,73087.37,1,No,No,North,Yes,1,0.65,Medium
CUST6018,Female,61,25,Month-to-month,Fiber,Electronic Check,1887.89,48579.93,2,Yes,No,West,Yes,1,0.796,High
CUST6019,Female,22,50,Two year,DSL,Credit Card,2892.54,145014.76,1,Yes,No,West,No,0,0.15,Low
CUST6020,Female,32,17,Month-to-month,DSL,Bank Transfer,658.67,11220.63,2,Yes,No,East,No,0,0.601,Medium
CUST6021,Male,19,14,Month-to-month,Fiber,Electronic Check,2084.69,30086.2,0,No,No,South,No,0,0.725,High
CUST6022,Female,27,5,Two year,Fiber,UPI Autopay,2139.24,9820.1,4,Yes,No,North,No,0,0.425,Medium
CUST6023,Female,64,47,Month-to-month,Fiber,Credit Card,2827.64,122675.35,2,No,No,East,Yes,1,0.609,Medium
CUST6024,Female,43,25,Month-to-month,DSL,Credit Card,1287.35,29669.33,3,No,No,Central,No,0,0.663,High
CUST6025,Male,50,71,Month-to-month,Fiber,Credit Card,2125.63,156729.37,1,No,No,Central,No,0,0.475,Medium
CUST6026,Male,69,58,Month-to-month,Fiber,Bank Transfer,2905.65,162436.1,1,No,No,North,Yes,1,0.513,Medium
CUST6027,Male,20,13,Month-to-month,Fiber,Electronic Check,1914.02,25205.8,1,No,No,North,No,0,0.748,High
CUST6028,Female,69,56,Month-to-month,DSL,Bank Transfer,785.8,45433.27,0,No,Yes,West,No,0,0.393,Medium
CUST6029,Male,55,35,Month-to-month,DSL,Electronic Check,1672.87,54407.28,2,Yes,Yes,East,Yes,1,0.679,High
CUST6030,Female,51,40,Two year,DSL,Electronic Check,3151.32,124614.28,1,No,No,Central,No,0,0.25,Low
CUST6031,Male,64,28,Month-to-month,DSL,Electronic Check,1485.09,41893.13,2,No,No,South,Yes,1,0.707,High
CUST6032,Male,67,30,Month-to-month,DSL,UPI Autopay,464.9,13405.74,1,No,Yes,Central,No,0,0.531,Medium
CUST6033,Female,26,29,Month-to-month,Fiber,Bank Transfer,806.07,21363.58,2,No,No,North,No,0,0.605,Medium
CUST6034,Male,30,66,One year,Fiber,UPI Autopay,1112.18,67391.98,3,Yes,No,East,Yes,1,0.202,Low
CUST6035,Female,36,37,Month-to-month,DSL,Bank Transfer,1567.68,56936.18,0,No,No,North,Yes,1,0.435,Medium
CUST6036,Female,57,40,Two year,No Internet,Bank Transfer,1785.4,73148.57,1,Yes,Yes,South,No,0,0.184,Low
CUST6037,Female,41,44,One year,No Internet,UPI Autopay,2999.56,135904.46,3,No,No,West,No,0,0.285,Low
CUST6038,Male,47,10,One year,DSL,Bank Transfer,3249.7,30548.6,3,Yes,No,North,No,0,0.383,Medium
CUST6039,Female,39,66,Two year,DSL,Credit Card,1730.54,109193.22,4,Yes,No,North,No,0,0.17,Low
CUST6040,Male,44,40,Two year,No Internet,Credit Card,805.19,32442.58,1,Yes,No,West,No,0,0.195,Low
CUST6041,Female,55,42,Month-to-month,DSL,Bank Transfer,1961.64,83973.32,1,No,Yes,North,No,0,0.466,Medium
CUST6042,Female,61,2,Two year,DSL,Electronic Check,3104.8,6490.36,4,Yes,No,Central,Yes,1,0.583,Medium
CUST6043,Male,48,58,One year,No Internet,Credit Card,2513.02,145288.57,2,Yes,Yes,South,No,0,0.196,Low
CUST6044,Male,20,15,Two year,DSL,Electronic Check,2780.43,43024.84,1,No,Yes,West,No,0,0.32,Low
CUST6045,Male,34,59,Two year,Fiber,UPI Autopay,1237.37,72467.51,2,No,No,East,No,0,0.159,Low
CUST6046,Female,52,57,Two year,DSL,UPI Autopay,1537.61,81242.13,0,No,Yes,North,No,0,0.086,Low
CUST6047,Female,44,43,Month-to-month,Fiber,Credit Card,1880.65,74760.69,3,Yes,No,West,Yes,1,0.692,High
CUST6048,Male,28,40,One year,Fiber,Electronic Check,2597.7,108226.63,1,Yes,No,North,No,0,0.294,Low
CUST6049,Female,50,59,Month-to-month,No Internet,UPI Autopay,378.77,20992.34,0,No,No,South,No,0,0.423,Medium
CUST6050,Male,33,50,Two year,DSL,Bank Transfer,3475.62,177356.4,1,No,No,North,No,0,0.131,Low
CUST6051,Male,42,37,Month-to-month,Fiber,UPI Autopay,1519.98,56891.01,3,Yes,No,Central,No,0,0.71,High
CUST6052,Female,43,60,One year,Fiber,Credit Card,2682.34,145323.61,1,Yes,No,Central,No,0,0.187,Low
CUST6053,Female,24,3,One year,Fiber,Electronic Check,1852.12,5060.92,2,Yes,No,North,No,0,0.457,Medium
CUST6054,Female,51,29,Month-to-month,Fiber,UPI Autopay,1578.43,46356.48,2,No,Yes,Central,No,0,0.66,Medium
CUST6055,Female,58,25,Month-to-month,Fiber,UPI Autopay,655.13,15931.29,0,No,Yes,North,Yes,1,0.514,Medium
CUST6056,Female,42,37,One year,DSL,Credit Card,1033.3,39502.92,3,No,Yes,West,No,0,0.221,Low
CUST6057,Male,19,50,Two year,DSL,Credit Card,2692.59,137401.43,3,No,No,South,No,0,0.185,Low
CUST6058,Male,54,35,Two year,DSL,Electronic Check,2423.78,81961.69,1,No,Yes,West,No,0,0.251,Low
CUST6059,Female,50,7,One year,Fiber,Credit Card,1239.37,8056.19,3,No,No,South,No,0,0.369,Medium
CUST6060,Female,65,62,One year,Fiber,Bank Transfer,898.94,57850.71,3,Yes,No,Central,No,0,0.237,Low
CUST6061,Female,69,1,Month-to-month,Fiber,Bank Transfer,2728.12,2728.97,1,No,No,South,No,0,0.755,High
CUST6062,Male,56,50,Month-to-month,No Internet,Electronic Check,3231.91,156736.39,2,Yes,No,Central,No,0,0.742,High
CUST6063,Male,66,61,Two year,Fiber,Electronic Check,891.27,52264.49,3,Yes,No,West,No,0,0.314,Low
CUST6064,Female,54,16,Month-to-month,Fiber,Credit Card,2955.84,45724.07,0,Yes,No,Central,Yes,1,0.696,High
CUST6065,Female,19,8,Month-to-month,DSL,Bank Transfer,3198.6,24787.95,0,No,No,South,No,0,0.627,Medium
CUST6066,Male,59,13,One year,No Internet,UPI Autopay,3313.64,44329.87,1,Yes,No,East,No,0,0.342,Medium
CUST6067,Male,40,39,Month-to-month,Fiber,UPI Autopay,2560.94,95411.55,1,No,No,East,No,0,0.585,Medium
CUST6068,Male,68,66,Month-to-month,DSL,Electronic Check,1101.17,75542.46,4,Yes,No,Central,Yes,1,0.702,High
CUST6069,Female,37,46,Month-to-month,DSL,Bank Transfer,1170.06,54039.76,4,Yes,Yes,East,No,0,0.603,Medium
CUST6070,Male,49,68,Two year,Fiber,Electronic Check,1255.64,81613.94,2,No,No,North,No,0,0.207,Low
CUST6071,Male,27,12,Month-to-month,Fiber,Bank Transfer,1059.79,11893.35,2,Yes,Yes,North,No,0,0.681,High
CUST6072,Male,55,21,One year,Fiber,Bank Transfer,2898.79,60081.06,4,Yes,No,West,No,0,0.475,Medium
CUST6073,Female,59,38,Two year,Fiber,Electronic Check,3386.08,118257.28,2,No,No,South,Yes,1,0.35,Medium
CUST6074,Male,39,40,Month-to-month,DSL,Bank Transfer,2576.01,100988.71,1,No,No,Central,No,0,0.55,Medium
CUST6075,Female,22,45,Month-to-month,Fiber,Electronic Check,1291.33,53834.09,2,No,Yes,Central,No,0,0.689,High
CUST6076,Male,21,6,Month-to-month,Fiber,Bank Transfer,3408.66,21164.02,1,No,No,Central,No,0,0.767,High
CUST6077,Female,27,57,One year,DSL,Electronic Check,2940.73,163437.93,3,No,No,East,No,0,0.248,Low
CUST6078,Female,20,17,Month-to-month,Fiber,UPI Autopay,1750.64,27546.26,1,Yes,No,Central,No,0,0.683,High
CUST6079,Male,46,53,Two year,DSL,Electronic Check,2990.95,152449.5,1,Yes,No,South,Yes,1,0.209,Low
CUST6080,Male,67,52,Month-to-month,Fiber,Electronic Check,1838.97,99387.87,1,No,Yes,West,No,0,0.65,Medium
CUST6081,Female,50,53,One year,No Internet,Electronic Check,3150.68,158831.18,1,No,No,East,No,0,0.243,Low
CUST6082,Female,34,21,Two year,No Internet,Credit Card,2102.36,46316.54,0,No,No,North,No,0,0.185,Low
CUST6083,Male,47,60,One year,Fiber,Bank Transfer,1810.34,104626.18,6,No,No,North,Yes,1,0.325,Low
CUST6084,Female,45,39,One year,Fiber,UPI Autopay,1811.15,69405.69,3,No,No,West,No,0,0.293,Low
CUST6085,Female,62,21,Two year,DSL,UPI Autopay,2130.76,42472.39,4,No,No,Central,No,0,0.335,Medium
CUST6086,Female,46,25,One year,Fiber,Bank Transfer,2282.95,53989.57,1,No,No,North,Yes,1,0.241,Low
CUST6087,Male,53,54,Month-to-month,DSL,Credit Card,1849.71,102723.89,0,Yes,No,West,Yes,1,0.448,Medium
CUST6088,Male,50,63,Month-to-month,DSL,Electronic Check,380.01,23441.25,3,No,No,Central,No,0,0.64,Medium
CUST6089,Male,36,30,Month-to-month,DSL,Credit Card,2816.38,86244.0,2,No,No,North,Yes,1,0.605,Medium
CUST6090,Female,49,58,One year,No Internet,Electronic Check,3028.97,184240.49,1,Yes,No,Central,No,0,0.258,Low
CUST6091,Male,51,26,Two year,Fiber,UPI Autopay,1164.2,30192.14,1,No,No,West,Yes,1,0.228,Low
CUST6092,Male,40,14,One year,DSL,Credit Card,828.45,11726.72,1,No,No,North,No,0,0.193,Low
CUST6093,Male,57,71,Month-to-month,Fiber,Credit Card,2322.27,160022.5,1,Yes,Yes,South,No,0,0.468,Medium
CUST6094,Female,49,6,One year,DSL,Bank Transfer,3109.38,19011.81,0,No,Yes,West,No,0,0.261,Low
CUST6095,Female,26,71,Month-to-month,DSL,Electronic Check,855.58,59642.49,8,No,No,West,Yes,1,0.801,High
CUST6096,Female,39,41,Month-to-month,Fiber,Bank Transfer,468.72,18418.21,4,No,No,West,Yes,1,0.694,High
CUST6097,Male,21,66,One year,Fiber,Bank Transfer,2947.09,182439.96,0,Yes,No,South,No,0,0.133,Low
CUST6098,Female,42,55,Month-to-month,Fiber,Electronic Check,2885.81,161289.38,3,No,No,North,Yes,1,0.698,High
CUST6099,Male,38,45,Month-to-month,DSL,Electronic Check,3075.33,139294.82,1,No,Yes,Central,No,0,0.627,Medium
CUST6100,Male,36,35,Two year,Fiber,Electronic Check,1989.89,66798.09,0,No,Yes,North,No,0,0.22,Low
CUST6101,Female,53,21,One year,Fiber,Credit Card,1180.08,22803.85,2,No,Yes,Central,No,0,0.287,Low
CUST6102,Male,59,36,Month-to-month,Fiber,Bank Transfer,1918.74,65701.71,3,No,No,South,No,0,0.695,High
CUST6103,Male,29,2,Two year,DSL,Credit Card,412.43,832.61,3,Yes,No,North,No,0,0.269,Low
CUST6104,Male,61,36,One year,Fiber,Bank Transfer,1539.17,50102.96,4,Yes,No,South,Yes,1,0.358,Medium
CUST6105,Male,25,11,Month-to-month,Fiber,Electronic Check,2071.03,23506.05,4,Yes,No,Central,Yes,1,0.881,High
CUST6106,Female,22,43,Month-to-month,Fiber,Bank Transfer,1184.93,48648.3,0,No,Yes,North,No,0,0.451,Medium
CUST6107,Female,44,24,Month-to-month,Fiber,Electronic Check,1792.72,44355.48,1,Yes,Yes,West,Yes,1,0.745,High
CUST6108,Female,67,65,One year,DSL,Credit Card,1457.48,89828.35,3,No,Yes,North,No,0,0.148,Low
CUST6109,Female,52,19,Two year,Fiber,Electronic Check,2613.05,47572.46,2,Yes,No,South,No,0,0.425,Medium
CUST6110,Female,21,56,Two year,DSL,Electronic Check,1662.87,96011.92,2,Yes,No,West,No,0,0.218,Low
CUST6111,Male,26,37,One year,No Internet,Electronic Check,957.98,33491.66,4,No,No,South,No,0,0.402,Medium
CUST6112,Female,53,44,One year,DSL,UPI Autopay,3071.4,129793.28,1,No,No,East,No,0,0.162,Low
CUST6113,Male,29,9,One year,Fiber,Electronic Check,425.11,3773.43,5,No,Yes,East,Yes,1,0.506,Medium
CUST6114,Male,61,45,One year,DSL,Bank Transfer,3131.95,131314.03,2,No,No,East,No,0,0.199,Low
CUST6115,Female,49,66,Month-to-month,Fiber,Electronic Check,434.9,27624.22,0,Yes,No,South,Yes,1,0.538,Medium
CUST6116,Female,42,27,One year,Fiber,Credit Card,813.45,20988.74,0,Yes,No,East,No,0,0.186,Low
CUST6117,Female,40,49,Month-to-month,Fiber,Bank Transfer,1811.77,88699.73,1,No,No,Central,Yes,1,0.552,Medium
CUST6118,Female,60,29,One year,Fiber,UPI Autopay,1100.17,32072.37,4,Yes,No,West,Yes,1,0.377,Medium
CUST6119,Female,46,38,Month-to-month,Fiber,Credit Card,2329.37,92363.72,5,No,Yes,South,Yes,1,0.749,High
CUST6120,Male,26,33,Month-to-month,No Internet,UPI Autopay,1942.15,61873.72,2,Yes,No,East,No,0,0.647,Medium
CUST6121,Female,56,43,One year,Fiber,UPI Autopay,885.0,37097.53,1,Yes,No,East,No,0,0.188,Low
CUST6122,Female,37,12,One year,DSL,UPI Autopay,1235.42,14325.59,2,No,No,Central,No,0,0.266,Low
CUST6123,Male,66,33,Two year,DSL,Credit Card,1671.48,52728.26,3,Yes,No,West,No,0,0.265,Low
CUST6124,Male,66,53,Two year,DSL,Credit Card,1027.67,49429.06,5,Yes,No,North,No,0,0.245,Low
CUST6125,Male,50,6,Two year,Fiber,Electronic Check,2363.36,14391.63,5,Yes,No,North,No,0,0.609,Medium
CUST6126,Male,55,21,Two year,Fiber,UPI Autopay,2866.21,59760.91,2,No,No,South,No,0,0.313,Low
CUST6127,Male,41,28,Month-to-month,DSL,Electronic Check,1104.64,29604.6,2,No,Yes,North,Yes,1,0.659,Medium
CUST6128,Female,56,11,Month-to-month,No Internet,Bank Transfer,2329.33,24627.48,2,No,No,East,No,0,0.725,High
CUST6129,Female,19,5,Month-to-month,No Internet,Electronic Check,449.72,2232.86,2,No,Yes,South,Yes,1,0.751,High
CUST6130,Female,25,20,One year,DSL,Electronic Check,2074.81,39340.45,2,No,Yes,East,No,0,0.312,Low
CUST6131,Female,37,25,One year,Fiber,Electronic Check,620.39,14273.41,2,Yes,No,South,No,0,0.358,Medium
CUST6132,Male,55,30,One year,Fiber,UPI Autopay,3161.47,92204.22,2,No,No,East,No,0,0.298,Low
CUST6133,Male,46,57,Month-to-month,DSL,Bank Transfer,337.02,18353.41,0,No,No,South,Yes,1,0.379,Medium
CUST6134,Male,44,71,Month-to-month,Fiber,UPI Autopay,407.0,28057.05,0,No,No,West,No,0,0.42,Medium
CUST6135,Female,60,10,Month-to-month,Fiber,Electronic Check,2135.18,20247.73,4,No,No,Central,Yes,1,0.879,High
CUST6136,Female,38,13,Month-to-month,No Internet,Bank Transfer,1526.86,19093.07,1,No,No,North,Yes,1,0.634,Medium
CUST6137,Male,63,17,One year,DSL,Credit Card,2804.18,49610.35,4,No,Yes,Central,No,0,0.394,Medium
CUST6138,Male,30,63,Two year,Fiber,Bank Transfer,3155.87,204357.05,6,No,Yes,North,Yes,1,0.276,Low
CUST6139,Male,67,6,Two year,Fiber,UPI Autopay,2277.32,13071.32,1,No,No,South,Yes,1,0.313,Low
CUST6140,Female,23,5,Two year,Fiber,Credit Card,3386.01,15945.55,1,No,No,South,No,0,0.335,Medium
CUST6141,Male,69,42,One year,Fiber,Credit Card,2976.22,127687.03,0,No,Yes,West,No,0,0.195,Low
CUST6142,Male,65,54,Month-to-month,DSL,UPI Autopay,3356.68,171984.6,4,No,No,East,Yes,1,0.624,Medium
CUST6143,Female,36,26,One year,DSL,Bank Transfer,3156.14,82356.53,3,Yes,No,South,No,0,0.312,Low
CUST6144,Female,57,41,Month-to-month,Fiber,Credit Card,665.47,28526.67,2,Yes,No,North,No,0,0.594,Medium
CUST6145,Female,22,58,One year,Fiber,UPI Autopay,3035.61,176747.75,3,Yes,Yes,South,No,0,0.223,Low
CUST6146,Female,45,8,Month-to-month,Fiber,Bank Transfer,2620.75,18952.33,2,Yes,No,Central,Yes,1,0.787,High
CUST6147,Male,36,55,Month-to-month,Fiber,UPI Autopay,307.05,15936.44,1,Yes,Yes,East,No,0,0.486,Medium
CUST6148,Female,61,61,Month-to-month,DSL,Credit Card,1306.28,78081.36,2,Yes,No,Central,No,0,0.513,Medium
CUST6149,Male,47,8,Month-to-month,Fiber,Electronic Check,726.88,5939.11,1,Yes,No,West,Yes,1,0.778,High
CUST6150,Female,58,26,One year,DSL,UPI Autopay,1127.1,27979.98,1,Yes,No,West,No,0,0.21,Low
CUST6151,Female,65,7,One year,DSL,UPI Autopay,830.37,5718.5,1,Yes,Yes,North,No,0,0.212,Low
CUST6152,Female,39,54,One year,Fiber,UPI Autopay,2670.23,139057.73,3,No,No,South,Yes,1,0.238,Low
CUST6153,Male,51,28,Two year,No Internet,Electronic Check,2935.32,85208.85,2,Yes,Yes,Central,Yes,1,0.401,Medium
CUST6154,Male,58,60,One year,No Internet,UPI Autopay,1548.75,89295.08,1,Yes,No,West,No,0,0.18,Low
CUST6155,Female,54,29,Two year,Fiber,Bank Transfer,2908.3,76023.12,1,No,No,West,No,0,0.256,Low
CUST6156,Female,56,20,One year,Fiber,Bank Transfer,3237.15,61847.41,0,No,Yes,North,No,0,0.237,Low
CUST6157,Female,41,25,One year,DSL,Credit Card,1323.64,31350.43,2,No,No,South,No,0,0.219,Low
CUST6158,Male,24,38,Month-to-month,Fiber,Credit Card,834.51,28853.97,1,Yes,Yes,East,Yes,1,0.547,Medium
CUST6159,Female,40,16,Two year,Fiber,UPI Autopay,1243.7,18517.3,1,No,No,South,No,0,0.231,Low
CUST6160,Female,54,24,Two year,Fiber,UPI Autopay,2486.7,59367.32,1,No,No,West,No,0,0.259,Low
CUST6161,Female,26,31,Month-to-month,Fiber,Credit Card,2191.11,66940.76,0,Yes,No,East,Yes,1,0.564,Medium
CUST6162,Female,66,12,Month-to-month,Fiber,Credit Card,1615.88,18386.18,2,No,No,South,Yes,1,0.719,High
CUST6163,Male,42,71,One year,No Internet,Bank Transfer,3080.54,212997.97,2,Yes,No,East,No,0,0.164,Low
CUST6164,Male,51,59,Two year,Fiber,Bank Transfer,1091.8,61097.45,3,No,No,North,No,0,0.19,Low
CUST6165,Male,64,15,Two year,DSL,UPI Autopay,944.64,13641.79,3,No,No,East,No,0,0.255,Low
CUST6166,Female,30,60,Month-to-month,No Internet,Credit Card,2837.65,173017.49,4,Yes,No,East,Yes,1,0.634,Medium
CUST6167,Female,27,30,Month-to-month,Fiber,Credit Card,1519.41,44925.47,3,No,Yes,South,No,0,0.672,High
CUST6168,Female,29,64,Two year,DSL,Bank Transfer,3387.96,213549.75,3,No,No,West,No,0,0.162,Low
CUST6169,Male,57,9,One year,No Internet,UPI Autopay,2936.59,25220.2,0,No,No,East,No,0,0.286,Low
CUST6170,Male,56,39,Month-to-month,Fiber,Electronic Check,3446.24,121731.71,2,No,Yes,Central,Yes,1,0.77,High
CUST6171,Male,31,26,Month-to-month,Fiber,Electronic Check,427.57,10087.5,1,Yes,Yes,North,No,0,0.675,High
CUST6172,Female,46,38,Two year,DSL,Bank Transfer,2130.12,84412.68,3,Yes,No,Central,No,0,0.243,Low
CUST6173,Male,18,53,Month-to-month,No Internet,UPI Autopay,2382.99,114068.59,2,No,No,West,No,0,0.591,Medium
CUST6174,Female,46,9,Month-to-month,Fiber,Credit Card,3162.66,27995.88,2,No,Yes,East,Yes,1,0.75,High
CUST6175,Male,32,38,One year,Fiber,Electronic Check,1072.15,38919.7,4,No,No,East,No,0,0.398,Medium
CUST6176,Female,27,66,Month-to-month,Fiber,Credit Card,1609.43,96832.85,0,No,No,North,Yes,1,0.392,Medium
CUST6177,Male,57,59,Two year,Fiber,UPI Autopay,3288.48,182469.17,0,No,No,South,No,0,0.135,Low
CUST6178,Female,37,50,One year,Fiber,UPI Autopay,424.78,21564.4,2,Yes,No,West,No,0,0.216,Low
CUST6179,Female,31,26,One year,DSL,UPI Autopay,1333.82,33050.99,1,Yes,No,East,No,0,0.185,Low
CUST6180,Male,32,6,Month-to-month,DSL,Electronic Check,2903.27,17377.18,3,Yes,No,Central,Yes,1,0.856,High
CUST6181,Female,25,56,One year,Fiber,Electronic Check,1517.51,85157.16,0,No,No,Central,No,0,0.204,Low
CUST6182,Female,61,7,One year,Fiber,Electronic Check,1891.99,13503.48,0,No,No,South,No,0,0.362,Medium
CUST6183,Male,54,49,Month-to-month,DSL,Bank Transfer,2335.68,118106.28,4,No,No,North,No,0,0.615,Medium
CUST6184,Female,45,46,Month-to-month,No Internet,Electronic Check,763.97,36185.61,3,Yes,Yes,East,No,0,0.706,High
CUST6185,Female,34,11,Month-to-month,DSL,UPI Autopay,2095.83,22080.15,4,Yes,No,Central,Yes,1,0.782,High
CUST6186,Female,61,55,Month-to-month,Fiber,Bank Transfer,3084.85,176548.14,1,No,Yes,West,No,0,0.533,Medium
CUST6187,Male,44,19,Month-to-month,Fiber,UPI Autopay,2515.94,46661.17,3,No,No,West,Yes,1,0.775,High
CUST6188,Female,32,57,One year,Fiber,Electronic Check,3362.77,185186.73,3,No,Yes,South,No,0,0.308,Low
CUST6189,Male,18,67,Month-to-month,DSL,Bank Transfer,2446.87,166400.62,2,Yes,No,Central,No,0,0.484,Medium
CUST6190,Male,36,17,Month-to-month,DSL,Bank Transfer,2753.65,44564.63,3,Yes,No,East,No,0,0.726,High
CUST6191,Female,42,67,Two year,No Internet,Bank Transfer,2158.69,140908.61,0,No,Yes,East,No,0,0.094,Low
CUST6192,Male,24,41,Month-to-month,DSL,Electronic Check,3241.36,123113.81,2,Yes,No,West,No,0,0.72,High
CUST6193,Male,46,12,Month-to-month,DSL,Electronic Check,2654.78,30549.3,1,Yes,No,West,Yes,1,0.777,High
CUST6194,Female,50,21,Two year,Fiber,UPI Autopay,1851.79,38817.14,1,No,Yes,South,No,0,0.225,Low
CUST6195,Male,32,69,Month-to-month,No Internet,Electronic Check,2693.53,182243.0,4,No,No,South,No,0,0.702,High
CUST6196,Female,69,17,One year,Fiber,Electronic Check,1172.4,18250.48,2,No,No,South,Yes,1,0.398,Medium
CUST6197,Male,23,63,Two year,Fiber,UPI Autopay,1948.22,113780.94,2,Yes,Yes,South,No,0,0.165,Low
CUST6198,Female,54,25,Two year,Fiber,Credit Card,3327.22,76366.83,0,Yes,Yes,West,No,0,0.245,Low
CUST6199,Male,62,18,Month-to-month,Fiber,Bank Transfer,2743.89,50767.89,3,No,No,North,Yes,1,0.761,High
CUST6200,Female,58,33,Month-to-month,Fiber,Electronic Check,3440.18,117807.85,1,No,Yes,West,No,0,0.739,High
CUST6201,Female,59,1,Month-to-month,Fiber,Electronic Check,2232.38,2235.63,4,Yes,No,West,Yes,1,0.902,High
CUST6202,Male,68,9,Month-to-month,Fiber,Credit Card,733.1,5949.63,2,Yes,Yes,West,Yes,1,0.728,High
CUST6203,Female,38,51,One year,Fiber,Bank Transfer,3190.94,148055.69,0,No,Yes,Central,No,0,0.165,Low
CUST6204,Male,22,10,Month-to-month,DSL,Bank Transfer,1198.12,11566.22,3,No,Yes,Central,No,0,0.695,High
CUST6205,Female,67,55,Month-to-month,DSL,Credit Card,1314.46,70935.34,3,No,No,Central,No,0,0.568,Medium
CUST6206,Male,45,71,Month-to-month,Fiber,UPI Autopay,1634.41,107020.6,2,No,No,West,Yes,1,0.529,Medium
CUST6207,Female,30,53,Two year,DSL,Bank Transfer,2812.94,138283.35,4,No,No,East,Yes,1,0.202,Low
CUST6208,Female,47,64,Month-to-month,Fiber,Credit Card,1216.16,75532.33,2,Yes,Yes,Central,No,0,0.547,Medium
CUST6209,Male,50,56,Month-to-month,Fiber,Electronic Check,392.25,20807.17,2,No,No,North,No,0,0.637,Medium
CUST6210,Male,22,47,Month-to-month,Fiber,UPI Autopay,2844.08,130936.47,3,No,No,South,No,0,0.654,Medium
CUST6211,Male,47,11,Two year,Fiber,UPI Autopay,3393.82,38019.59,1,No,No,East,No,0,0.314,Low
CUST6212,Male,19,38,Month-to-month,No Internet,Credit Card,2298.03,90878.38,2,Yes,No,Central,No,0,0.663,High
CUST6213,Female,46,65,Month-to-month,DSL,UPI Autopay,3309.58,219013.81,4,No,No,East,No,0,0.544,Medium
CUST6214,Male,34,62,Two year,Fiber,UPI Autopay,784.38,48915.11,2,No,Yes,Central,No,0,0.163,Low
CUST6215,Female,34,20,Month-to-month,Fiber,Bank Transfer,2867.25,59519.73,3,Yes,No,West,Yes,1,0.784,High
CUST6216,Female,47,1,One year,DSL,Credit Card,3147.24,2917.13,1,No,No,South,No,0,0.318,Low
CUST6217,Male,27,2,Month-to-month,DSL,Bank Transfer,1117.66,2272.63,0,No,No,South,Yes,1,0.574,Medium
CUST6218,Female,37,53,One year,Fiber,UPI Autopay,2593.06,137112.28,4,No,Yes,North,No,0,0.249,Low
CUST6219,Male,66,48,One year,No Internet,UPI Autopay,1422.41,66951.57,7,Yes,No,East,No,0,0.434,Medium
CUST6220,Male,26,24,Two year,DSL,Electronic Check,2365.1,56406.3,2,No,No,South,No,0,0.313,Low
CUST6221,Female,22,54,Two year,DSL,Credit Card,1038.52,51099.81,3,Yes,No,Central,No,0,0.184,Low
CUST6222,Male,57,48,One year,Fiber,Credit Card,2675.34,132896.0,1,Yes,No,Central,No,0,0.225,Low
CUST6223,Male,29,20,Two year,No Internet,Electronic Check,1683.83,34820.19,2,Yes,No,West,No,0,0.399,Medium
CUST6224,Female,36,67,Month-to-month,Fiber,Credit Card,2325.46,141446.07,4,No,Yes,South,Yes,1,0.602,Medium
CUST6225,Male,40,6,Month-to-month,DSL,Bank Transfer,2523.17,14631.25,2,Yes,No,South,Yes,1,0.73,High
CUST6226,Female,65,43,Month-to-month,Fiber,Electronic Check,908.81,37392.32,0,No,No,West,Yes,1,0.627,Medium
CUST6227,Female,51,71,One year,DSL,Electronic Check,317.66,21610.02,0,No,No,Central,No,0,0.139,Low
CUST6228,Male,50,39,Month-to-month,Fiber,Electronic Check,764.95,29083.06,3,No,No,Central,No,0,0.765,High
CUST6229,Male,59,3,One year,No Internet,Electronic Check,1801.61,5133.22,1,No,No,South,Yes,1,0.423,Medium
CUST6230,Male,22,19,Month-to-month,DSL,Credit Card,2677.5,49571.48,0,No,No,North,Yes,1,0.548,Medium
CUST6231,Male,20,57,Month-to-month,DSL,Electronic Check,3283.1,186677.27,3,No,No,West,Yes,1,0.673,High
CUST6232,Male,49,61,Two year,Fiber,Electronic Check,612.77,38765.9,3,Yes,No,West,Yes,1,0.303,Low
CUST6233,Female,20,67,Month-to-month,DSL,Bank Transfer,3284.39,224193.37,5,No,Yes,West,Yes,1,0.592,Medium
CUST6234,Female,47,54,Two year,DSL,Electronic Check,1584.16,82394.59,1,Yes,Yes,North,No,0,0.167,Low
CUST6235,Female,30,31,Two year,Fiber,Bank Transfer,2199.33,69975.15,2,No,No,West,No,0,0.258,Low
CUST6236,Male,55,13,One year,DSL,UPI Autopay,1054.38,12820.76,4,No,No,Central,No,0,0.358,Medium
CUST6237,Male,27,71,Month-to-month,No Internet,Bank Transfer,900.24,60838.46,4,No,Yes,Central,Yes,1,0.594,Medium
CUST6238,Male,53,30,Two year,No Internet,Credit Card,1389.57,43661.21,4,Yes,Yes,West,No,0,0.341,Medium
CUST6239,Female,33,39,Month-to-month,DSL,Electronic Check,2386.4,95257.43,3,No,No,South,Yes,1,0.709,High
CUST6240,Female,35,13,Month-to-month,DSL,Electronic Check,2565.97,30067.28,0,No,No,South,Yes,1,0.689,High
CUST6241,Male,65,66,Two year,Fiber,Bank Transfer,2266.15,141183.49,2,Yes,Yes,East,No,0,0.162,Low
CUST6242,Male,66,37,Month-to-month,Fiber,Electronic Check,3056.88,103602.66,4,No,Yes,West,Yes,1,0.834,High
CUST6243,Male,48,38,Month-to-month,DSL,Credit Card,2595.44,93554.42,1,No,No,Central,Yes,1,0.565,Medium
CUST6244,Male,67,21,One year,DSL,UPI Autopay,2148.74,41479.81,1,No,No,Central,No,0,0.246,Low
CUST6245,Female,47,69,Month-to-month,DSL,Electronic Check,2647.29,182391.01,2,Yes,No,Central,No,0,0.591,Medium
CUST6246,Female,56,38,Month-to-month,Fiber,Electronic Check,1326.32,50962.34,4,No,Yes,South,Yes,1,0.78,High
CUST6247,Female,31,45,Two year,Fiber,Electronic Check,1251.96,56665.27,5,No,Yes,Central,Yes,1,0.408,Medium
CUST6248,Male,58,38,Month-to-month,Fiber,Bank Transfer,2352.54,85164.45,0,No,Yes,Central,No,0,0.565,Medium
CUST6249,Male,25,51,Month-to-month,DSL,Bank Transfer,3003.6,144454.57,2,Yes,Yes,Central,Yes,1,0.559,Medium
CUST6250,Male,67,7,One year,No Internet,Credit Card,999.78,6301.12,3,No,Yes,South,No,0,0.355,Medium
CUST6251,Female,55,47,Month-to-month,Fiber,Bank Transfer,2792.0,129424.14,1,Yes,Yes,South,No,0,0.568,Medium
CUST6252,Male,35,71,Month-to-month,DSL,Bank Transfer,490.6,34427.53,1,No,No,East,No,0,0.368,Medium
CUST6253,Male,49,37,Month-to-month,No Internet,Bank Transfer,361.36,12787.04,4,No,No,Central,No,0,0.709,High
CUST6254,Female,24,23,Two year,Fiber,Credit Card,1933.45,41887.74,1,Yes,No,West,No,0,0.255,Low
CUST6255,Female,52,15,Month-to-month,No Internet,Bank Transfer,1964.22,28773.25,1,No,No,West,Yes,1,0.684,High
CUST6256,Female,49,55,Month-to-month,No Internet,UPI Autopay,1257.69,66614.54,2,No,Yes,Central,Yes,1,0.554,Medium
CUST6257,Female,58,5,One year,DSL,Electronic Check,944.83,4771.31,4,No,Yes,Central,No,0,0.465,Medium
CUST6258,Female,43,65,Month-to-month,No Internet,Credit Card,1775.46,107819.99,1,Yes,No,West,No,0,0.504,Medium
CUST6259,Male,67,20,One year,No Internet,Bank Transfer,2491.36,48832.37,1,Yes,Yes,West,No,0,0.308,Low
CUST6260,Male,20,54,One year,Fiber,UPI Autopay,2238.72,121517.03,3,No,No,West,No,0,0.247,Low
CUST6261,Female,67,46,Month-to-month,Fiber,Credit Card,1886.89,82409.98,3,No,No,Central,No,0,0.674,High
CUST6262,Male,51,6,Two year,Fiber,Electronic Check,895.49,5139.28,2,No,No,South,No,0,0.398,Medium
CUST6263,Male,40,11,Month-to-month,Fiber,Bank Transfer,3211.26,35446.36,3,No,Yes,East,Yes,1,0.785,High
CUST6264,Male,42,50,One year,DSL,UPI Autopay,1747.61,89856.18,2,Yes,No,West,No,0,0.193,Low
CUST6265,Female,65,49,Month-to-month,Fiber,Credit Card,1850.56,84408.06,2,No,Yes,North,No,0,0.562,Medium
CUST6266,Male,22,18,Month-to-month,Fiber,Bank Transfer,545.77,9654.81,4,No,No,East,No,0,0.73,High
CUST6267,Male,20,45,One year,Fiber,Bank Transfer,2800.0,114369.57,2,Yes,Yes,North,No,0,0.227,Low
CUST6268,Male,24,69,Month-to-month,No Internet,UPI Autopay,567.07,36032.09,2,Yes,Yes,South,Yes,1,0.496,Medium
CUST6269,Male,50,37,Month-to-month,Fiber,Electronic Check,2701.31,97362.01,3,Yes,Yes,East,Yes,1,0.781,High
CUST6270,Female,68,69,One year,Fiber,Electronic Check,2770.73,172563.99,3,Yes,No,Central,Yes,1,0.323,Low
CUST6271,Male,19,63,Month-to-month,Fiber,Bank Transfer,380.61,21760.4,3,No,Yes,South,Yes,1,0.55,Medium
CUST6272,Male,33,24,Month-to-month,Fiber,UPI Autopay,2919.27,63435.13,1,No,No,North,Yes,1,0.653,Medium
CUST6273,Male,27,27,Month-to-month,Fiber,UPI Autopay,3228.25,79918.22,2,Yes,Yes,Central,Yes,1,0.73,High
CUST6274,Male,67,25,Month-to-month,DSL,Credit Card,2749.1,63125.2,3,No,Yes,East,Yes,1,0.68,High
CUST6275,Male,50,44,Month-to-month,DSL,Credit Card,1886.8,78764.31,3,Yes,No,Central,No,0,0.641,Medium
CUST6276,Female,20,56,Two year,DSL,Electronic Check,1066.83,62256.74,2,No,No,South,No,0,0.187,Low
CUST6277,Female,44,37,Two year,DSL,Credit Card,2000.1,74725.82,2,Yes,Yes,North,No,0,0.174,Low
CUST6278,Male,30,60,Month-to-month,DSL,UPI Autopay,2187.46,135917.88,1,Yes,No,East,No,0,0.43,Medium
CUST6279,Female,29,1,Month-to-month,No Internet,Credit Card,968.86,1004.59,1,No,Yes,South,Yes,1,0.652,Medium
CUST6280,Male,67,34,Month-to-month,Fiber,UPI Autopay,3371.28,119497.1,0,No,Yes,Central,Yes,1,0.606,Medium
CUST6281,Female,22,49,Month-to-month,Fiber,Credit Card,2354.68,115988.76,3,Yes,No,Central,No,0,0.667,High
CUST6282,Male,32,43,One year,No Internet,Electronic Check,859.57,37494.93,1,No,No,South,No,0,0.252,Low
CUST6283,Male,68,20,One year,DSL,UPI Autopay,917.98,18926.42,2,No,No,Central,No,0,0.252,Low
CUST6284,Male,65,51,One year,Fiber,Credit Card,1846.33,85010.12,2,No,Yes,North,No,0,0.198,Low
CUST6285,Male,69,7,Two year,Fiber,Electronic Check,2765.79,19162.82,1,No,Yes,South,No,0,0.418,Medium
CUST6286,Male,54,62,Month-to-month,No Internet,Electronic Check,1879.49,117080.89,4,No,Yes,South,Yes,1,0.717,High
CUST6287,Female,24,8,Month-to-month,Fiber,Bank Transfer,1950.09,15977.54,1,No,Yes,West,No,0,0.691,High
CUST6288,Female,56,14,Two year,DSL,Electronic Check,825.56,11091.05,1,No,No,North,No,0,0.247,Low
CUST6289,Male,55,51,Month-to-month,DSL,Credit Card,3489.08,168825.92,2,No,No,North,No,0,0.534,Medium
CUST6290,Female,33,53,One year,DSL,Electronic Check,2287.38,124176.79,2,No,No,North,No,0,0.214,Low
CUST6291,Male,69,11,Two year,Fiber,Electronic Check,1957.55,22246.32,2,No,No,North,No,0,0.412,Medium
CUST6292,Male,48,35,Month-to-month,DSL,UPI Autopay,1683.68,57675.73,3,No,Yes,East,Yes,1,0.601,Medium
CUST6293,Male,20,34,One year,Fiber,Credit Card,2168.68,77241.97,5,No,No,East,No,0,0.374,Medium
CUST6294,Female,27,47,Month-to-month,No Internet,Bank Transfer,1817.12,77962.87,3,No,No,North,Yes,1,0.609,Medium
CUST6295,Female,23,26,One year,DSL,UPI Autopay,2824.61,67785.51,0,Yes,No,West,No,0,0.204,Low
CUST6296,Male,43,3,Two year,No Internet,Credit Card,721.11,2054.99,1,Yes,No,West,No,0,0.283,Low
CUST6297,Male,68,62,One year,DSL,UPI Autopay,2728.11,168665.84,1,No,Yes,South,Yes,1,0.124,Low
CUST6298,Female,27,19,Month-to-month,No Internet,Bank Transfer,3498.95,68500.68,4,Yes,Yes,Central,Yes,1,0.818,High
CUST6299,Male,62,2,Two year,Fiber,UPI Autopay,1875.41,3578.42,3,Yes,No,North,No,0,0.402,Medium
CUST6300,Male,63,1,One year,Fiber,Credit Card,3023.29,2981.02,0,No,No,East,Yes,1,0.331,Medium
CUST6301,Female,24,44,One year,DSL,Credit Card,2367.55,99578.28,1,No,No,South,No,0,0.155,Low
CUST6302,Female,23,50,One year,DSL,UPI Autopay,633.7,28951.2,1,No,Yes,North,No,0,0.113,Low
CUST6303,Male,41,25,Month-to-month,DSL,Electronic Check,2608.77,62149.57,0,Yes,Yes,East,Yes,1,0.646,Medium
CUST6304,Female,37,28,Two year,Fiber,UPI Autopay,416.39,11367.66,2,Yes,Yes,Central,No,0,0.236,Low
CUST6305,Female,64,13,Two year,DSL,UPI Autopay,3145.96,37649.13,5,Yes,Yes,North,Yes,1,0.418,Medium
CUST6306,Male,54,35,Month-to-month,Fiber,UPI Autopay,803.8,27234.66,2,No,No,South,No,0,0.625,Medium
CUST6307,Female,55,61,Month-to-month,No Internet,Electronic Check,2593.54,156043.56,0,No,No,East,No,0,0.535,Medium
CUST6308,Female,28,23,One year,Fiber,Bank Transfer,1157.23,24066.97,0,Yes,Yes,North,No,0,0.186,Low
CUST6309,Female,68,36,Two year,Fiber,Credit Card,3281.36,112558.88,1,Yes,No,North,No,0,0.226,Low
CUST6310,Female,32,28,Month-to-month,Fiber,UPI Autopay,2845.91,72014.82,3,Yes,No,South,No,0,0.744,High
CUST6311,Female,37,70,Month-to-month,DSL,Credit Card,2684.72,195118.68,2,No,No,Central,Yes,1,0.448,Medium
CUST6312,Female,28,55,One year,Fiber,Electronic Check,400.58,21018.96,1,Yes,No,Central,No,0,0.247,Low
CUST6313,Female,47,65,One year,Fiber,Bank Transfer,3197.4,191426.07,1,No,No,West,No,0,0.164,Low
CUST6314,Male,21,39,Month-to-month,DSL,Electronic Check,3279.79,119236.88,1,Yes,No,East,Yes,1,0.655,Medium
CUST6315,Male,59,43,One year,DSL,Bank Transfer,2747.6,113697.54,0,Yes,No,South,No,0,0.159,Low
CUST6316,Female,39,22,Month-to-month,Fiber,Electronic Check,3146.05,63962.2,2,Yes,No,Central,Yes,1,0.827,High
CUST6317,Male,67,67,Two year,DSL,Electronic Check,1014.59,68292.87,2,No,No,West,No,0,0.196,Low
CUST6318,Male,54,28,One year,Fiber,Bank Transfer,932.57,24405.22,4,No,Yes,South,Yes,1,0.334,Medium
CUST6319,Male,30,52,Two year,No Internet,UPI Autopay,858.72,44542.37,2,Yes,Yes,North,No,0,0.164,Low
CUST6320,Female,22,69,Month-to-month,Fiber,Electronic Check,1786.47,129426.22,6,No,No,Central,No,0,0.783,High
CUST6321,Female,47,28,Month-to-month,Fiber,Electronic Check,1492.53,40963.19,3,Yes,No,Central,Yes,1,0.81,High
CUST6322,Male,54,46,Month-to-month,Fiber,Electronic Check,2983.59,136878.11,5,No,No,Central,Yes,1,0.84,High
CUST6323,Female,62,64,Month-to-month,No Internet,Electronic Check,1675.81,107416.26,0,Yes,No,West,No,0,0.571,Medium
CUST6324,Male,19,35,One year,Fiber,Bank Transfer,1694.75,60150.13,2,Yes,No,East,No,0,0.25,Low
CUST6325,Male,52,14,One year,DSL,Bank Transfer,2930.7,42456.36,2,No,No,West,No,0,0.327,Low
CUST6326,Male,43,55,Month-to-month,Fiber,Bank Transfer,1909.79,94840.37,4,Yes,Yes,East,Yes,1,0.661,High
CUST6327,Male,43,8,Month-to-month,DSL,Bank Transfer,2370.2,18098.65,3,No,No,South,Yes,1,0.743,High
CUST6328,Female,40,62,Month-to-month,DSL,Credit Card,2375.85,148060.5,3,Yes,Yes,South,No,0,0.52,Medium
CUST6329,Male,36,29,One year,Fiber,Electronic Check,1890.67,56530.73,2,No,No,East,No,0,0.356,Medium
CUST6330,Male,67,31,Month-to-month,Fiber,UPI Autopay,499.88,16086.69,3,Yes,No,North,No,0,0.679,High
CUST6331,Female,40,56,Month-to-month,Fiber,Electronic Check,1673.01,94322.49,2,No,No,East,No,0,0.642,Medium
CUST6332,Male,30,18,One year,No Internet,Credit Card,1200.06,20595.89,2,No,No,Central,No,0,0.301,Low
CUST6333,Male,69,11,Month-to-month,Fiber,Bank Transfer,3449.79,36197.67,1,Yes,Yes,South,Yes,1,0.754,High
CUST6334,Female,41,5,Month-to-month,Fiber,Bank Transfer,1325.41,6531.28,0,No,No,North,No,0,0.615,Medium
CUST6335,Female,27,46,Month-to-month,Fiber,Credit Card,1849.64,86890.08,0,Yes,No,Central,Yes,1,0.528,Medium
CUST6336,Female,55,59,Month-to-month,Fiber,UPI Autopay,3340.64,181085.42,0,No,Yes,South,No,0,0.457,Medium
CUST6337,Female,67,28,Month-to-month,Fiber,Bank Transfer,1958.76,53635.33,1,Yes,No,South,No,0,0.648,Medium
CUST6338,Female,39,68,Month-to-month,DSL,Credit Card,2924.04,194481.14,2,Yes,No,East,No,0,0.45,Medium
CUST6339,Female,55,70,Month-to-month,Fiber,UPI Autopay,817.22,54410.03,3,No,Yes,South,No,0,0.536,Medium
CUST6340,Male,51,45,Month-to-month,No Internet,Electronic Check,726.85,32093.13,1,Yes,No,North,Yes,1,0.64,Medium
CUST6341,Female,31,66,Month-to-month,No Internet,UPI Autopay,1065.03,71938.34,1,No,No,Central,No,0,0.466,Medium
CUST6342,Female,45,33,Month-to-month,Fiber,Credit Card,1039.38,35977.85,0,No,No,West,No,0,0.546,Medium
CUST6343,Male,20,23,Month-to-month,DSL,Electronic Check,2064.73,42742.13,1,No,No,West,No,0,0.7,High
CUST6344,Female,63,30,Two year,DSL,Electronic Check,2651.16,80595.79,0,Yes,No,West,No,0,0.255,Low
CUST6345,Male,46,26,One year,DSL,Credit Card,1308.49,31036.54,3,Yes,Yes,Central,No,0,0.283,Low
CUST6346,Male,59,9,One year,Fiber,Electronic Check,2252.4,20968.51,7,Yes,Yes,North,No,0,0.699,High
CUST6347,Female,23,55,Two year,No Internet,UPI Autopay,1263.83,64151.86,3,No,No,Central,No,0,0.208,Low
CUST6348,Female,66,23,Two year,Fiber,Bank Transfer,562.16,12500.03,0,No,Yes,East,No,0,0.159,Low
CUST6349,Female,51,53,One year,Fiber,Credit Card,735.24,40632.0,0,No,Yes,Central,No,0,0.14,Low
CUST6350,Male,53,62,Month-to-month,Fiber,Electronic Check,1542.83,90550.28,1,Yes,Yes,Central,No,0,0.629,Medium
CUST6351,Female,51,42,Month-to-month,Fiber,UPI Autopay,975.85,37581.68,1,No,No,West,No,0,0.568,Medium
CUST6352,Male,18,11,Month-to-month,DSL,Electronic Check,3255.66,34341.63,1,No,Yes,South,No,0,0.749,High
CUST6353,Male,60,44,Month-to-month,Fiber,Bank Transfer,484.2,20153.18,1,Yes,No,Central,Yes,1,0.585,Medium
CUST6354,Female,41,62,Month-to-month,No Internet,Electronic Check,1590.33,94153.08,1,Yes,Yes,Central,No,0,0.608,Medium
CUST6355,Male,67,67,Month-to-month,DSL,Electronic Check,676.61,46672.23,2,No,Yes,North,Yes,1,0.532,Medium
CUST6356,Male,45,30,Month-to-month,Fiber,Credit Card,1185.77,33387.3,4,No,No,East,Yes,1,0.723,High
CUST6357,Female,39,16,One year,Fiber,Electronic Check,2745.55,40749.17,3,Yes,No,West,No,0,0.537,Medium
CUST6358,Female,67,3,Month-to-month,Fiber,Bank Transfer,1884.14,5381.85,5,No,Yes,Central,No,0,0.854,High
CUST6359,Male,33,3,Month-to-month,No Internet,UPI Autopay,1382.38,3836.87,4,No,No,South,No,0,0.799,High
CUST6360,Male,69,41,Two year,DSL,Electronic Check,2164.47,90478.57,1,No,Yes,North,No,0,0.203,Low
CUST6361,Male,39,30,One year,Fiber,Electronic Check,1783.84,49038.16,3,No,Yes,North,No,0,0.382,Medium
CUST6362,Female,36,15,Two year,Fiber,Bank Transfer,2816.29,44114.14,4,No,No,West,No,0,0.432,Medium
CUST6363,Female,55,48,Month-to-month,Fiber,Electronic Check,804.71,37397.2,4,Yes,No,East,No,0,0.762,High
CUST6364,Male,32,50,One year,Fiber,Credit Card,1378.8,69681.41,1,Yes,No,South,No,0,0.185,Low
CUST6365,Female,57,55,Two year,Fiber,UPI Autopay,1085.5,60573.52,0,No,No,North,No,0,0.115,Low
CUST6366,Female,44,71,Month-to-month,No Internet,Bank Transfer,2628.35,173750.62,2,No,Yes,West,No,0,0.502,Medium
CUST6367,Female,56,35,Two year,Fiber,UPI Autopay,2021.74,71621.59,2,Yes,No,Central,No,0,0.267,Low
CUST6368,Male,29,19,Month-to-month,DSL,Electronic Check,2126.99,40297.37,3,Yes,Yes,West,No,0,0.794,High
CUST6369,Male,54,45,One year,DSL,Electronic Check,3006.67,139445.14,0,No,No,West,No,0,0.219,Low
CUST6370,Female,23,10,Month-to-month,Fiber,Credit Card,3068.26,31310.68,4,No,No,North,Yes,1,0.81,High
CUST6371,Female,32,61,Month-to-month,Fiber,Bank Transfer,3454.5,214788.51,2,No,No,Central,No,0,0.562,Medium
CUST6372,Male,69,9,Month-to-month,DSL,Credit Card,1735.18,15283.18,0,Yes,No,West,Yes,1,0.633,Medium
CUST6373,Male,35,53,Month-to-month,Fiber,Electronic Check,838.42,45863.92,4,No,No,Central,Yes,1,0.762,High
CUST6374,Female,61,26,Month-to-month,DSL,Bank Transfer,1119.68,28610.31,0,Yes,Yes,East,Yes,1,0.486,Medium
CUST6375,Male,49,8,Month-to-month,Fiber,Electronic Check,2174.28,16707.22,2,No,Yes,West,Yes,1,0.828,High
CUST6376,Female,44,64,Month-to-month,Fiber,UPI Autopay,2089.2,121204.27,3,Yes,Yes,South,Yes,1,0.585,Medium
CUST6377,Female,68,25,Month-to-month,Fiber,Credit Card,1366.13,32914.47,1,No,No,East,Yes,1,0.611,Medium
CUST6378,Female,52,68,Two year,Fiber,Credit Card,1576.79,107823.09,2,Yes,No,North,No,0,0.149,Low
CUST6379,Female,25,45,Month-to-month,DSL,Bank Transfer,522.69,22287.61,3,No,No,East,Yes,1,0.535,Medium
CUST6380,Female,68,15,One year,Fiber,UPI Autopay,2154.36,30159.1,1,Yes,No,South,No,0,0.31,Low
CUST6381,Male,34,23,One year,Fiber,Credit Card,2235.17,53270.42,0,No,No,East,No,0,0.215,Low
CUST6382,Female,59,42,One year,DSL,Bank Transfer,1194.16,47700.85,1,No,Yes,West,No,0,0.157,Low
CUST6383,Male,65,36,One year,DSL,Credit Card,2787.06,91279.04,0,No,No,East,No,0,0.162,Low
CUST6384,Male,51,1,One year,DSL,Credit Card,988.62,937.87,1,No,Yes,North,No,0,0.221,Low
CUST6385,Female,38,59,Month-to-month,Fiber,Credit Card,1408.8,87209.38,1,Yes,No,South,Yes,1,0.502,Medium
CUST6386,Female,32,12,Month-to-month,Fiber,UPI Autopay,2959.37,34002.25,2,Yes,No,East,Yes,1,0.754,High
CUST6387,Female,54,8,Month-to-month,Fiber,Bank Transfer,1126.6,9443.79,2,No,No,South,Yes,1,0.709,High
CUST6388,Male,36,47,One year,Fiber,Electronic Check,876.48,40093.75,1,No,No,North,Yes,1,0.236,Low
CUST6389,Male,50,18,Month-to-month,DSL,UPI Autopay,3016.39,51286.57,2,No,No,South,Yes,1,0.689,High
CUST6390,Male,66,20,Two year,DSL,UPI Autopay,2413.23,49906.43,2,No,Yes,West,No,0,0.257,Low
CUST6391,Male,61,13,Two year,Fiber,Bank Transfer,3050.87,36069.24,1,No,No,Central,No,0,0.333,Medium
CUST6392,Male,43,46,Two year,No Internet,Electronic Check,1223.35,51874.45,0,No,Yes,East,No,0,0.183,Low
CUST6393,Female,43,55,Month-to-month,Fiber,UPI Autopay,2643.62,145414.44,1,Yes,No,West,Yes,1,0.557,Medium
CUST6394,Female,61,56,One year,No Internet,Electronic Check,829.24,48484.11,1,Yes,No,North,Yes,1,0.222,Low
CUST6395,Male,53,23,Month-to-month,Fiber,Credit Card,3256.34,73549.73,3,No,No,North,No,0,0.755,High
CUST6396,Female,44,54,Two year,DSL,UPI Autopay,1274.64,68107.1,3,No,No,North,No,0,0.155,Low
CUST6397,Male,42,51,Month-to-month,Fiber,Electronic Check,2537.73,128034.71,4,No,No,West,Yes,1,0.787,High
CUST6398,Female,34,71,Month-to-month,Fiber,UPI Autopay,1581.31,103529.79,1,No,Yes,West,No,0,0.449,Medium
CUST6399,Female,60,67,Month-to-month,Fiber,UPI Autopay,1436.79,90647.45,2,No,Yes,West,Yes,1,0.524,Medium
CUST6400,Female,58,28,Month-to-month,Fiber,UPI Autopay,2228.76,64043.64,1,No,No,South,No,0,0.631,Medium
CUST6401,Female,32,44,Month-to-month,DSL,Bank Transfer,1562.39,65128.51,3,No,No,South,No,0,0.577,Medium
CUST6402,Male,68,32,One year,DSL,Bank Transfer,584.14,18923.07,1,No,No,North,No,0,0.16,Low
CUST6403,Female,68,54,Month-to-month,DSL,Bank Transfer,572.72,31787.93,4,Yes,No,West,Yes,1,0.627,Medium
CUST6404,Male,45,11,One year,DSL,Credit Card,330.78,3409.09,0,No,No,East,No,0,0.162,Low
CUST6405,Female,30,54,Two year,Fiber,Electronic Check,1614.49,88596.36,1,No,No,North,No,0,0.197,Low
CUST6406,Male,43,61,Two year,DSL,Credit Card,420.03,24136.72,3,No,Yes,South,No,0,0.145,Low
CUST6407,Female,23,9,Two year,No Internet,UPI Autopay,1928.23,15752.67,0,Yes,No,West,No,0,0.253,Low
CUST6408,Male,60,34,Month-to-month,Fiber,Bank Transfer,2363.38,76962.46,3,No,No,North,No,0,0.696,High
CUST6409,Male,69,14,Month-to-month,Fiber,Bank Transfer,1428.32,18008.27,0,No,Yes,Central,No,0,0.635,Medium
CUST6410,Female,22,32,Month-to-month,No Internet,Credit Card,1970.91,57482.59,2,No,No,South,Yes,1,0.638,Medium
CUST6411,Male,41,23,Month-to-month,Fiber,UPI Autopay,1475.05,34871.45,2,No,No,North,Yes,1,0.658,Medium
CUST6412,Male,64,43,One year,No Internet,UPI Autopay,2310.24,98680.15,2,Yes,No,South,No,0,0.255,Low
CUST6413,Female,58,45,Two year,DSL,Electronic Check,1899.28,87695.35,1,Yes,Yes,East,No,0,0.196,Low
CUST6414,Female,55,33,Month-to-month,DSL,Credit Card,2675.18,86805.71,3,No,No,Central,Yes,1,0.674,High
CUST6415,Male,53,55,Month-to-month,Fiber,Bank Transfer,2756.91,145789.25,1,No,Yes,Central,No,0,0.545,Medium
CUST6416,Male,64,68,One year,Fiber,Electronic Check,1948.91,134057.83,1,Yes,No,Central,No,0,0.24,Low
CUST6417,Male,25,31,Month-to-month,Fiber,Credit Card,3259.14,103069.19,1,Yes,Yes,North,No,0,0.628,Medium
CUST6418,Female,62,57,Month-to-month,Fiber,Electronic Check,3217.12,167183.71,2,Yes,No,Central,Yes,1,0.721,High
CUST6419,Male,22,40,Two year,Fiber,UPI Autopay,2595.24,102183.72,2,Yes,No,South,No,0,0.241,Low
CUST6420,Male,27,64,One year,DSL,Credit Card,1530.99,96386.63,2,No,No,Central,No,0,0.148,Low
CUST6421,Female,53,25,Month-to-month,Fiber,Electronic Check,2010.33,48938.52,3,Yes,No,West,Yes,1,0.827,High
CUST6422,Female,18,8,Month-to-month,No Internet,Bank Transfer,892.96,6731.68,2,No,No,South,No,0,0.681,High
CUST6423,Female,48,43,Two year,DSL,Credit Card,3315.45,149661.8,0,Yes,Yes,South,No,0,0.132,Low
CUST6424,Female,52,44,Month-to-month,Fiber,UPI Autopay,701.73,28461.68,1,No,No,West,No,0,0.555,Medium
CUST6425,Male,32,61,One year,Fiber,Credit Card,772.76,49056.77,3,Yes,Yes,North,Yes,1,0.197,Low
CUST6426,Female,62,9,Month-to-month,DSL,Credit Card,1773.58,15617.26,3,No,No,South,Yes,1,0.719,High
CUST6427,Female,32,32,Month-to-month,Fiber,Credit Card,2813.9,88704.0,3,Yes,No,East,No,0,0.715,High
CUST6428,Male,48,42,Month-to-month,DSL,Electronic Check,3295.38,141873.14,2,No,Yes,South,No,0,0.673,High
CUST6429,Female,26,18,One year,Fiber,UPI Autopay,1161.7,21060.25,3,Yes,No,East,No,0,0.324,Low
CUST6430,Male,54,48,One year,Fiber,Electronic Check,1401.13,60706.91,0,Yes,No,East,No,0,0.231,Low
CUST6431,Male,19,12,Month-to-month,No Internet,UPI Autopay,2271.01,26309.33,1,Yes,No,East,Yes,1,0.688,High
CUST6432,Female,22,5,Two year,Fiber,UPI Autopay,1677.35,7926.36,1,No,No,West,No,0,0.286,Low
CUST6433,Male,44,57,One year,Fiber,Bank Transfer,2526.76,142028.97,3,Yes,No,East,No,0,0.239,Low
CUST6434,Male,31,67,One year,DSL,Bank Transfer,2371.31,163933.8,1,No,No,Central,No,0,0.121,Low
CUST6435,Female,23,66,Month-to-month,DSL,Credit Card,609.41,41061.86,1,No,Yes,Central,Yes,1,0.389,Medium
CUST6436,Female,32,10,Two year,DSL,UPI Autopay,301.59,2998.3,0,No,No,North,No,0,0.138,Low
CUST6437,Female,43,37,Two year,Fiber,Credit Card,2454.12,88549.06,0,No,No,East,No,0,0.163,Low
CUST6438,Male,27,9,One year,DSL,Electronic Check,2573.64,22506.65,2,No,No,West,No,0,0.429,Medium
CUST6439,Male,33,31,Month-to-month,Fiber,Credit Card,1388.6,40385.49,3,No,No,West,No,0,0.707,High
CUST6440,Male,39,15,Month-to-month,Fiber,UPI Autopay,1812.74,25287.2,0,Yes,No,North,No,0,0.625,Medium
CUST6441,Female,24,18,One year,DSL,UPI Autopay,3269.77,54486.32,2,Yes,No,West,No,0,0.321,Low
CUST6442,Male,64,28,Month-to-month,DSL,UPI Autopay,355.97,10344.65,1,No,No,Central,No,0,0.547,Medium
CUST6443,Female,67,41,One year,DSL,Bank Transfer,1225.25,46671.56,4,No,No,West,No,0,0.272,Low
CUST6444,Female,67,32,One year,DSL,Credit Card,880.35,26394.52,2,No,No,South,No,0,0.201,Low
CUST6445,Male,27,11,Month-to-month,Fiber,Bank Transfer,2477.43,26434.5,2,No,No,South,No,0,0.743,High
CUST6446,Male,30,26,Month-to-month,Fiber,UPI Autopay,1929.22,46256.06,2,Yes,Yes,East,Yes,1,0.669,High
CUST6447,Female,38,33,Month-to-month,DSL,Credit Card,2837.38,96292.26,1,Yes,No,North,No,0,0.553,Medium
CUST6448,Male,30,48,Month-to-month,No Internet,UPI Autopay,1025.29,44977.84,1,Yes,Yes,North,No,0,0.506,Medium
CUST6449,Female,52,35,Month-to-month,No Internet,Electronic Check,1858.25,60747.18,2,Yes,No,West,No,0,0.761,High
CUST6450,Male,37,53,Month-to-month,Fiber,UPI Autopay,1056.98,56029.36,2,Yes,No,West,Yes,1,0.601,Medium
CUST6451,Female,53,28,One year,Fiber,Electronic Check,1409.37,38848.74,0,No,No,East,No,0,0.262,Low
CUST6452,Female,20,70,One year,Fiber,Electronic Check,853.02,58670.81,2,No,Yes,North,No,0,0.195,Low
CUST6453,Female,58,4,Month-to-month,Fiber,UPI Autopay,2759.21,10105.57,1,Yes,No,Central,No,0,0.773,High
CUST6454,Female,31,65,Two year,Fiber,UPI Autopay,2916.77,174242.31,2,No,No,North,No,0,0.149,Low
CUST6455,Male,62,19,Two year,Fiber,Bank Transfer,1920.7,35811.05,3,Yes,Yes,West,No,0,0.363,Medium
CUST6456,Female,25,70,One year,DSL,Bank Transfer,1899.98,130697.27,3,Yes,No,North,No,0,0.146,Low
CUST6457,Male,50,2,Two year,DSL,Electronic Check,427.39,879.92,3,No,No,Central,Yes,1,0.395,Medium
CUST6458,Male,38,43,One year,Fiber,Bank Transfer,566.04,21925.34,4,Yes,Yes,East,No,0,0.282,Low
CUST6459,Female,35,22,Month-to-month,Fiber,Bank Transfer,2310.96,47205.71,1,No,No,North,Yes,1,0.634,Medium
CUST6460,Male,28,58,One year,Fiber,UPI Autopay,2963.82,162249.55,3,Yes,No,West,No,0,0.263,Low
CUST6461,Female,42,15,One year,Fiber,Electronic Check,2513.94,38084.46,2,No,No,South,Yes,1,0.442,Medium
CUST6462,Male,27,56,Month-to-month,No Internet,Bank Transfer,1324.53,68213.19,4,No,No,South,Yes,1,0.642,Medium
CUST6463,Female,66,42,One year,DSL,Bank Transfer,2555.49,106730.3,2,Yes,No,Central,No,0,0.229,Low
CUST6464,Male,37,11,Month-to-month,DSL,Electronic Check,3237.66,34391.69,4,Yes,No,Central,Yes,1,0.876,High
CUST6465,Female,46,34,Month-to-month,DSL,UPI Autopay,3257.35,114387.65,3,No,No,East,No,0,0.644,Medium
CUST6466,Female,36,46,Month-to-month,DSL,Bank Transfer,2520.76,113451.08,4,No,No,North,Yes,1,0.617,Medium
CUST6467,Male,52,61,Month-to-month,DSL,Bank Transfer,525.68,31313.04,0,No,No,East,No,0,0.359,Medium
CUST6468,Female,69,2,Month-to-month,DSL,Credit Card,2945.0,5884.72,0,Yes,Yes,East,Yes,1,0.656,Medium
CUST6469,Male,39,23,Month-to-month,Fiber,Credit Card,1568.88,37813.13,2,No,No,West,No,0,0.696,High
CUST6470,Female,56,51,One year,DSL,Electronic Check,1912.96,94467.39,0,Yes,No,South,No,0,0.186,Low
CUST6471,Female,27,46,Month-to-month,Fiber,Credit Card,1939.96,90995.15,1,Yes,No,East,No,0,0.544,Medium
CUST6472,Male,51,41,One year,Fiber,UPI Autopay,3067.62,124276.48,2,Yes,Yes,North,No,0,0.25,Low
CUST6473,Male,67,14,Month-to-month,Fiber,Credit Card,2486.32,34177.49,4,Yes,No,Central,Yes,1,0.84,High
CUST6474,Female,44,59,Two year,DSL,Electronic Check,3269.94,191441.74,3,Yes,No,North,No,0,0.237,Low
CUST6475,Female,44,56,One year,Fiber,Bank Transfer,806.62,45985.89,2,No,No,Central,No,0,0.197,Low
CUST6476,Male,41,31,Month-to-month,DSL,Credit Card,408.75,12499.19,2,No,Yes,East,No,0,0.529,Medium
CUST6477,Female,40,28,Month-to-month,DSL,Bank Transfer,3299.74,84970.66,0,No,Yes,Central,No,0,0.555,Medium
CUST6478,Female,48,31,Two year,DSL,Credit Card,3218.6,97709.5,3,Yes,No,North,No,0,0.26,Low
CUST6479,Male,46,57,Two year,Fiber,Bank Transfer,436.05,23047.58,1,No,No,East,No,0,0.136,Low
CUST6480,Female,24,22,Month-to-month,Fiber,Credit Card,923.41,20682.99,0,No,No,East,No,0,0.538,Medium
CUST6481,Male,42,39,Month-to-month,DSL,Electronic Check,764.94,27740.32,1,Yes,No,Central,Yes,1,0.641,Medium
CUST6482,Male,21,41,Month-to-month,DSL,UPI Autopay,3122.35,128872.76,3,No,Yes,North,Yes,1,0.589,Medium
CUST6483,Male,24,19,One year,Fiber,Credit Card,479.83,9126.48,1,No,Yes,North,No,0,0.202,Low
CUST6484,Female,44,58,One year,Fiber,Bank Transfer,2169.12,114179.08,1,No,No,East,No,0,0.156,Low
CUST6485,Female,57,40,Month-to-month,Fiber,Electronic Check,2223.99,84857.06,2,Yes,No,West,No,0,0.759,High
CUST6486,Female,26,10,Month-to-month,DSL,Bank Transfer,3278.63,33795.34,4,No,No,East,Yes,1,0.777,High
CUST6487,Female,43,41,Month-to-month,Fiber,Credit Card,2030.62,85430.49,5,Yes,Yes,East,No,0,0.738,High
CUST6488,Female,24,40,Month-to-month,No Internet,Electronic Check,680.55,26976.92,2,Yes,Yes,Central,No,0,0.702,High
CUST6489,Male,59,52,One year,No Internet,UPI Autopay,3032.85,148807.46,3,No,No,West,No,0,0.275,Low
CUST6490,Male,40,24,Two year,Fiber,Bank Transfer,2245.39,49451.05,0,Yes,No,East,No,0,0.212,Low
CUST6491,Male,36,12,Month-to-month,DSL,Electronic Check,2989.24,34564.27,2,No,No,South,No,0,0.789,High
CUST6492,Female,33,69,Two year,Fiber,Bank Transfer,1025.65,73342.01,4,No,No,Central,No,0,0.212,Low
CUST6493,Male,22,35,One year,Fiber,Electronic Check,789.13,28747.89,2,No,Yes,North,No,0,0.287,Low
CUST6494,Female,61,7,Month-to-month,DSL,Bank Transfer,1159.92,7997.69,2,No,Yes,West,Yes,1,0.665,High
CUST6495,Male,39,24,Month-to-month,Fiber,UPI Autopay,3436.26,76997.76,0,No,No,North,No,0,0.624,Medium
CUST6496,Male,61,52,Month-to-month,DSL,Bank Transfer,1029.42,48541.85,1,No,No,West,No,0,0.483,Medium
CUST6497,Female,58,48,One year,DSL,UPI Autopay,2482.79,113118.23,2,Yes,No,West,No,0,0.208,Low
CUST6498,Male,50,64,Month-to-month,Fiber,Electronic Check,3303.56,200010.32,0,Yes,Yes,North,Yes,1,0.547,Medium
CUST6499,Female,59,66,Month-to-month,Fiber,Bank Transfer,1024.17,65091.76,3,No,No,North,No,0,0.548,Medium
CUST6500,Female,49,31,Month-to-month,Fiber,Electronic Check,1687.46,48831.0,4,No,Yes,East,No,0,0.795,High
CUST6501,Male,49,41,Month-to-month,No Internet,Bank Transfer,594.77,25460.65,1,No,Yes,North,No,0,0.507,Medium
CUST6502,Female,46,56,Two year,Fiber,UPI Autopay,1595.87,85739.06,1,No,No,Central,No,0,0.159,Low
CUST6503,Female,59,65,One year,No Internet,Credit Card,439.7,26406.48,5,Yes,Yes,South,Yes,1,0.269,Low
CUST6504,Male,36,62,Two year,DSL,Electronic Check,604.9,37115.03,2,Yes,No,North,No,0,0.183,Low
CUST6505,Male,20,9,Month-to-month,DSL,UPI Autopay,2616.12,23468.07,2,No,No,East,Yes,1,0.686,High
CUST6506,Male,19,67,Month-to-month,DSL,Electronic Check,1329.93,80296.54,2,Yes,No,East,No,0,0.56,Medium
CUST6507,Female,28,30,One year,DSL,Credit Card,467.01,13793.44,3,No,No,East,No,0,0.209,Low
CUST6508,Female,26,11,Two year,Fiber,UPI Autopay,984.9,9866.64,0,Yes,No,North,No,0,0.198,Low
CUST6509,Female,66,22,Month-to-month,No Internet,Bank Transfer,2251.78,49312.15,1,No,No,Central,Yes,1,0.674,High
CUST6510,Male,46,1,Two year,No Internet,Credit Card,1564.08,1412.79,4,No,No,East,Yes,1,0.412,Medium
CUST6511,Female,68,58,One year,DSL,Credit Card,613.66,36295.13,1,Yes,No,North,No,0,0.124,Low
CUST6512,Female,43,56,Month-to-month,Fiber,Electronic Check,834.34,44647.91,2,Yes,Yes,South,No,0,0.653,Medium
CUST6513,Male,36,26,Month-to-month,Fiber,Electronic Check,365.04,8552.59,1,No,No,Central,No,0,0.706,High
CUST6514,Female,68,28,Month-to-month,Fiber,UPI Autopay,1790.63,46681.29,0,No,No,Central,Yes,1,0.6,Medium
CUST6515,Male,57,45,Month-to-month,DSL,UPI Autopay,1609.44,68183.47,7,No,Yes,South,No,0,0.755,High
CUST6516,Male,52,6,Month-to-month,Fiber,UPI Autopay,1754.8,9973.38,6,No,No,South,Yes,1,0.867,High
CUST6517,Male,29,51,One year,Fiber,Bank Transfer,2754.65,130396.55,4,Yes,No,North,No,0,0.296,Low
CUST6518,Female,30,25,Month-to-month,Fiber,UPI Autopay,880.1,20109.08,1,Yes,No,Central,Yes,1,0.633,Medium
CUST6519,Female,29,38,Month-to-month,Fiber,UPI Autopay,2390.71,86254.76,5,No,Yes,North,No,0,0.733,High
CUST6520,Male,26,29,Month-to-month,Fiber,Credit Card,2621.95,77519.79,1,Yes,Yes,South,Yes,1,0.639,Medium
CUST6521,Male,69,39,Two year,No Internet,Bank Transfer,2679.24,95097.39,3,No,No,Central,No,0,0.303,Low
CUST6522,Female,36,38,Two year,Fiber,Credit Card,1605.46,57792.82,0,No,Yes,West,No,0,0.159,Low
CUST6523,Male,23,50,Two year,No Internet,Electronic Check,1690.6,76488.23,1,No,No,West,No,0,0.24,Low
CUST6524,Male,24,42,Month-to-month,DSL,Bank Transfer,2855.88,109561.02,1,Yes,No,South,Yes,1,0.543,Medium
CUST6525,Female,54,10,Two year,Fiber,Electronic Check,1507.13,15290.74,2,No,No,North,No,0,0.382,Medium
CUST6526,Female,20,52,Month-to-month,Fiber,Electronic Check,3027.12,157019.16,0,No,No,South,No,0,0.586,Medium
CUST6527,Female,60,3,Month-to-month,DSL,Bank Transfer,1413.31,3840.0,2,Yes,No,Central,No,0,0.718,High
CUST6528,Male,62,64,Month-to-month,Fiber,Electronic Check,3467.01,208030.76,2,No,Yes,East,No,0,0.638,Medium
CUST6529,Male,61,15,One year,Fiber,Credit Card,581.69,8839.15,1,No,No,Central,Yes,1,0.267,Low
CUST6530,Female,38,24,Month-to-month,Fiber,Credit Card,1990.84,44701.4,1,Yes,Yes,Central,No,0,0.66,Medium
CUST6531,Male,36,2,One year,Fiber,Bank Transfer,795.91,1570.99,1,No,No,West,No,0,0.299,Low
CUST6532,Female,28,54,Two year,DSL,Bank Transfer,2637.94,139741.24,5,No,Yes,East,No,0,0.217,Low
CUST6533,Male,68,44,Two year,No Internet,Credit Card,2122.89,87685.83,2,No,No,North,No,0,0.206,Low
CUST6534,Female,46,65,Month-to-month,DSL,Electronic Check,3474.51,234329.14,2,No,No,West,No,0,0.587,Medium
CUST6535,Female,25,27,Month-to-month,Fiber,Electronic Check,1531.26,42442.47,1,Yes,No,Central,No,0,0.736,High
CUST6536,Female,39,53,Month-to-month,No Internet,UPI Autopay,862.08,42857.54,1,No,No,Central,Yes,1,0.516,Medium
CUST6537,Male,67,20,One year,Fiber,UPI Autopay,2378.0,49427.56,1,No,No,North,Yes,1,0.272,Low
CUST6538,Female,48,71,Month-to-month,Fiber,UPI Autopay,2316.53,153058.36,4,Yes,No,South,Yes,1,0.62,Medium
CUST6539,Male,24,43,Month-to-month,No Internet,UPI Autopay,2986.29,120404.44,0,No,No,West,Yes,1,0.548,Medium
CUST6540,Male,66,68,Month-to-month,DSL,Credit Card,2689.81,184172.4,3,No,No,East,Yes,1,0.497,Medium
CUST6541,Female,49,50,Two year,Fiber,Electronic Check,672.97,33356.35,2,Yes,No,South,No,0,0.269,Low
CUST6542,Female,26,59,One year,Fiber,Electronic Check,806.87,43016.64,1,No,No,Central,No,0,0.227,Low
CUST6543,Female,35,54,Month-to-month,DSL,Electronic Check,2490.68,137565.01,1,No,No,East,No,0,0.544,Medium
CUST6544,Male,56,53,Month-to-month,Fiber,Bank Transfer,1244.1,61966.76,3,No,No,North,No,0,0.605,Medium
CUST6545,Male,29,38,Month-to-month,DSL,Electronic Check,2165.42,78440.32,3,Yes,Yes,West,No,0,0.739,High
CUST6546,Female,55,54,Two year,Fiber,UPI Autopay,1862.57,103522.26,0,Yes,No,East,No,0,0.131,Low
CUST6547,Male,41,6,One year,Fiber,UPI Autopay,3299.27,19601.78,3,Yes,Yes,West,No,0,0.491,Medium
CUST6548,Female,53,33,Month-to-month,No Internet,Bank Transfer,539.38,18649.1,1,No,No,Central,No,0,0.58,Medium
CUST6549,Male,40,57,Month-to-month,DSL,Electronic Check,2541.37,151009.71,1,Yes,Yes,South,No,0,0.56,Medium
CUST6550,Female,22,20,Two year,DSL,Credit Card,2085.07,38870.76,2,No,No,South,No,0,0.225,Low
CUST6551,Female,67,36,Month-to-month,DSL,Bank Transfer,1680.31,55387.56,4,No,No,South,No,0,0.672,High
CUST6552,Male,47,22,Two year,DSL,UPI Autopay,2273.39,48687.42,1,Yes,Yes,East,No,0,0.198,Low
CUST6553,Female,56,38,Month-to-month,Fiber,Bank Transfer,2424.0,92543.55,2,Yes,No,West,No,0,0.679,High
CUST6554,Female,57,28,Month-to-month,Fiber,UPI Autopay,3267.76,93248.46,3,Yes,No,South,Yes,1,0.758,High
CUST6555,Male,54,60,Two year,No Internet,UPI Autopay,2165.53,118183.31,0,No,Yes,South,No,0,0.118,Low
CUST6556,Male,46,6,One year,DSL,Electronic Check,1294.89,7634.31,4,No,No,North,Yes,1,0.454,Medium
CUST6557,Female,35,15,Two year,DSL,Electronic Check,1087.19,15754.45,2,Yes,No,South,No,0,0.317,Low
CUST6558,Female,39,45,One year,DSL,Electronic Check,3096.12,137710.18,0,Yes,Yes,Central,No,0,0.216,Low
CUST6559,Male,19,4,Two year,Fiber,UPI Autopay,2368.78,8841.59,2,No,No,West,Yes,1,0.369,Medium
CUST6560,Male,26,58,One year,DSL,UPI Autopay,495.16,27368.3,3,Yes,No,East,Yes,1,0.172,Low
CUST6561,Female,40,61,Month-to-month,DSL,UPI Autopay,581.66,32665.12,2,No,Yes,East,No,0,0.427,Medium
CUST6562,Male,22,46,Two year,Fiber,Credit Card,1575.28,67865.35,1,Yes,Yes,North,No,0,0.16,Low
CUST6563,Female,47,55,Two year,Fiber,Electronic Check,2011.35,100886.55,5,No,Yes,Central,No,0,0.395,Medium
CUST6564,Female,30,9,Month-to-month,Fiber,Credit Card,398.12,3600.94,3,No,Yes,Central,No,0,0.72,High
CUST6565,Female,27,49,Month-to-month,No Internet,Electronic Check,2018.02,101121.47,1,Yes,No,North,No,0,0.626,Medium
CUST6566,Female,45,44,Month-to-month,Fiber,Electronic Check,1591.5,72976.75,1,No,Yes,West,Yes,1,0.657,Medium
CUST6567,Female,46,2,Two year,Fiber,Credit Card,2024.86,4204.36,3,No,No,West,No,0,0.412,Medium
CUST6568,Female,44,61,Month-to-month,DSL,UPI Autopay,2006.95,113571.19,2,No,No,North,No,0,0.454,Medium
CUST6569,Female,27,38,One year,DSL,UPI Autopay,351.49,13687.98,2,Yes,No,Central,No,0,0.194,Low
CUST6570,Male,45,54,Month-to-month,DSL,Bank Transfer,1073.34,57938.46,3,Yes,No,Central,No,0,0.587,Medium
CUST6571,Female,21,55,Month-to-month,Fiber,UPI Autopay,1384.27,77308.4,2,Yes,No,Central,Yes,1,0.582,Medium
CUST6572,Male,34,48,One year,DSL,UPI Autopay,486.08,21137.78,2,Yes,Yes,West,No,0,0.176,Low
CUST6573,Male,31,22,Two year,No Internet,Electronic Check,611.05,12106.92,2,No,Yes,North,No,0,0.294,Low
CUST6574,Female,36,31,One year,Fiber,UPI Autopay,3150.04,99007.36,4,No,No,Central,No,0,0.397,Medium
CUST6575,Female,41,64,Month-to-month,No Internet,Electronic Check,2044.46,134082.29,1,Yes,No,South,No,0,0.591,Medium
CUST6576,Male,50,17,Month-to-month,Fiber,Credit Card,1735.45,29622.17,1,Yes,No,North,Yes,1,0.665,High
CUST6577,Female,51,35,Month-to-month,Fiber,UPI Autopay,2583.26,87544.93,1,No,No,North,Yes,1,0.592,Medium
CUST6578,Female,31,64,Month-to-month,Fiber,Electronic Check,1622.98,105439.4,5,Yes,No,Central,No,0,0.78,High
CUST6579,Male,35,64,One year,DSL,UPI Autopay,2841.92,168803.84,2,Yes,No,Central,No,0,0.169,Low
CUST6580,Male,24,7,One year,Fiber,Credit Card,3332.61,23275.96,2,No,No,North,No,0,0.387,Medium
CUST6581,Female,38,14,Month-to-month,Fiber,Bank Transfer,3004.46,43692.63,1,No,No,Central,No,0,0.722,High
CUST6582,Female,25,26,Month-to-month,DSL,Credit Card,452.87,11837.35,2,Yes,No,East,No,0,0.563,Medium
CUST6583,Female,68,16,One year,Fiber,Electronic Check,1010.48,14968.0,3,No,No,South,No,0,0.443,Medium
CUST6584,Male,64,50,Two year,Fiber,UPI Autopay,2602.81,132969.51,3,No,No,North,No,0,0.228,Low
CUST6585,Male,35,1,Month-to-month,DSL,UPI Autopay,2264.24,2264.54,3,No,No,North,No,0,0.744,High
CUST6586,Female,41,20,Month-to-month,No Internet,Bank Transfer,2415.09,49961.09,0,Yes,Yes,South,No,0,0.614,Medium
CUST6587,Female,65,70,One year,DSL,Bank Transfer,692.81,47045.76,3,No,No,South,No,0,0.153,Low
CUST6588,Female,61,42,Two year,DSL,Credit Card,1511.04,64955.91,0,No,Yes,West,No,0,0.122,Low
CUST6589,Female,40,19,Two year,DSL,Electronic Check,2695.51,46735.27,3,No,No,West,No,0,0.409,Medium
CUST6590,Male,36,14,Two year,DSL,UPI Autopay,2895.38,37656.16,5,Yes,No,North,No,0,0.415,Medium
CUST6591,Female,34,20,Month-to-month,Fiber,Credit Card,1053.44,19953.32,3,Yes,No,North,No,0,0.706,High
CUST6592,Female,64,31,One year,Fiber,Electronic Check,3335.69,96406.88,6,No,Yes,East,No,0,0.579,Medium
CUST6593,Male,47,10,One year,DSL,UPI Autopay,2972.18,27240.38,4,Yes,No,Central,Yes,1,0.462,Medium
CUST6594,Female,23,68,Month-to-month,No Internet,UPI Autopay,720.97,50653.21,1,No,Yes,East,No,0,0.404,Medium
CUST6595,Female,25,4,Two year,DSL,Bank Transfer,2895.8,11869.22,3,No,No,Central,No,0,0.371,Medium
CUST6596,Male,52,53,One year,Fiber,Credit Card,2875.11,147506.85,3,No,No,East,No,0,0.245,Low
CUST6597,Female,58,66,Two year,DSL,Credit Card,1164.23,80511.65,2,Yes,No,Central,No,0,0.14,Low
CUST6598,Female,18,50,Month-to-month,DSL,Electronic Check,3338.52,173972.74,1,No,Yes,North,No,0,0.545,Medium
CUST6599,Male,63,30,Month-to-month,DSL,Credit Card,1483.06,40768.4,0,Yes,No,East,No,0,0.509,Medium
CUST6600,Female,43,25,Month-to-month,Fiber,Credit Card,516.0,11930.26,0,Yes,No,South,Yes,1,0.557,Medium
CUST6601,Male,28,56,Month-to-month,No Internet,UPI Autopay,1420.71,80236.39,5,No,Yes,West,No,0,0.69,High
CUST6602,Male,40,53,Two year,DSL,Electronic Check,3098.55,151617.23,4,No,No,South,No,0,0.311,Low
CUST6603,Female,29,26,Month-to-month,DSL,Credit Card,938.07,22122.56,2,No,No,South,No,0,0.575,Medium
CUST6604,Male,20,5,Month-to-month,DSL,Bank Transfer,594.49,2971.45,1,Yes,Yes,North,Yes,1,0.573,Medium
CUST6605,Female,40,43,Two year,DSL,Credit Card,2823.83,119552.2,4,Yes,No,North,No,0,0.244,Low
CUST6606,Male,56,11,Two year,No Internet,Credit Card,2231.74,22671.1,0,No,No,Central,No,0,0.262,Low
CUST6607,Male,25,5,Two year,Fiber,UPI Autopay,540.56,2611.56,1,No,Yes,West,No,0,0.244,Low
CUST6608,Male,34,38,Month-to-month,Fiber,Credit Card,2455.11,97260.1,1,No,No,North,Yes,1,0.574,Medium
CUST6609,Female,28,61,Two year,No Internet,Electronic Check,3387.81,189919.04,2,Yes,Yes,East,Yes,1,0.233,Low
CUST6610,Male,22,68,Month-to-month,Fiber,Credit Card,2259.59,146156.41,4,Yes,No,West,Yes,1,0.648,Medium
CUST6611,Female,39,21,Two year,No Internet,Credit Card,3073.05,63064.46,4,No,Yes,South,No,0,0.375,Medium
CUST6612,Male,46,45,Month-to-month,Fiber,Electronic Check,2592.57,112370.99,0,No,Yes,South,No,0,0.62,Medium
CUST6613,Female,34,36,Month-to-month,Fiber,Bank Transfer,3191.04,105520.97,3,No,No,North,No,0,0.691,High
CUST6614,Female,64,65,One year,Fiber,UPI Autopay,1948.37,116787.43,0,Yes,Yes,East,No,0,0.123,Low
CUST6615,Female,24,6,Month-to-month,Fiber,Credit Card,618.36,3658.89,1,Yes,No,South,Yes,1,0.658,Medium
CUST6616,Female,53,48,Month-to-month,Fiber,UPI Autopay,1816.97,83745.73,3,No,No,Central,No,0,0.659,Medium
CUST6617,Male,67,44,One year,DSL,Electronic Check,3371.24,152412.44,2,No,No,West,No,0,0.31,Low
CUST6618,Male,68,10,Month-to-month,Fiber,Bank Transfer,2568.42,26254.4,3,Yes,No,North,Yes,1,0.797,High
CUST6619,Female,42,71,Month-to-month,Fiber,Credit Card,2492.06,168314.3,1,Yes,Yes,West,No,0,0.475,Medium
CUST6620,Female,62,51,Month-to-month,Fiber,UPI Autopay,1756.22,84451.86,2,Yes,No,West,No,0,0.622,Medium
CUST6621,Female,69,2,Two year,DSL,Credit Card,502.82,921.67,2,No,Yes,East,No,0,0.221,Low
CUST6622,Female,68,11,Month-to-month,DSL,UPI Autopay,2375.1,24839.69,2,No,No,East,Yes,1,0.681,High
CUST6623,Male,63,4,Month-to-month,DSL,Electronic Check,1693.18,6151.08,4,Yes,No,East,No,0,0.847,High
CUST6624,Female,66,51,Two year,Fiber,UPI Autopay,799.62,39024.39,1,No,No,East,No,0,0.148,Low
CUST6625,Male,21,53,Two year,No Internet,Credit Card,3348.04,169376.04,2,No,No,West,No,0,0.205,Low
CUST6626,Male,33,3,Two year,DSL,UPI Autopay,879.13,2383.34,3,Yes,No,North,Yes,1,0.285,Low
CUST6627,Male,18,46,Two year,DSL,UPI Autopay,580.14,25684.51,4,No,Yes,Central,No,0,0.209,Low
CUST6628,Male,33,18,Month-to-month,Fiber,Credit Card,2267.4,40040.41,1,No,Yes,South,Yes,1,0.659,Medium
CUST6629,Female,62,22,Month-to-month,Fiber,Credit Card,3249.3,65366.27,3,Yes,No,South,Yes,1,0.784,High
CUST6630,Female,29,41,Two year,Fiber,Credit Card,2983.29,112679.16,3,Yes,Yes,North,No,0,0.255,Low
CUST6631,Male,69,59,Month-to-month,Fiber,Bank Transfer,1155.89,61864.72,0,No,Yes,West,Yes,1,0.466,Medium
CUST6632,Male,49,62,Month-to-month,No Internet,Credit Card,3163.19,192165.41,3,Yes,No,North,No,0,0.597,Medium
CUST6633,Female,60,12,One year,No Internet,Credit Card,3208.11,34662.54,3,No,Yes,East,No,0,0.399,Medium
CUST6634,Male,34,5,Month-to-month,No Internet,UPI Autopay,1794.37,8744.83,1,No,No,West,No,0,0.713,High
CUST6635,Male,38,60,Month-to-month,Fiber,Credit Card,2642.64,157824.02,3,Yes,No,North,No,0,0.602,Medium
CUST6636,Male,63,14,One year,DSL,UPI Autopay,3403.36,48157.72,4,No,Yes,Central,Yes,1,0.431,Medium
CUST6637,Male,33,8,One year,DSL,UPI Autopay,1237.14,10374.09,2,No,No,Central,No,0,0.283,Low
CUST6638,Male,35,45,Two year,Fiber,UPI Autopay,3223.52,142573.38,1,Yes,No,East,No,0,0.195,Low
CUST6639,Male,26,42,Month-to-month,DSL,UPI Autopay,2299.83,98118.39,0,No,Yes,South,No,0,0.439,Medium
CUST6640,Male,45,60,Month-to-month,No Internet,Bank Transfer,527.35,32580.85,5,Yes,No,Central,Yes,1,0.707,High
CUST6641,Male,68,61,Month-to-month,Fiber,Electronic Check,3462.84,221787.27,2,No,No,East,Yes,1,0.654,Medium
CUST6642,Female,53,57,One year,DSL,Credit Card,2160.28,112774.19,3,Yes,No,West,Yes,1,0.213,Low
CUST6643,Female,26,31,Month-to-month,Fiber,UPI Autopay,675.54,19403.79,1,No,Yes,West,No,0,0.571,Medium
CUST6644,Female,50,1,Month-to-month,Fiber,Electronic Check,1953.26,1868.71,0,No,No,West,Yes,1,0.78,High
CUST6645,Male,45,9,One year,Fiber,Credit Card,2093.38,17436.09,2,Yes,Yes,West,No,0,0.381,Medium
CUST6646,Female,65,6,Month-to-month,DSL,UPI Autopay,1622.15,8850.02,1,No,No,South,No,0,0.637,Medium
CUST6647,Male,18,67,One year,No Internet,Credit Card,760.7,47979.03,3,Yes,Yes,West,No,0,0.202,Low
CUST6648,Male,40,18,Two year,Fiber,Electronic Check,681.36,12509.13,2,Yes,Yes,South,No,0,0.351,Medium
CUST6649,Female,56,32,Month-to-month,Fiber,Bank Transfer,2196.64,68118.41,2,No,Yes,South,Yes,1,0.649,Medium
CUST6650,Female,45,17,Two year,Fiber,UPI Autopay,440.73,7313.2,1,Yes,No,East,No,0,0.213,Low
CUST6651,Male,18,22,Month-to-month,DSL,Credit Card,1908.28,42413.3,1,No,No,Central,Yes,1,0.597,Medium
CUST6652,Male,45,58,Month-to-month,Fiber,Electronic Check,2471.65,136483.08,0,Yes,No,West,No,0,0.616,Medium
CUST6653,Female,61,62,Month-to-month,DSL,Bank Transfer,2245.32,141256.52,1,No,No,North,No,0,0.404,Medium
CUST6654,Male,67,35,Month-to-month,Fiber,UPI Autopay,410.52,14941.98,0,Yes,No,East,Yes,1,0.528,Medium
CUST6655,Female,62,40,Month-to-month,DSL,Electronic Check,1148.36,43180.04,7,Yes,No,South,Yes,1,0.847,High
CUST6656,Male,65,59,Month-to-month,Fiber,Credit Card,566.19,32315.43,3,No,Yes,North,No,0,0.565,Medium
CUST6657,Male,46,10,One year,DSL,Bank Transfer,3418.64,31722.29,0,No,Yes,South,No,0,0.248,Low
CUST6658,Male,40,49,Month-to-month,Fiber,UPI Autopay,3003.7,137423.77,3,No,No,West,Yes,1,0.678,High
CUST6659,Female,50,28,Month-to-month,Fiber,Electronic Check,2143.94,60335.76,2,No,No,North,Yes,1,0.747,High
CUST6660,Male,67,14,Month-to-month,DSL,UPI Autopay,595.39,8175.94,5,Yes,Yes,Central,No,0,0.774,High
CUST6661,Female,57,10,One year,Fiber,Electronic Check,1764.84,15974.34,2,Yes,No,East,No,0,0.447,Medium
CUST6662,Female,53,43,One year,Fiber,Bank Transfer,1113.46,46308.4,1,No,No,North,No,0,0.175,Low
CUST6663,Male,32,29,Month-to-month,DSL,UPI Autopay,1689.91,47451.49,3,Yes,Yes,South,No,0,0.648,Medium
CUST6664,Female,19,55,Two year,DSL,Bank Transfer,2936.33,146180.08,2,No,No,East,No,0,0.14,Low
CUST6665,Female,69,25,Month-to-month,Fiber,UPI Autopay,2211.76,50350.21,2,No,No,West,No,0,0.713,High
CUST6666,Male,64,58,Month-to-month,No Internet,UPI Autopay,2259.12,136998.07,3,Yes,No,Central,Yes,1,0.645,Medium
CUST6667,Female,22,12,Month-to-month,Fiber,Credit Card,2049.69,24522.01,1,No,Yes,West,No,0,0.679,High
CUST6668,Female,50,21,One year,No Internet,UPI Autopay,3026.16,59629.32,0,No,Yes,North,No,0,0.221,Low
CUST6669,Female,43,61,Two year,Fiber,Electronic Check,2246.72,129782.28,1,No,No,South,Yes,1,0.203,Low
CUST6670,Female,67,45,Month-to-month,Fiber,Bank Transfer,1658.33,76466.84,1,No,No,West,Yes,1,0.575,Medium
CUST6671,Female,20,49,Month-to-month,Fiber,UPI Autopay,343.76,15226.41,0,Yes,No,Central,No,0,0.489,Medium
CUST6672,Male,69,9,Two year,Fiber,Bank Transfer,1718.55,15196.15,2,No,No,West,Yes,1,0.345,Medium
CUST6673,Female,40,47,One year,DSL,Electronic Check,2708.39,118238.36,2,Yes,Yes,North,No,0,0.249,Low
CUST6674,Female,52,9,Month-to-month,DSL,UPI Autopay,3349.0,30301.46,4,No,No,East,Yes,1,0.79,High
CUST6675,Male,63,7,Month-to-month,DSL,Electronic Check,2473.93,16046.25,2,No,No,North,Yes,1,0.785,High
CUST6676,Male,33,18,Month-to-month,DSL,Electronic Check,529.4,9457.71,0,Yes,Yes,West,No,0,0.632,Medium
CUST6677,Male,38,46,Month-to-month,No Internet,Bank Transfer,2876.97,119412.37,4,No,No,South,No,0,0.709,High
CUST6678,Male,26,35,Two year,No Internet,Electronic Check,3001.66,101213.84,1,No,No,North,No,0,0.279,Low
CUST6679,Male,49,35,Month-to-month,Fiber,UPI Autopay,644.91,22236.17,1,Yes,Yes,West,Yes,1,0.595,Medium
CUST6680,Male,41,7,Month-to-month,DSL,Credit Card,1094.47,7937.24,3,No,Yes,West,No,0,0.706,High
CUST6681,Female,22,36,One year,No Internet,UPI Autopay,2016.36,73129.26,3,Yes,No,South,No,0,0.29,Low
CUST6682,Male,55,15,Month-to-month,Fiber,Electronic Check,3219.05,45421.17,0,Yes,No,West,Yes,1,0.797,High
CUST6683,Male,19,19,Two year,Fiber,Electronic Check,771.23,13586.73,3,Yes,No,North,No,0,0.385,Medium
CUST6684,Male,51,40,Two year,DSL,Credit Card,3154.76,124676.07,4,No,No,East,Yes,1,0.261,Low
CUST6685,Female,38,21,Two year,Fiber,Electronic Check,2835.33,61769.73,2,No,Yes,North,No,0,0.363,Medium
CUST6686,Female,24,59,One year,No Internet,Bank Transfer,2810.79,155654.45,3,No,Yes,South,No,0,0.206,Low
CUST6687,Male,33,9,One year,Fiber,Credit Card,1762.03,14792.93,0,No,No,Central,Yes,1,0.273,Low
CUST6688,Male,28,57,Month-to-month,Fiber,UPI Autopay,1738.96,94383.83,2,No,No,North,No,0,0.534,Medium
CUST6689,Male,63,13,Month-to-month,Fiber,Bank Transfer,2729.19,34326.52,3,No,No,West,Yes,1,0.805,High
CUST6690,Female,40,3,One year,DSL,Electronic Check,1985.45,5918.46,2,Yes,No,East,Yes,1,0.41,Medium
CUST6691,Male,26,43,Month-to-month,Fiber,Bank Transfer,3159.06,123805.83,4,No,No,North,No,0,0.71,High
CUST6692,Male,41,61,One year,Fiber,Electronic Check,1940.82,112541.32,0,No,No,Central,No,0,0.207,Low
CUST6693,Male,60,70,Month-to-month,DSL,UPI Autopay,1736.12,122790.07,0,Yes,No,Central,No,0,0.389,Medium
CUST6694,Male,66,50,Month-to-month,Fiber,Credit Card,1003.13,45605.39,1,No,No,Central,No,0,0.56,Medium
CUST6695,Female,45,50,Month-to-month,DSL,Credit Card,964.05,50193.01,4,Yes,No,North,No,0,0.596,Medium
CUST6696,Male,19,29,Two year,DSL,Electronic Check,381.19,10151.95,3,No,Yes,North,No,0,0.258,Low
CUST6697,Male,54,44,Month-to-month,Fiber,Electronic Check,1367.98,60311.29,1,No,Yes,South,No,0,0.649,Medium
CUST6698,Female,34,34,One year,Fiber,UPI Autopay,1744.75,55538.66,1,Yes,No,Central,No,0,0.243,Low
CUST6699,Female,51,36,Two year,DSL,UPI Autopay,991.17,33374.99,0,No,Yes,North,No,0,0.109,Low
CUST6700,Female,47,47,Two year,DSL,Electronic Check,1830.47,86159.38,3,No,Yes,Central,No,0,0.269,Low
CUST6701,Male,37,36,One year,Fiber,Credit Card,917.2,34179.68,2,No,No,North,No,0,0.22,Low
CUST6702,Female,51,33,Month-to-month,DSL,Bank Transfer,1434.2,47529.1,2,No,Yes,South,No,0,0.558,Medium
CUST6703,Male,25,26,Two year,DSL,UPI Autopay,1974.62,50712.95,1,Yes,Yes,North,No,0,0.172,Low
CUST6704,Female,21,59,One year,DSL,UPI Autopay,475.78,28649.51,2,No,No,South,No,0,0.135,Low
CUST6705,Female,52,42,One year,Fiber,Bank Transfer,3139.74,132482.99,2,Yes,No,North,No,0,0.251,Low
CUST6706,Female,57,24,One year,Fiber,Bank Transfer,1671.24,38710.49,4,No,No,South,Yes,1,0.374,Medium
CUST6707,Female,47,55,Month-to-month,Fiber,Electronic Check,1911.94,108440.01,3,No,No,East,No,0,0.694,High
CUST6708,Male,55,10,One year,DSL,Bank Transfer,2817.06,25734.44,1,Yes,Yes,South,No,0,0.286,Low
CUST6709,Male,40,47,Month-to-month,Fiber,Electronic Check,833.12,38169.29,4,No,Yes,North,Yes,1,0.737,High
CUST6710,Male,55,14,Month-to-month,Fiber,Electronic Check,2594.6,37707.83,2,No,Yes,Central,No,0,0.824,High
CUST6711,Female,46,9,Two year,DSL,Electronic Check,435.76,3772.8,2,Yes,No,East,Yes,1,0.305,Low
CUST6712,Male,51,31,Month-to-month,DSL,Electronic Check,2205.62,71254.06,4,No,No,East,Yes,1,0.774,High
CUST6713,Female,28,3,One year,Fiber,Bank Transfer,1555.13,4610.56,3,No,No,South,No,0,0.387,Medium
CUST6714,Female,19,17,Month-to-month,DSL,Electronic Check,3446.41,54417.35,1,No,Yes,South,Yes,1,0.725,High
CUST6715,Female,31,6,Month-to-month,No Internet,Electronic Check,1629.39,9814.53,5,No,No,West,Yes,1,0.888,High
CUST6716,Female,42,35,Month-to-month,DSL,Electronic Check,1696.66,55850.93,0,No,No,East,No,0,0.566,Medium
CUST6717,Male,37,26,Month-to-month,No Internet,Bank Transfer,3453.3,88088.01,1,No,No,Central,No,0,0.689,High
CUST6718,Male,38,67,Month-to-month,Fiber,UPI Autopay,1992.22,123596.65,1,Yes,No,West,Yes,1,0.513,Medium
CUST6719,Male,45,46,One year,Fiber,Electronic Check,2414.44,112528.27,6,Yes,No,Central,Yes,1,0.553,Medium
CUST6720,Female,40,66,One year,DSL,Credit Card,567.99,38012.41,2,No,No,East,No,0,0.123,Low
CUST6721,Male,63,6,Month-to-month,Fiber,UPI Autopay,890.72,5056.48,0,Yes,No,South,No,0,0.649,Medium
CUST6722,Male,33,14,Two year,Fiber,Credit Card,2332.77,32008.54,1,Yes,No,North,No,0,0.274,Low
CUST6723,Male,31,24,Month-to-month,Fiber,Bank Transfer,530.1,12664.69,1,Yes,Yes,Central,Yes,1,0.621,Medium
CUST6724,Female,58,64,Month-to-month,Fiber,Bank Transfer,1909.82,121051.73,4,No,No,South,No,0,0.627,Medium
CUST6725,Female,69,63,One year,No Internet,UPI Autopay,536.05,33452.94,1,No,No,West,No,0,0.154,Low
CUST6726,Female,49,50,Month-to-month,DSL,Credit Card,1469.76,74363.99,2,No,Yes,North,Yes,1,0.473,Medium
CUST6727,Female,26,63,Month-to-month,Fiber,Credit Card,1193.72,69433.52,2,Yes,No,North,No,0,0.516,Medium
CUST6728,Female,52,69,One year,Fiber,Electronic Check,1123.83,80978.27,0,No,No,Central,No,0,0.178,Low
CUST6729,Male,47,44,Month-to-month,DSL,Electronic Check,3112.87,133650.82,2,No,No,Central,No,0,0.696,High
CUST6730,Female,23,71,Month-to-month,DSL,Credit Card,2662.55,195669.61,5,No,Yes,West,Yes,1,0.57,Medium
CUST6731,Female,39,54,One year,DSL,Bank Transfer,1391.11,73250.68,0,No,Yes,North,No,0,0.096,Low
CUST6732,Male,28,44,Month-to-month,Fiber,Electronic Check,1818.16,83680.8,2,Yes,No,South,Yes,1,0.717,High
CUST6733,Female,55,50,One year,Fiber,UPI Autopay,3282.3,154027.31,3,Yes,No,West,No,0,0.3,Low
CUST6734,Female,21,31,Month-to-month,Fiber,Electronic Check,594.52,17656.13,3,No,Yes,East,Yes,1,0.726,High
CUST6735,Female,66,60,Month-to-month,Fiber,Bank Transfer,2718.47,154019.95,3,Yes,No,West,No,0,0.648,Medium
CUST6736,Male,64,35,Month-to-month,Fiber,Electronic Check,2155.38,78510.39,2,Yes,Yes,East,Yes,1,0.744,High
CUST6737,Female,47,55,Two year,Fiber,Electronic Check,2136.47,114981.13,2,No,Yes,East,Yes,1,0.234,Low
CUST6738,Female,61,12,Month-to-month,No Internet,Electronic Check,707.91,8171.56,2,Yes,No,East,Yes,1,0.772,High
CUST6739,Male,59,33,Month-to-month,DSL,UPI Autopay,2130.74,63680.25,1,Yes,No,East,No,0,0.564,Medium
CUST6740,Female,38,61,Month-to-month,Fiber,Credit Card,1148.82,64856.01,3,Yes,No,Central,No,0,0.618,Medium
CUST6741,Male,61,16,Month-to-month,Fiber,Credit Card,532.39,7898.04,1,Yes,No,South,No,0,0.65,Medium
CUST6742,Male,57,17,Month-to-month,DSL,Bank Transfer,3067.97,51925.53,3,No,Yes,North,Yes,1,0.71,High
CUST6743,Female,56,8,Month-to-month,Fiber,UPI Autopay,2442.32,18615.62,3,No,Yes,East,No,0,0.77,High
CUST6744,Male,65,21,Month-to-month,No Internet,UPI Autopay,1630.6,32435.49,2,No,Yes,East,No,0,0.667,High
CUST6745,Female,57,62,Month-to-month,No Internet,Credit Card,3368.28,198074.64,4,No,No,Central,Yes,1,0.664,High
CUST6746,Female,28,12,Two year,No Internet,Electronic Check,1309.37,15432.89,0,No,No,Central,No,0,0.299,Low
CUST6747,Female,18,7,Month-to-month,Fiber,Bank Transfer,1371.89,8958.9,2,Yes,No,East,Yes,1,0.713,High
CUST6748,Female,50,8,One year,Fiber,Electronic Check,916.5,7427.87,1,No,No,East,No,0,0.349,Medium
CUST6749,Female,22,48,Month-to-month,No Internet,UPI Autopay,2296.91,115665.47,3,No,No,East,No,0,0.607,Medium
CUST6750,Female,59,42,Month-to-month,Fiber,UPI Autopay,3051.18,123024.05,2,No,No,South,Yes,1,0.642,Medium
CUST6751,Female,22,46,Month-to-month,No Internet,UPI Autopay,2654.03,120856.42,2,No,No,Central,No,0,0.613,Medium
CUST6752,Female,46,41,Month-to-month,Fiber,Credit Card,3157.03,117242.64,4,No,No,North,Yes,1,0.718,High
CUST6753,Female,31,6,Month-to-month,Fiber,Electronic Check,944.65,5448.33,2,No,No,North,No,0,0.771,High
CUST6754,Male,57,9,Two year,Fiber,Electronic Check,3000.59,25841.08,2,Yes,Yes,Central,No,0,0.506,Medium
CUST6755,Female,54,43,Month-to-month,Fiber,UPI Autopay,2453.97,106527.88,2,No,Yes,North,No,0,0.588,Medium
CUST6756,Female,18,64,One year,No Internet,Credit Card,911.53,58512.44,1,No,No,Central,No,0,0.143,Low
CUST6757,Male,30,70,Two year,DSL,Credit Card,1822.12,120971.1,2,No,No,North,No,0,0.109,Low
CUST6758,Male,31,21,Month-to-month,Fiber,UPI Autopay,739.43,14446.67,2,No,No,Central,No,0,0.677,High
CUST6759,Male,62,70,One year,Fiber,Bank Transfer,2226.93,148522.44,3,Yes,Yes,Central,No,0,0.22,Low
CUST6760,Female,61,59,Month-to-month,Fiber,Electronic Check,2723.14,148944.38,0,Yes,No,West,Yes,1,0.615,Medium
CUST6761,Female,47,20,Two year,Fiber,Credit Card,936.7,17646.64,0,No,No,East,No,0,0.176,Low
CUST6762,Male,32,19,Two year,DSL,Bank Transfer,1697.08,30271.17,1,No,No,East,No,0,0.186,Low
CUST6763,Female,66,11,Month-to-month,No Internet,UPI Autopay,1376.64,15488.02,1,No,No,Central,Yes,1,0.683,High
CUST6764,Male,54,28,Month-to-month,DSL,Electronic Check,2254.9,61056.12,2,No,No,South,No,0,0.723,High
CUST6765,Male,52,44,Month-to-month,DSL,Bank Transfer,1748.11,69852.88,4,No,Yes,East,No,0,0.622,Medium
CUST6766,Female,54,10,One year,No Internet,Credit Card,3095.12,29286.07,0,No,No,East,No,0,0.279,Low
CUST6767,Female,23,9,Month-to-month,No Internet,Bank Transfer,1803.98,15721.9,2,No,Yes,East,Yes,1,0.689,High
CUST6768,Female,40,41,One year,DSL,Credit Card,1633.24,62103.64,4,No,No,West,No,0,0.27,Low
CUST6769,Male,49,32,Month-to-month,DSL,Bank Transfer,1860.38,59631.98,3,No,No,West,No,0,0.662,High
CUST6770,Female,37,57,Two year,No Internet,Electronic Check,3214.56,172744.83,0,Yes,No,South,No,0,0.197,Low
CUST6771,Female,54,48,Two year,No Internet,Bank Transfer,2480.84,108813.14,4,No,No,South,Yes,1,0.276,Low
CUST6772,Female,52,18,One year,Fiber,UPI Autopay,2708.73,47929.74,0,No,No,Central,No,0,0.27,Low
CUST6773,Female,55,14,Month-to-month,No Internet,Bank Transfer,2567.16,37535.75,3,No,Yes,East,No,0,0.748,High
CUST6774,Male,64,17,Month-to-month,DSL,Credit Card,1411.95,22325.33,2,Yes,No,South,No,0,0.664,High
CUST6775,Male,50,38,Two year,No Internet,Electronic Check,1903.6,71830.03,1,Yes,No,North,No,0,0.27,Low
CUST6776,Male,43,68,One year,DSL,Credit Card,903.81,58667.68,3,No,Yes,West,No,0,0.161,Low
CUST6777,Female,27,34,Month-to-month,Fiber,Credit Card,2640.78,86620.13,5,No,Yes,Central,No,0,0.781,High
CUST6778,Female,25,8,Two year,Fiber,Credit Card,950.5,7273.09,1,No,No,West,No,0,0.254,Low
CUST6779,Male,41,32,Two year,DSL,Bank Transfer,1277.45,39361.43,1,No,No,North,No,0,0.15,Low
CUST6780,Male,37,9,Two year,No Internet,UPI Autopay,1594.83,14949.61,2,Yes,Yes,East,No,0,0.294,Low
CUST6781,Female,22,43,Month-to-month,DSL,Bank Transfer,833.22,33631.03,3,No,Yes,West,No,0,0.567,Medium
CUST6782,Female,61,30,Two year,DSL,Credit Card,3114.17,89691.74,3,Yes,No,West,No,0,0.3,Low
CUST6783,Male,24,9,Month-to-month,Fiber,Credit Card,2442.89,22153.34,3,No,Yes,North,Yes,1,0.759,High
CUST6784,Male,19,13,Month-to-month,Fiber,Credit Card,3399.61,42727.45,1,No,No,South,No,0,0.723,High
CUST6785,Female,19,64,Two year,Fiber,Credit Card,2070.61,130139.76,1,Yes,Yes,West,No,0,0.14,Low
CUST6786,Male,33,38,Two year,Fiber,Electronic Check,587.69,20910.45,1,No,No,North,No,0,0.232,Low
CUST6787,Male,39,27,Month-to-month,DSL,Bank Transfer,981.7,23995.91,2,No,Yes,West,Yes,1,0.593,Medium
CUST6788,Male,22,15,Month-to-month,Fiber,Bank Transfer,2911.68,41188.27,2,Yes,No,South,No,0,0.756,High
CUST6789,Female,22,9,Two year,DSL,Bank Transfer,1666.41,15662.05,3,No,No,East,No,0,0.272,Low
CUST6790,Female,18,22,Month-to-month,DSL,Bank Transfer,3309.47,69265.92,1,No,Yes,Central,Yes,1,0.621,Medium
CUST6791,Male,61,5,Month-to-month,Fiber,UPI Autopay,1173.97,5586.53,3,No,Yes,West,No,0,0.772,High
CUST6792,Male,45,25,Month-to-month,Fiber,UPI Autopay,2543.22,62563.04,1,Yes,No,North,No,0,0.658,Medium
CUST6793,Male,23,10,Month-to-month,DSL,Credit Card,2735.87,26851.22,1,No,No,West,Yes,1,0.675,High
CUST6794,Male,47,12,Two year,Fiber,Bank Transfer,1053.82,13125.79,1,No,No,North,No,0,0.231,Low
CUST6795,Female,29,56,Two year,Fiber,Bank Transfer,2049.25,119023.97,3,Yes,No,East,No,0,0.204,Low
CUST6796,Female,32,67,Two year,Fiber,UPI Autopay,750.33,47843.21,1,No,No,West,No,0,0.131,Low
CUST6797,Female,54,31,Month-to-month,Fiber,Credit Card,1539.0,45589.22,2,No,No,South,Yes,1,0.649,Medium
CUST6798,Female,53,2,Two year,DSL,UPI Autopay,2815.26,5784.57,2,Yes,No,West,Yes,1,0.358,Medium
CUST6799,Male,64,24,Month-to-month,Fiber,Credit Card,2944.01,67050.23,4,Yes,No,West,No,0,0.822,High
CUST6800,Female,33,25,One year,Fiber,Bank Transfer,1887.74,44361.73,5,Yes,Yes,North,Yes,1,0.401,Medium
CUST6801,Male,64,5,One year,Fiber,Credit Card,532.2,2495.47,4,No,Yes,South,Yes,1,0.394,Medium
CUST6802,Female,27,8,Month-to-month,Fiber,UPI Autopay,2007.01,16502.85,2,No,No,South,Yes,1,0.729,High
CUST6803,Male,55,51,One year,DSL,Credit Card,2275.37,112720.45,2,Yes,No,East,No,0,0.181,Low
CUST6804,Female,69,1,Two year,Fiber,Bank Transfer,2780.23,2869.85,1,Yes,No,North,No,0,0.346,Medium
CUST6805,Male,45,2,Month-to-month,Fiber,Bank Transfer,2474.22,4990.03,3,Yes,Yes,East,Yes,1,0.806,High
CUST6806,Male,35,32,Two year,Fiber,Credit Card,1626.38,50317.09,3,No,No,Central,No,0,0.295,Low
CUST6807,Male,27,30,Month-to-month,Fiber,Credit Card,898.97,25528.2,3,Yes,No,East,Yes,1,0.683,High
CUST6808,Male,48,55,One year,No Internet,Bank Transfer,1891.5,103419.16,1,Yes,No,North,No,0,0.167,Low
CUST6809,Male,25,18,Month-to-month,Fiber,Credit Card,2477.48,42051.31,2,Yes,No,North,No,0,0.719,High
CUST6810,Female,69,53,One year,DSL,Bank Transfer,329.23,16478.82,2,Yes,Yes,East,No,0,0.15,Low
CUST6811,Female,29,59,One year,DSL,Bank Transfer,2125.82,125336.49,4,Yes,Yes,South,No,0,0.205,Low
CUST6812,Female,30,12,One year,Fiber,UPI Autopay,1824.12,20258.06,5,Yes,No,North,No,0,0.463,Medium
CUST6813,Male,39,22,One year,Fiber,Bank Transfer,598.37,11879.55,1,No,Yes,North,No,0,0.204,Low
CUST6814,Male,59,53,Two year,Fiber,Bank Transfer,2728.76,149556.19,1,Yes,No,West,No,0,0.191,Low
CUST6815,Female,18,23,Month-to-month,Fiber,Credit Card,1726.88,40424.02,3,Yes,Yes,South,Yes,1,0.713,High
CUST6816,Female,48,28,Month-to-month,Fiber,Bank Transfer,2346.09,60543.33,4,No,Yes,North,Yes,1,0.735,High
CUST6817,Female,39,33,One year,DSL,UPI Autopay,2757.73,93612.33,4,No,Yes,West,No,0,0.304,Low
CUST6818,Male,29,18,One year,Fiber,UPI Autopay,305.74,5728.83,3,No,No,West,No,0,0.32,Low
CUST6819,Male,36,64,Month-to-month,Fiber,UPI Autopay,3366.76,203662.42,3,No,No,North,Yes,1,0.575,Medium
CUST6820,Female,56,52,Month-to-month,Fiber,Bank Transfer,1925.17,102709.19,3,No,No,East,Yes,1,0.61,Medium
CUST6821,Male,30,2,Month-to-month,Fiber,Electronic Check,2121.51,4079.31,2,No,No,West,No,0,0.844,High
CUST6822,Male,39,36,Month-to-month,Fiber,UPI Autopay,331.56,12490.91,2,Yes,No,North,Yes,1,0.603,Medium
CUST6823,Male,37,32,Month-to-month,No Internet,Bank Transfer,2335.55,75192.11,2,No,Yes,East,No,0,0.632,Medium
CUST6824,Female,40,6,Month-to-month,DSL,Bank Transfer,1232.51,7182.22,4,No,No,Central,No,0,0.758,High
CUST6825,Male,21,1,Month-to-month,Fiber,Electronic Check,3290.64,3124.04,0,Yes,Yes,West,No,0,0.822,High
CUST6826,Male,20,65,Month-to-month,Fiber,UPI Autopay,3445.84,227253.92,0,Yes,No,Central,No,0,0.466,Medium
CUST6827,Female,61,39,Month-to-month,DSL,Bank Transfer,2795.99,112315.18,0,No,No,North,Yes,1,0.464,Medium
CUST6828,Female,54,1,One year,No Internet,UPI Autopay,3009.06,2827.66,1,No,No,East,Yes,1,0.355,Medium
CUST6829,Female,52,23,Month-to-month,Fiber,Electronic Check,2164.95,50965.59,1,No,Yes,South,Yes,1,0.729,High
CUST6830,Female,19,6,Month-to-month,Fiber,Electronic Check,3164.6,18902.04,3,No,Yes,South,No,0,0.859,High
CUST6831,Male,60,4,One year,Fiber,Bank Transfer,3115.05,12554.79,4,No,No,East,Yes,1,0.513,Medium
CUST6832,Female,45,71,Month-to-month,Fiber,Credit Card,3366.09,249830.44,2,Yes,No,East,No,0,0.496,Medium
CUST6833,Male,69,45,Two year,DSL,Credit Card,3113.87,139017.91,1,No,No,North,No,0,0.15,Low
CUST6834,Female,19,14,Month-to-month,Fiber,Electronic Check,2456.36,31206.08,1,Yes,Yes,South,Yes,1,0.772,High
CUST6835,Female,65,17,Month-to-month,DSL,Bank Transfer,1436.49,23567.63,1,Yes,Yes,South,No,0,0.595,Medium
CUST6836,Male,33,4,Month-to-month,Fiber,Bank Transfer,3126.66,11318.73,5,No,Yes,Central,No,0,0.876,High
CUST6837,Male,18,37,Two year,Fiber,UPI Autopay,956.32,35529.11,3,Yes,No,East,No,0,0.246,Low
CUST6838,Female,61,19,Month-to-month,No Internet,Electronic Check,2918.89,51435.48,4,Yes,No,East,No,0,0.864,High
CUST6839,Male,69,43,One year,DSL,Electronic Check,2639.88,110630.04,0,No,No,West,No,0,0.228,Low
CUST6840,Male,26,9,One year,Fiber,Electronic Check,1359.26,12267.59,2,No,Yes,Central,Yes,1,0.43,Medium
CUST6841,Male,48,26,Month-to-month,Fiber,Credit Card,1189.6,32308.48,3,No,Yes,East,No,0,0.68,High
CUST6842,Female,49,61,Month-to-month,DSL,Bank Transfer,2319.25,142782.04,2,No,No,North,No,0,0.453,Medium
CUST6843,Female,32,48,One year,DSL,Credit Card,2672.91,119747.04,1,No,Yes,West,No,0,0.155,Low
CUST6844,Male,48,46,Month-to-month,Fiber,Electronic Check,1345.5,59396.31,2,No,No,East,Yes,1,0.686,High
CUST6845,Female,51,3,Month-to-month,DSL,Electronic Check,657.17,2061.31,0,No,No,East,No,0,0.644,Medium
CUST6846,Male,60,11,Month-to-month,DSL,Credit Card,2773.8,28515.07,2,No,Yes,South,Yes,1,0.7,High
CUST6847,Female,62,31,One year,DSL,UPI Autopay,2288.31,63926.15,1,Yes,Yes,North,No,0,0.188,Low
CUST6848,Male,33,15,One year,DSL,Credit Card,2683.88,39905.05,3,No,Yes,East,No,0,0.309,Low
CUST6849,Female,34,38,One year,Fiber,UPI Autopay,2878.29,98839.5,2,No,No,West,No,0,0.276,Low
CUST6850,Male,51,66,Month-to-month,DSL,UPI Autopay,729.74,48051.64,2,No,Yes,Central,No,0,0.461,Medium
CUST6851,Female,64,6,One year,DSL,Credit Card,2724.0,15210.02,1,No,No,North,No,0,0.273,Low
CUST6852,Female,30,63,Month-to-month,DSL,Bank Transfer,1916.24,125034.53,1,No,No,East,No,0,0.388,Medium
CUST6853,Female,68,13,Month-to-month,Fiber,Electronic Check,1878.2,22724.36,1,No,No,West,No,0,0.785,High
CUST6854,Female,19,40,Month-to-month,Fiber,Credit Card,843.91,35311.84,1,Yes,No,North,Yes,1,0.534,Medium
CUST6855,Male,19,35,Month-to-month,Fiber,Electronic Check,1488.29,46915.66,0,Yes,Yes,Central,Yes,1,0.664,High
CUST6856,Male,21,34,Month-to-month,Fiber,Electronic Check,646.64,21918.73,0,No,No,North,Yes,1,0.601,Medium
CUST6857,Male,55,67,One year,DSL,Bank Transfer,2633.35,176145.1,2,No,No,Central,No,0,0.151,Low
CUST6858,Male,43,29,Two year,Fiber,Credit Card,3460.35,95429.39,0,No,No,Central,Yes,1,0.234,Low
CUST6859,Female,58,22,One year,Fiber,Electronic Check,1203.51,26059.83,0,No,No,Central,Yes,1,0.306,Low
CUST6860,Male,21,67,Month-to-month,DSL,Credit Card,1643.99,115000.65,1,Yes,No,West,No,0,0.429,Medium
CUST6861,Female,50,34,Month-to-month,Fiber,Bank Transfer,1719.62,56322.26,4,No,No,West,No,0,0.743,High
CUST6862,Male,40,44,Month-to-month,Fiber,Credit Card,3387.86,135130.32,1,No,Yes,East,Yes,1,0.571,Medium
CUST6863,Female,24,63,One year,DSL,UPI Autopay,1153.11,73629.78,2,Yes,No,West,No,0,0.151,Low
CUST6864,Female,64,8,One year,Fiber,UPI Autopay,1504.92,12542.8,2,No,No,Central,No,0,0.355,Medium
CUST6865,Male,57,58,Month-to-month,DSL,Electronic Check,2600.67,153909.86,5,No,No,South,No,0,0.74,High
CUST6866,Female,41,52,Month-to-month,DSL,Electronic Check,2687.22,146227.53,1,No,No,West,Yes,1,0.59,Medium
CUST6867,Female,18,26,Two year,Fiber,Credit Card,1510.06,39386.4,1,Yes,No,East,No,0,0.209,Low
CUST6868,Female,22,26,Two year,Fiber,Credit Card,2477.66,59772.94,0,Yes,Yes,West,No,0,0.212,Low
CUST6869,Male,26,43,Month-to-month,DSL,Bank Transfer,2983.59,118878.7,0,No,No,North,No,0,0.451,Medium
CUST6870,Female,66,24,Month-to-month,DSL,Electronic Check,2650.12,59739.36,4,No,No,Central,No,0,0.826,High
CUST6871,Male,56,40,Two year,Fiber,Credit Card,3151.55,125146.57,2,No,No,South,No,0,0.247,Low
CUST6872,Male,27,52,Two year,Fiber,Bank Transfer,1289.33,68682.46,4,Yes,Yes,South,Yes,1,0.25,Low
CUST6873,Male,37,63,Two year,Fiber,UPI Autopay,1145.37,69422.02,4,Yes,No,East,No,0,0.225,Low
CUST6874,Female,27,23,Two year,No Internet,Bank Transfer,1520.66,34070.68,1,Yes,Yes,Central,No,0,0.23,Low
CUST6875,Male,49,67,Month-to-month,Fiber,UPI Autopay,840.37,56577.81,1,Yes,No,West,No,0,0.506,Medium
CUST6876,Male,20,41,Month-to-month,Fiber,Credit Card,2242.5,96084.59,1,No,Yes,East,No,0,0.541,Medium
CUST6877,Female,58,36,Month-to-month,DSL,UPI Autopay,2631.24,97551.89,1,Yes,No,Central,No,0,0.584,Medium
CUST6878,Male,28,46,Month-to-month,DSL,Credit Card,1161.66,51177.06,2,No,Yes,West,Yes,1,0.525,Medium
CUST6879,Female,68,42,One year,Fiber,Bank Transfer,2089.5,87293.1,3,Yes,Yes,West,No,0,0.301,Low
CUST6880,Male,33,43,Month-to-month,Fiber,Bank Transfer,2755.41,114623.34,2,Yes,No,Central,Yes,1,0.668,High
CUST6881,Male,34,61,One year,Fiber,Electronic Check,763.76,42384.14,0,No,Yes,North,No,0,0.164,Low
CUST6882,Female,59,54,Month-to-month,DSL,Bank Transfer,2098.37,113954.57,2,Yes,Yes,East,No,0,0.497,Medium
CUST6883,Female,56,7,Month-to-month,No Internet,Electronic Check,1964.57,13799.26,0,No,No,West,Yes,1,0.76,High
CUST6884,Female,36,35,Month-to-month,DSL,Credit Card,2815.15,91635.51,4,Yes,No,North,Yes,1,0.689,High
CUST6885,Male,39,32,Month-to-month,Fiber,Electronic Check,3356.11,112131.51,0,No,No,South,No,0,0.697,High
CUST6886,Male,46,45,One year,Fiber,Electronic Check,376.85,16798.63,4,No,No,South,No,0,0.38,Medium
CUST6887,Female,21,47,Two year,Fiber,UPI Autopay,2556.73,109423.73,3,Yes,Yes,West,No,0,0.255,Low
CUST6888,Male,28,20,Two year,No Internet,UPI Autopay,2159.62,40160.17,2,No,No,West,No,0,0.298,Low
CUST6889,Female,34,8,Month-to-month,Fiber,Credit Card,454.69,3468.84,3,No,No,North,Yes,1,0.704,High
CUST6890,Female,20,20,One year,No Internet,Bank Transfer,2927.66,53673.1,2,No,Yes,Central,No,0,0.324,Low
CUST6891,Female,55,19,Month-to-month,Fiber,Credit Card,3193.1,62135.8,2,No,No,East,No,0,0.726,High
CUST6892,Male,61,52,Two year,DSL,UPI Autopay,2055.58,109133.72,3,Yes,No,South,Yes,1,0.197,Low
CUST6893,Female,28,14,Two year,No Internet,Bank Transfer,2404.69,34643.37,2,No,No,North,No,0,0.284,Low
CUST6894,Male,25,12,One year,Fiber,UPI Autopay,2102.56,26347.58,3,Yes,Yes,North,No,0,0.368,Medium
CUST6895,Female,20,13,Month-to-month,Fiber,Electronic Check,2196.22,27504.81,5,Yes,Yes,Central,Yes,1,0.89,High
CUST6896,Female,19,37,Month-to-month,Fiber,Bank Transfer,2264.58,76002.29,4,No,Yes,South,Yes,1,0.708,High
CUST6897,Male,58,20,Month-to-month,No Internet,Electronic Check,991.04,19242.13,1,Yes,No,South,No,0,0.739,High
CUST6898,Female,31,15,Month-to-month,Fiber,Electronic Check,1009.7,14590.72,3,No,No,North,No,0,0.786,High
CUST6899,Female,61,2,One year,DSL,UPI Autopay,3134.26,6335.14,0,No,No,Central,No,0,0.295,Low
CUST6900,Male,52,46,Month-to-month,Fiber,Electronic Check,1812.1,83731.69,3,No,Yes,East,No,0,0.723,High
CUST6901,Male,41,8,Month-to-month,Fiber,Electronic Check,1812.35,14832.65,4,No,Yes,West,Yes,1,0.869,High
CUST6902,Female,28,69,One year,DSL,Bank Transfer,3157.34,228201.18,4,No,No,West,No,0,0.186,Low
CUST6903,Female,68,69,Two year,Fiber,Credit Card,2801.74,177556.71,6,Yes,No,South,No,0,0.313,Low
CUST6904,Female,65,52,Month-to-month,Fiber,UPI Autopay,2473.16,128562.6,0,Yes,No,South,No,0,0.508,Medium
CUST6905,Female,61,63,Month-to-month,Fiber,Credit Card,1990.75,129631.72,0,Yes,No,South,No,0,0.451,Medium
CUST6906,Female,36,12,Month-to-month,Fiber,Bank Transfer,2384.65,26565.0,0,No,No,South,Yes,1,0.648,Medium
CUST6907,Female,22,38,Month-to-month,Fiber,Bank Transfer,1085.88,39398.84,0,No,No,Central,Yes,1,0.523,Medium
CUST6908,Female,51,23,Month-to-month,Fiber,Credit Card,441.34,10453.92,1,Yes,No,West,No,0,0.632,Medium
CUST6909,Male,25,49,Month-to-month,Fiber,Bank Transfer,2687.42,126226.1,1,Yes,No,South,No,0,0.57,Medium
CUST6910,Female,48,50,Month-to-month,DSL,Electronic Check,3116.54,147271.69,4,No,No,South,No,0,0.731,High
CUST6911,Male,45,19,Month-to-month,DSL,Bank Transfer,403.27,7969.0,2,No,Yes,South,No,0,0.581,Medium
CUST6912,Male,26,25,One year,Fiber,Bank Transfer,743.19,17048.92,1,No,Yes,Central,No,0,0.225,Low
CUST6913,Female,41,2,One year,Fiber,Electronic Check,1102.29,2259.56,0,Yes,No,West,No,0,0.376,Medium
CUST6914,Male,66,42,One year,No Internet,UPI Autopay,2408.07,104511.82,1,No,No,East,No,0,0.2,Low
CUST6915,Male,27,71,Month-to-month,No Internet,UPI Autopay,2312.73,158790.32,0,No,No,East,No,0,0.38,Medium
CUST6916,Female,28,39,Two year,Fiber,Electronic Check,1397.22,55528.57,1,No,Yes,North,No,0,0.223,Low
CUST6917,Male,20,70,Month-to-month,DSL,Electronic Check,2654.46,188572.52,2,No,Yes,South,No,0,0.526,Medium
CUST6918,Female,59,8,Two year,Fiber,Bank Transfer,3176.4,25100.67,5,Yes,Yes,Central,No,0,0.549,Medium
CUST6919,Female,39,29,Month-to-month,Fiber,Credit Card,1401.05,42634.78,2,No,No,South,Yes,1,0.643,Medium
CUST6920,Male,57,22,Month-to-month,Fiber,Electronic Check,1023.5,22517.26,2,No,No,East,No,0,0.752,High
CUST6921,Male,47,28,Month-to-month,Fiber,UPI Autopay,2339.2,59902.84,2,No,No,South,No,0,0.688,High
CUST6922,Male,21,57,One year,DSL,Credit Card,1850.22,100540.22,1,No,No,South,No,0,0.128,Low
CUST6923,Male,38,20,Two year,DSL,Bank Transfer,2041.27,38443.23,5,No,No,West,No,0,0.38,Medium
CUST6924,Male,52,2,Month-to-month,Fiber,Bank Transfer,877.78,1797.14,4,No,No,West,Yes,1,0.811,High
CUST6925,Male,69,32,Month-to-month,No Internet,Electronic Check,2467.21,73237.47,3,Yes,Yes,West,No,0,0.816,High
CUST6926,Female,52,35,Month-to-month,No Internet,Electronic Check,2448.95,80815.59,5,No,No,Central,Yes,1,0.852,High
CUST6927,Male,19,26,Month-to-month,No Internet,Electronic Check,2585.08,60617.76,2,No,No,Central,Yes,1,0.787,High
CUST6928,Female,36,50,Month-to-month,Fiber,Credit Card,1018.45,49084.61,1,No,No,South,Yes,1,0.513,Medium
CUST6929,Male,29,60,Month-to-month,Fiber,Credit Card,2949.44,166693.18,2,Yes,No,East,No,0,0.564,Medium
CUST6930,Female,41,17,Month-to-month,Fiber,UPI Autopay,332.66,5702.34,1,No,No,South,No,0,0.603,Medium
CUST6931,Female,51,57,Month-to-month,Fiber,Credit Card,2875.85,165752.54,2,No,No,West,No,0,0.584,Medium
CUST6932,Male,46,6,Month-to-month,Fiber,Bank Transfer,2258.59,14079.14,2,Yes,Yes,West,Yes,1,0.777,High
CUST6933,Male,31,8,Month-to-month,Fiber,Credit Card,3120.36,22655.45,1,Yes,Yes,South,Yes,1,0.742,High
CUST6934,Female,35,50,One year,No Internet,Electronic Check,1351.37,62005.35,4,Yes,Yes,Central,No,0,0.388,Medium
CUST6935,Male,46,15,Two year,DSL,Electronic Check,2734.28,39349.91,1,Yes,No,South,No,0,0.343,Medium
CUST6936,Female,67,43,One year,Fiber,UPI Autopay,1192.02,52877.5,3,No,No,South,No,0,0.26,Low
CUST6937,Female,40,36,One year,Fiber,Credit Card,1813.52,60248.52,1,Yes,Yes,Central,Yes,1,0.231,Low
CUST6938,Female,37,25,One year,Fiber,UPI Autopay,932.33,21974.46,2,Yes,Yes,East,No,0,0.25,Low
CUST6939,Male,25,25,Month-to-month,DSL,Electronic Check,534.9,12108.9,0,No,No,South,No,0,0.583,Medium
CUST6940,Female,18,41,Two year,Fiber,Bank Transfer,2445.44,105083.93,5,Yes,No,North,Yes,1,0.328,Low
CUST6941,Female,33,42,Month-to-month,No Internet,Electronic Check,2321.86,88274.04,2,No,No,South,Yes,1,0.711,High
CUST6942,Female,59,32,Month-to-month,DSL,Electronic Check,3033.91,91833.88,3,No,No,South,Yes,1,0.76,High
CUST6943,Female,60,61,Two year,Fiber,Bank Transfer,822.1,49396.77,1,No,No,South,No,0,0.137,Low
CUST6944,Male,46,3,One year,No Internet,Bank Transfer,2764.38,7949.46,1,Yes,No,North,No,0,0.355,Medium
CUST6945,Male,28,55,Month-to-month,DSL,Credit Card,987.0,50611.83,3,Yes,No,Central,No,0,0.577,Medium
CUST6946,Male,23,43,Two year,Fiber,UPI Autopay,2307.01,95985.15,2,Yes,Yes,North,No,0,0.205,Low
CUST6947,Female,35,64,Month-to-month,Fiber,UPI Autopay,1688.74,104944.06,0,No,No,East,No,0,0.405,Medium
CUST6948,Female,63,65,Two year,Fiber,Credit Card,2356.39,154136.02,5,No,Yes,North,No,0,0.233,Low
CUST6949,Female,69,16,Month-to-month,No Internet,Electronic Check,2277.91,37005.36,4,Yes,No,North,No,0,0.857,High
CUST6950,Male,23,18,Two year,No Internet,Credit Card,3406.71,57842.54,2,Yes,No,West,No,0,0.362,Medium
CUST6951,Male,58,53,One year,DSL,Credit Card,1599.02,83131.23,5,No,No,Central,No,0,0.286,Low
CUST6952,Male,45,71,Month-to-month,DSL,Credit Card,1115.35,72348.86,1,No,No,South,No,0,0.391,Medium
CUST6953,Female,21,68,Month-to-month,DSL,Credit Card,1072.18,74030.54,3,Yes,No,South,No,0,0.494,Medium
CUST6954,Female,36,38,One year,Fiber,Bank Transfer,1050.74,40114.12,3,No,No,South,No,0,0.261,Low
CUST6955,Male,33,33,Two year,DSL,UPI Autopay,308.81,9676.29,0,Yes,Yes,Central,No,0,0.132,Low
CUST6956,Female,22,41,Month-to-month,Fiber,Electronic Check,3159.98,119255.88,2,Yes,No,East,Yes,1,0.736,High
CUST6957,Female,55,65,One year,Fiber,Bank Transfer,914.19,62189.95,2,No,No,East,No,0,0.16,Low
CUST6958,Female,29,55,One year,DSL,Credit Card,3456.87,192613.16,2,No,Yes,South,No,0,0.154,Low
CUST6959,Female,67,56,Two year,Fiber,Credit Card,1151.51,58377.39,2,Yes,Yes,South,No,0,0.181,Low
CUST6960,Male,39,32,Two year,DSL,UPI Autopay,3446.27,112777.83,1,No,No,East,No,0,0.184,Low
CUST6961,Male,22,54,Month-to-month,Fiber,Electronic Check,815.42,39942.9,1,Yes,No,West,Yes,1,0.647,Medium
CUST6962,Male,45,6,One year,Fiber,Electronic Check,1283.54,7140.43,4,No,No,North,No,0,0.52,Medium
CUST6963,Male,39,41,Two year,Fiber,Credit Card,1473.27,54446.54,3,No,Yes,Central,No,0,0.256,Low
CUST6964,Male,25,10,One year,Fiber,Electronic Check,315.9,3074.83,1,Yes,No,Central,Yes,1,0.37,Medium
CUST6965,Male,29,37,Two year,Fiber,Bank Transfer,1809.33,60734.82,0,Yes,No,Central,No,0,0.189,Low
CUST6966,Female,48,10,Month-to-month,DSL,Credit Card,908.61,8833.39,1,No,No,South,No,0,0.587,Medium
CUST6967,Female,47,54,One year,DSL,Credit Card,3317.33,181768.8,3,No,No,Central,No,0,0.213,Low
CUST6968,Female,47,1,Two year,DSL,Electronic Check,1042.33,975.56,2,Yes,Yes,North,No,0,0.334,Medium
CUST6969,Female,54,25,Two year,Fiber,Credit Card,917.46,22096.57,1,No,Yes,West,No,0,0.21,Low
CUST6970,Male,65,52,Month-to-month,No Internet,Bank Transfer,1531.68,77307.2,0,Yes,Yes,East,No,0,0.47,Medium
CUST6971,Female,50,25,Month-to-month,DSL,UPI Autopay,2278.94,55958.37,2,No,No,East,No,0,0.614,Medium
CUST6972,Male,43,29,One year,DSL,UPI Autopay,2189.2,66184.71,0,Yes,Yes,North,No,0,0.16,Low
CUST6973,Female,43,53,Month-to-month,No Internet,Electronic Check,840.75,41460.94,1,Yes,No,East,Yes,1,0.611,Medium
CUST6974,Female,59,16,Two year,Fiber,Electronic Check,708.87,11742.17,2,Yes,No,East,Yes,1,0.358,Medium
CUST6975,Male,21,19,Month-to-month,DSL,Bank Transfer,3310.6,59832.26,1,Yes,Yes,East,Yes,1,0.63,Medium
CUST6976,Female,21,9,Month-to-month,DSL,Bank Transfer,1108.2,9219.03,3,No,Yes,South,Yes,1,0.667,High
CUST6977,Male,57,57,Month-to-month,Fiber,Credit Card,1125.54,61800.14,1,Yes,Yes,West,No,0,0.535,Medium
CUST6978,Female,21,41,Month-to-month,DSL,Electronic Check,2899.55,111889.3,2,No,No,North,No,0,0.651,Medium
CUST6979,Male,20,48,One year,DSL,UPI Autopay,3135.6,150120.21,1,Yes,Yes,West,Yes,1,0.169,Low
CUST6980,Male,40,16,Month-to-month,Fiber,Electronic Check,887.05,14523.79,3,Yes,No,East,No,0,0.806,High
CUST6981,Female,55,23,One year,Fiber,Credit Card,1668.1,38187.91,2,No,No,West,No,0,0.305,Low
CUST6982,Male,63,5,One year,Fiber,Electronic Check,3086.45,14264.95,0,Yes,No,Central,Yes,1,0.474,Medium
CUST6983,Female,49,31,Two year,Fiber,Credit Card,563.09,17488.58,1,No,No,Central,No,0,0.199,Low
CUST6984,Male,20,57,One year,Fiber,Bank Transfer,2005.71,103405.71,4,No,No,Central,No,0,0.281,Low
CUST6985,Female,67,29,Month-to-month,Fiber,Bank Transfer,878.14,24817.88,0,No,No,North,No,0,0.527,Medium
CUST6986,Female,49,65,Month-to-month,Fiber,Electronic Check,452.33,30002.05,1,Yes,No,South,No,0,0.59,Medium
CUST6987,Female,24,13,Month-to-month,DSL,Electronic Check,545.33,7387.12,0,No,No,Central,Yes,1,0.631,Medium
CUST6988,Male,21,62,Month-to-month,DSL,Bank Transfer,2959.5,188014.58,2,No,No,South,No,0,0.468,Medium
CUST6989,Male,37,34,Month-to-month,Fiber,Bank Transfer,2156.17,70392.84,2,No,Yes,North,No,0,0.624,Medium
CUST6990,Female,19,10,Month-to-month,Fiber,Credit Card,3176.19,32271.54,1,No,No,North,Yes,1,0.703,High
CUST6991,Female,20,38,Two year,No Internet,Bank Transfer,407.92,14768.87,1,No,No,North,No,0,0.148,Low
CUST6992,Female,30,20,One year,DSL,Credit Card,2705.64,56429.55,2,No,No,West,No,0,0.279,Low
CUST6993,Male,44,27,Month-to-month,Fiber,Bank Transfer,1234.95,34479.11,2,No,No,East,Yes,1,0.645,Medium
CUST6994,Male,69,16,Month-to-month,DSL,UPI Autopay,2616.42,38158.98,2,No,No,South,No,0,0.692,High
CUST6995,Female,33,28,Month-to-month,DSL,Bank Transfer,3204.34,82616.6,3,No,Yes,South,Yes,1,0.67,High
CUST6996,Male,29,35,One year,Fiber,Credit Card,2501.02,78944.94,2,No,Yes,South,No,0,0.258,Low
CUST6997,Female,67,31,Two year,Fiber,Credit Card,1515.77,47831.39,4,Yes,No,South,No,0,0.34,Medium
CUST6998,Female,34,67,Month-to-month,Fiber,Credit Card,948.63,61362.19,5,No,No,West,No,0,0.666,High
CUST6999,Female,62,70,One year,Fiber,UPI Autopay,931.25,64252.78,3,No,No,South,No,0,0.19,Low
CUST7000,Male,37,29,Month-to-month,Fiber,Credit Card,2954.34,86603.51,0,No,No,South,Yes,1,0.601,Medium
CUST7001,Female,29,49,Two year,DSL,UPI Autopay,2360.54,119779.0,3,Yes,No,West,No,0,0.205,Low
CUST7002,Female,67,51,Month-to-month,No Internet,UPI Autopay,862.77,40356.98,3,Yes,No,West,No,0,0.65,Medium
CUST7003,Female,22,3,Month-to-month,Fiber,Credit Card,777.07,2433.72,2,Yes,No,West,No,0,0.732,High
CUST7004,Male,42,31,One year,DSL,Electronic Check,1064.98,30694.13,1,No,No,West,No,0,0.264,Low
CUST7005,Male,57,15,One year,DSL,Credit Card,1493.5,22256.02,1,Yes,No,South,No,0,0.24,Low
CUST7006,Male,44,15,Month-to-month,Fiber,UPI Autopay,2919.87,42965.21,5,Yes,Yes,South,Yes,1,0.847,High
CUST7007,Male,58,22,Two year,Fiber,Bank Transfer,383.16,8138.16,3,Yes,No,North,No,0,0.282,Low
CUST7008,Female,46,5,One year,DSL,Bank Transfer,321.11,1578.92,4,No,No,West,Yes,1,0.34,Medium
CUST7009,Female,25,20,Month-to-month,DSL,Electronic Check,749.25,15672.05,1,Yes,Yes,Central,Yes,1,0.667,High
CUST7010,Female,33,16,One year,DSL,UPI Autopay,755.1,10914.7,0,No,No,North,No,0,0.152,Low
CUST7011,Female,47,16,One year,DSL,Bank Transfer,2245.79,37694.97,2,No,Yes,West,No,0,0.274,Low
CUST7012,Female,23,6,One year,Fiber,UPI Autopay,1791.11,9917.4,0,Yes,No,West,Yes,1,0.286,Low
CUST7013,Male,34,63,One year,Fiber,UPI Autopay,2287.42,139190.76,4,No,Yes,East,No,0,0.227,Low
CUST7014,Male,20,57,One year,Fiber,Electronic Check,1941.54,114244.88,0,No,Yes,West,No,0,0.197,Low
CUST7015,Female,58,15,Month-to-month,Fiber,UPI Autopay,947.71,13687.5,3,Yes,No,North,Yes,1,0.726,High
CUST7016,Female,48,49,Month-to-month,DSL,Credit Card,803.15,41262.8,4,No,No,West,No,0,0.618,Medium
CUST7017,Male,52,1,Two year,Fiber,Electronic Check,2893.38,2891.6,3,Yes,Yes,North,No,0,0.544,Medium
CUST7018,Female,56,23,One year,DSL,Electronic Check,565.54,13591.45,3,Yes,Yes,South,No,0,0.341,Medium
CUST7019,Female,19,3,Two year,Fiber,UPI Autopay,3318.46,10085.32,2,No,No,Central,No,0,0.406,Medium
CUST7020,Male,47,12,Month-to-month,Fiber,Electronic Check,2669.81,30507.83,2,No,No,East,Yes,1,0.818,High
CUST7021,Male,25,21,Month-to-month,Fiber,Electronic Check,2780.34,58660.62,0,Yes,Yes,North,Yes,1,0.711,High
CUST7022,Male,28,33,Two year,Fiber,Bank Transfer,2408.09,81356.98,2,No,No,South,No,0,0.247,Low
CUST7023,Female,40,57,Month-to-month,No Internet,UPI Autopay,874.59,45389.47,5,No,Yes,West,No,0,0.68,High
CUST7024,Male,34,43,Month-to-month,Fiber,Bank Transfer,1655.89,72910.19,2,No,No,North,Yes,1,0.587,Medium
CUST7025,Female,46,46,Month-to-month,Fiber,Electronic Check,1852.87,87372.63,2,No,No,East,No,0,0.682,High
CUST7026,Female,37,55,Month-to-month,Fiber,Electronic Check,1370.32,74859.48,4,Yes,No,Central,Yes,1,0.77,High
CUST7027,Male,52,13,Two year,DSL,UPI Autopay,2189.88,28432.04,2,No,Yes,East,No,0,0.244,Low
CUST7028,Female,33,17,Month-to-month,No Internet,Credit Card,1747.11,27448.94,1,No,No,South,No,0,0.644,Medium
CUST7029,Female,32,46,Month-to-month,Fiber,Bank Transfer,3204.95,137264.9,3,No,No,Central,No,0,0.685,High
CUST7030,Female,47,42,One year,DSL,Bank Transfer,1790.26,67901.51,2,No,Yes,Central,No,0,0.193,Low
CUST7031,Male,34,30,Month-to-month,Fiber,Credit Card,1744.38,51740.48,1,No,No,East,No,0,0.598,Medium
CUST7032,Male,53,26,Month-to-month,Fiber,UPI Autopay,1183.49,31221.81,3,No,Yes,South,Yes,1,0.693,High
CUST7033,Male,33,32,Month-to-month,DSL,Credit Card,715.78,22695.47,4,No,No,East,Yes,1,0.642,Medium
CUST7034,Female,21,43,One year,DSL,UPI Autopay,1066.11,42144.53,3,No,No,North,No,0,0.186,Low
CUST7035,Male,58,24,Month-to-month,Fiber,UPI Autopay,633.02,14348.13,2,No,No,North,Yes,1,0.638,Medium
CUST7036,Male,62,5,Two year,DSL,Credit Card,2965.01,15114.83,2,Yes,No,West,No,0,0.364,Medium
CUST7037,Female,36,2,Month-to-month,Fiber,Electronic Check,1909.38,3938.02,1,No,No,East,Yes,1,0.782,High
CUST7038,Male,48,53,Month-to-month,DSL,Electronic Check,2111.06,104431.65,2,No,No,North,Yes,1,0.609,Medium
CUST7039,Female,37,56,Two year,DSL,Electronic Check,3012.39,155359.19,1,Yes,No,South,No,0,0.194,Low
CUST7040,Male,51,30,One year,No Internet,Bank Transfer,2888.94,90066.3,3,No,No,West,No,0,0.354,Medium
CUST7041,Female,24,35,Month-to-month,Fiber,UPI Autopay,3351.67,111231.68,0,Yes,Yes,East,Yes,1,0.563,Medium
CUST7042,Female,51,9,Month-to-month,Fiber,Electronic Check,557.54,4922.5,4,Yes,No,North,Yes,1,0.835,High
CUST7043,Female,44,47,Month-to-month,Fiber,Bank Transfer,806.68,34413.6,1,Yes,Yes,West,Yes,1,0.55,Medium
CUST7044,Male,38,11,Month-to-month,Fiber,Credit Card,2889.92,29904.92,1,No,Yes,West,No,0,0.727,High
CUST7045,Male,27,47,Month-to-month,DSL,Electronic Check,1852.37,89066.89,7,No,No,East,Yes,1,0.816,High
CUST7046,Male,68,61,Month-to-month,DSL,UPI Autopay,3332.62,204429.37,0,Yes,No,Central,Yes,1,0.442,Medium
CUST7047,Female,36,26,Month-to-month,DSL,UPI Autopay,620.21,15337.86,0,Yes,No,South,No,0,0.487,Medium
CUST7048,Male,20,12,Two year,Fiber,UPI Autopay,3402.48,38340.35,3,Yes,Yes,West,No,0,0.43,Medium
CUST7049,Female,43,3,One year,DSL,Electronic Check,992.43,2742.88,2,Yes,Yes,West,Yes,1,0.387,Medium
CUST7050,Female,68,40,One year,Fiber,Bank Transfer,2979.0,109956.9,2,Yes,No,West,No,0,0.299,Low
CUST7051,Male,27,11,Two year,DSL,Credit Card,2688.85,27678.38,1,No,No,South,Yes,1,0.242,Low
CUST7052,Female,24,48,Month-to-month,Fiber,Electronic Check,3490.99,161420.02,3,No,No,East,No,0,0.736,High
CUST7053,Male,27,14,Month-to-month,Fiber,Bank Transfer,2115.1,30159.49,1,No,No,Central,No,0,0.698,High
CUST7054,Female,29,39,One year,DSL,UPI Autopay,777.66,29208.54,3,Yes,No,North,No,0,0.205,Low
CUST7055,Female,21,32,Month-to-month,DSL,Credit Card,1451.17,43361.02,3,Yes,No,West,No,0,0.652,Medium
CUST7056,Male,25,18,Month-to-month,DSL,UPI Autopay,1419.5,25709.11,1,Yes,Yes,South,Yes,1,0.581,Medium
CUST7057,Male,53,65,One year,DSL,Electronic Check,2311.54,146037.59,3,No,No,North,No,0,0.229,Low
CUST7058,Male,45,18,Month-to-month,No Internet,Credit Card,2004.03,36344.88,1,No,No,North,No,0,0.643,Medium
CUST7059,Male,21,34,Month-to-month,No Internet,Credit Card,1840.46,65242.59,2,Yes,No,South,Yes,1,0.649,Medium
CUST7060,Female,48,56,One year,DSL,Electronic Check,2020.39,112526.54,0,No,No,West,No,0,0.172,Low
CUST7061,Male,34,70,Month-to-month,DSL,UPI Autopay,1538.09,101432.4,2,No,No,South,No,0,0.438,Medium
CUST7062,Female,48,32,Month-to-month,Fiber,Electronic Check,2943.3,98286.12,3,No,No,Central,No,0,0.811,High
CUST7063,Female,46,2,Month-to-month,Fiber,UPI Autopay,2334.58,4754.3,2,Yes,No,East,Yes,1,0.771,High
CUST7064,Male,60,37,Two year,No Internet,Bank Transfer,3403.43,125180.13,1,Yes,No,West,No,0,0.251,Low
CUST7065,Female,55,29,Month-to-month,DSL,Credit Card,3329.68,97030.65,4,No,Yes,East,Yes,1,0.705,High
CUST7066,Male,41,22,One year,Fiber,Bank Transfer,2451.58,55763.14,2,No,No,West,No,0,0.333,Medium
CUST7067,Female,22,42,Month-to-month,DSL,Bank Transfer,725.29,30513.71,5,No,No,North,Yes,1,0.638,Medium
CUST7068,Female,38,67,Month-to-month,DSL,Credit Card,1576.69,95233.54,1,No,No,East,No,0,0.383,Medium
CUST7069,Female,31,69,One year,Fiber,Electronic Check,2613.23,185187.75,3,Yes,Yes,Central,No,0,0.284,Low
CUST7070,Female,68,63,Month-to-month,Fiber,Bank Transfer,1209.76,79313.36,2,No,No,West,Yes,1,0.55,Medium
CUST7071,Female,63,64,Month-to-month,No Internet,Credit Card,1081.34,64926.09,2,No,No,East,Yes,1,0.506,Medium
CUST7072,Female,27,53,One year,Fiber,Credit Card,2025.42,106313.89,2,Yes,Yes,East,No,0,0.19,Low
CUST7073,Female,67,60,Month-to-month,DSL,UPI Autopay,3382.45,200810.24,1,No,No,Central,No,0,0.469,Medium
CUST7074,Female,66,68,Month-to-month,No Internet,UPI Autopay,802.37,55790.15,0,Yes,No,West,Yes,1,0.442,Medium
CUST7075,Male,59,34,One year,Fiber,UPI Autopay,1598.94,52052.72,5,Yes,No,Central,No,0,0.433,Medium
CUST7076,Male,24,47,Month-to-month,Fiber,Credit Card,325.67,14296.4,3,No,No,South,Yes,1,0.613,Medium
CUST7077,Female,50,42,One year,Fiber,UPI Autopay,627.88,24745.79,3,Yes,Yes,North,No,0,0.238,Low
CUST7078,Female,18,69,Two year,Fiber,Electronic Check,2265.0,153840.46,2,No,Yes,Central,Yes,1,0.209,Low
CUST7079,Female,19,42,Two year,No Internet,Credit Card,461.36,18366.43,2,Yes,No,South,Yes,1,0.192,Low
CUST7080,Female,50,55,Month-to-month,DSL,Electronic Check,3467.11,195255.75,4,No,No,Central,Yes,1,0.727,High
CUST7081,Female,67,50,Two year,DSL,UPI Autopay,1513.56,71694.99,2,Yes,No,Central,No,0,0.178,Low
CUST7082,Male,61,34,One year,Fiber,Bank Transfer,1836.92,62384.46,1,Yes,No,West,No,0,0.259,Low
CUST7083,Male,33,63,Month-to-month,Fiber,Electronic Check,857.03,56098.63,1,Yes,Yes,Central,No,0,0.608,Medium
CUST7084,Female,58,43,Two year,Fiber,Credit Card,1722.05,72314.32,1,No,Yes,Central,No,0,0.183,Low
CUST7085,Female,28,69,Month-to-month,DSL,UPI Autopay,2774.13,186177.09,1,Yes,No,East,No,0,0.391,Medium
CUST7086,Female,45,27,Month-to-month,Fiber,Credit Card,1663.38,43912.23,2,Yes,No,Central,No,0,0.699,High
CUST7087,Male,69,63,Month-to-month,DSL,Bank Transfer,620.39,39515.69,3,No,No,North,No,0,0.501,Medium
CUST7088,Male,25,57,Month-to-month,Fiber,UPI Autopay,3169.08,180854.05,1,No,Yes,East,No,0,0.487,Medium
CUST7089,Male,57,11,Month-to-month,DSL,UPI Autopay,658.49,7384.39,3,Yes,No,Central,Yes,1,0.715,High
CUST7090,Female,41,43,Month-to-month,Fiber,Electronic Check,3486.73,147029.61,1,No,No,Central,Yes,1,0.71,High
CUST7091,Female,23,69,Month-to-month,DSL,Bank Transfer,1709.22,123823.68,0,No,No,West,No,0,0.346,Medium
CUST7092,Male,43,43,Two year,Fiber,UPI Autopay,3101.04,137514.27,1,No,No,North,Yes,1,0.183,Low
CUST7093,Female,69,54,One year,DSL,Credit Card,1120.91,57285.4,2,Yes,No,Central,No,0,0.183,Low
CUST7094,Male,27,29,Two year,Fiber,UPI Autopay,1134.41,30750.3,4,No,No,Central,No,0,0.332,Medium
CUST7095,Female,19,9,Month-to-month,DSL,Credit Card,348.1,3116.52,3,No,No,East,No,0,0.637,Medium
CUST7096,Male,60,10,Two year,Fiber,Credit Card,2821.73,26129.89,0,No,Yes,East,Yes,1,0.253,Low
CUST7097,Male,23,66,Two year,Fiber,Bank Transfer,2380.5,142731.51,2,No,No,North,No,0,0.148,Low
CUST7098,Female,31,37,Month-to-month,No Internet,UPI Autopay,2314.01,80437.29,2,Yes,Yes,East,No,0,0.621,Medium
CUST7099,Male,20,62,Month-to-month,DSL,Bank Transfer,1235.98,75628.94,2,Yes,Yes,Central,No,0,0.485,Medium
CUST7100,Female,63,49,Month-to-month,Fiber,Electronic Check,1565.58,74348.88,3,No,Yes,South,Yes,1,0.718,High
CUST7101,Male,19,33,One year,Fiber,Credit Card,3061.6,103634.06,1,No,No,South,No,0,0.24,Low
CUST7102,Female,67,40,Month-to-month,DSL,Electronic Check,1101.98,46052.48,1,No,No,West,Yes,1,0.624,Medium
CUST7103,Female,58,32,Month-to-month,DSL,UPI Autopay,669.82,21113.23,3,No,No,West,No,0,0.627,Medium
CUST7104,Female,19,7,One year,Fiber,UPI Autopay,2711.68,17735.25,1,Yes,No,East,No,0,0.329,Low
CUST7105,Male,30,10,Month-to-month,DSL,Credit Card,2138.79,19982.13,3,Yes,No,South,Yes,1,0.74,High
CUST7106,Female,63,40,Month-to-month,Fiber,UPI Autopay,1623.6,62024.04,2,No,No,South,No,0,0.622,Medium
CUST7107,Male,52,24,Month-to-month,Fiber,Electronic Check,1346.9,29268.6,3,Yes,Yes,South,Yes,1,0.802,High
CUST7108,Male,41,39,Month-to-month,DSL,UPI Autopay,1119.39,41501.98,2,Yes,No,South,No,0,0.568,Medium
CUST7109,Male,20,56,Two year,DSL,Credit Card,861.58,49332.32,2,Yes,No,Central,No,0,0.153,Low
CUST7110,Male,65,12,Month-to-month,Fiber,UPI Autopay,2324.88,27711.62,3,Yes,No,East,Yes,1,0.788,High
CUST7111,Male,69,6,Month-to-month,DSL,Credit Card,2915.49,18121.27,1,No,No,West,Yes,1,0.715,High
CUST7112,Female,53,55,Month-to-month,Fiber,Credit Card,1885.64,108415.13,1,No,Yes,North,No,0,0.475,Medium
CUST7113,Female,50,39,Month-to-month,Fiber,Bank Transfer,2497.22,96557.73,0,Yes,No,South,No,0,0.561,Medium
CUST7114,Female,53,28,Two year,Fiber,UPI Autopay,1222.25,35283.08,4,No,Yes,North,No,0,0.289,Low
CUST7115,Female,22,32,Month-to-month,No Internet,Electronic Check,443.96,13484.81,4,No,No,South,Yes,1,0.773,High
CUST7116,Male,45,55,One year,Fiber,UPI Autopay,636.92,35590.87,2,Yes,No,Central,No,0,0.217,Low
CUST7117,Male,51,55,Month-to-month,No Internet,Credit Card,3426.94,194709.04,1,No,No,Central,No,0,0.552,Medium
CUST7118,Male,18,22,One year,DSL,UPI Autopay,2115.15,45748.95,0,No,No,Central,No,0,0.192,Low
CUST7119,Female,38,57,Month-to-month,Fiber,Bank Transfer,2325.93,120256.94,1,No,Yes,North,No,0,0.476,Medium
CUST7120,Female,38,20,Month-to-month,Fiber,UPI Autopay,3123.74,59737.02,5,Yes,Yes,North,Yes,1,0.821,High
CUST7121,Male,65,34,One year,No Internet,UPI Autopay,647.37,21846.94,0,Yes,No,East,No,0,0.176,Low
CUST7122,Male,65,7,Month-to-month,Fiber,Electronic Check,1370.33,9436.44,3,No,No,Central,Yes,1,0.851,High
CUST7123,Female,42,69,Month-to-month,Fiber,Credit Card,2564.23,180693.86,3,Yes,No,East,No,0,0.557,Medium
CUST7124,Female,47,37,Month-to-month,No Internet,Electronic Check,671.01,24398.79,0,No,No,Central,No,0,0.627,Medium
CUST7125,Male,19,45,One year,Fiber,Credit Card,2655.23,110129.56,4,Yes,No,East,No,0,0.319,Low
CUST7126,Male,25,31,Month-to-month,DSL,UPI Autopay,1303.38,37516.42,0,No,Yes,South,Yes,1,0.461,Medium
CUST7127,Male,23,64,One year,No Internet,Electronic Check,726.73,46373.03,3,Yes,Yes,East,No,0,0.264,Low
CUST7128,Male,40,57,Month-to-month,DSL,Credit Card,941.53,53701.38,5,Yes,Yes,North,No,0,0.615,Medium
CUST7129,Female,40,7,One year,DSL,UPI Autopay,1491.37,9631.7,2,Yes,No,North,No,0,0.273,Low
CUST7130,Female,64,26,Month-to-month,DSL,Electronic Check,3304.56,80253.81,2,No,Yes,North,No,0,0.727,High
CUST7131,Female,19,43,Two year,DSL,UPI Autopay,1050.6,44510.38,3,No,No,South,No,0,0.179,Low
CUST7132,Female,40,22,One year,DSL,UPI Autopay,2526.09,56477.48,1,Yes,No,West,No,0,0.247,Low
CUST7133,Male,46,38,Two year,Fiber,Bank Transfer,1901.74,67253.6,1,Yes,No,West,No,0,0.225,Low
CUST7134,Male,50,29,Month-to-month,DSL,Electronic Check,870.97,22758.65,1,Yes,Yes,South,No,0,0.644,Medium
CUST7135,Male,50,7,Two year,Fiber,Electronic Check,3219.81,21762.06,2,Yes,No,South,Yes,1,0.514,Medium
CUST7136,Male,28,17,Month-to-month,Fiber,Bank Transfer,2794.51,46212.64,3,Yes,No,South,Yes,1,0.784,High
CUST7137,Female,52,38,One year,DSL,Electronic Check,2640.75,92170.43,0,No,Yes,Central,No,0,0.225,Low
CUST7138,Male,59,46,One year,Fiber,Electronic Check,836.2,38452.77,3,Yes,Yes,Central,No,0,0.369,Medium
CUST7139,Male,48,71,One year,No Internet,UPI Autopay,2793.39,188945.69,3,No,No,East,No,0,0.183,Low
CUST7140,Female,63,45,Month-to-month,Fiber,Credit Card,2205.23,99837.41,2,Yes,Yes,West,Yes,1,0.637,Medium
CUST7141,Male,18,43,Month-to-month,DSL,Bank Transfer,2803.54,112795.79,2,Yes,No,East,Yes,1,0.568,Medium
CUST7142,Female,23,22,Month-to-month,Fiber,UPI Autopay,3118.25,62033.99,2,Yes,No,South,Yes,1,0.731,High
CUST7143,Male,31,2,Month-to-month,Fiber,UPI Autopay,2173.89,4107.41,0,Yes,No,South,Yes,1,0.7,High
CUST7144,Female,33,52,One year,Fiber,Bank Transfer,304.02,14230.56,0,No,Yes,East,No,0,0.119,Low
CUST7145,Female,44,66,One year,Fiber,Bank Transfer,1137.7,69990.81,3,No,No,West,No,0,0.21,Low
CUST7146,Male,57,58,Month-to-month,Fiber,Electronic Check,2978.26,168257.19,2,No,Yes,West,No,0,0.684,High
CUST7147,Male,44,11,Month-to-month,Fiber,Electronic Check,1139.58,11741.56,2,Yes,No,Central,Yes,1,0.816,High
CUST7148,Female,51,67,One year,Fiber,UPI Autopay,766.27,48237.33,2,No,No,West,No,0,0.176,Low
CUST7149,Female,32,6,Month-to-month,Fiber,Bank Transfer,455.31,2548.57,6,Yes,Yes,North,Yes,1,0.819,High
CUST7150,Male,18,15,One year,DSL,Electronic Check,2066.77,30064.08,3,No,Yes,Central,No,0,0.416,Medium
CUST7151,Male,66,9,Month-to-month,Fiber,Electronic Check,2703.3,22524.11,2,No,No,Central,No,0,0.851,High
CUST7152,Female,50,65,Month-to-month,Fiber,Electronic Check,2696.45,168730.48,4,No,No,Central,No,0,0.741,High
CUST7153,Female,57,60,Two year,Fiber,Credit Card,3057.01,191390.34,1,No,Yes,South,No,0,0.138,Low
CUST7154,Female,69,25,Two year,No Internet,Credit Card,1564.38,36600.4,2,Yes,Yes,South,No,0,0.26,Low
CUST7155,Female,18,24,Two year,No Internet,Bank Transfer,2190.63,48564.47,1,Yes,Yes,South,No,0,0.225,Low
CUST7156,Female,28,64,Two year,DSL,UPI Autopay,2034.13,125987.44,5,Yes,Yes,West,No,0,0.22,Low
CUST7157,Female,34,64,One year,DSL,Electronic Check,2566.95,170115.09,2,No,No,Central,No,0,0.21,Low
CUST7158,Male,27,61,Month-to-month,DSL,Electronic Check,3490.1,220454.8,0,Yes,No,Central,No,0,0.531,Medium
CUST7159,Male,56,53,Two year,Fiber,UPI Autopay,3310.69,159840.86,6,Yes,Yes,West,Yes,1,0.397,Medium
CUST7160,Female,65,69,Month-to-month,Fiber,UPI Autopay,599.76,39874.57,3,No,Yes,North,No,0,0.522,Medium
CUST7161,Male,57,55,Month-to-month,Fiber,Credit Card,3476.77,189859.98,2,No,No,East,No,0,0.581,Medium
CUST7162,Male,36,37,Two year,Fiber,Credit Card,2429.96,89038.56,3,Yes,No,Central,No,0,0.312,Low
CUST7163,Male,62,1,One year,Fiber,Bank Transfer,2697.4,2592.47,0,No,Yes,East,No,0,0.304,Low
CUST7164,Female,41,25,Month-to-month,Fiber,Bank Transfer,2241.18,57443.93,1,Yes,No,North,No,0,0.637,Medium
CUST7165,Male,69,61,One year,No Internet,Electronic Check,2131.21,129154.18,5,Yes,No,West,No,0,0.437,Medium
CUST7166,Male,19,49,Two year,Fiber,Credit Card,1015.9,49162.74,1,Yes,No,Central,No,0,0.177,Low
CUST7167,Female,36,62,Two year,Fiber,Bank Transfer,2378.75,135338.15,0,Yes,No,North,No,0,0.117,Low
CUST7168,Female,47,38,One year,DSL,Electronic Check,3044.85,114467.64,2,Yes,No,West,Yes,1,0.334,Medium
CUST7169,Female,48,24,Month-to-month,Fiber,UPI Autopay,1144.63,28087.46,2,No,No,North,No,0,0.639,Medium
CUST7170,Male,20,7,Month-to-month,No Internet,Credit Card,2916.64,19251.16,2,Yes,Yes,South,Yes,1,0.767,High
CUST7171,Female,61,49,Month-to-month,DSL,Credit Card,2402.91,106541.15,0,No,No,East,No,0,0.426,Medium
CUST7172,Male,67,4,Month-to-month,Fiber,Credit Card,1129.57,4237.45,2,No,Yes,Central,Yes,1,0.74,High
CUST7173,Female,30,32,Month-to-month,Fiber,Credit Card,1926.02,59963.12,1,No,Yes,East,No,0,0.57,Medium
CUST7174,Female,69,10,Two year,Fiber,Credit Card,2682.04,27675.98,2,No,Yes,West,Yes,1,0.355,Medium
CUST7175,Female,18,33,Month-to-month,Fiber,UPI Autopay,3309.79,101113.92,2,Yes,Yes,East,No,0,0.665,High
CUST7176,Female,53,1,Month-to-month,DSL,Bank Transfer,2223.81,2099.49,2,No,No,West,No,0,0.734,High
CUST7177,Female,55,71,One year,Fiber,UPI Autopay,816.82,56550.9,1,Yes,No,Central,No,0,0.153,Low
CUST7178,Female,28,66,Two year,DSL,Electronic Check,1827.95,126008.4,1,No,No,Central,No,0,0.155,Low
CUST7179,Male,55,8,Month-to-month,Fiber,Electronic Check,518.1,4246.09,6,Yes,No,Central,Yes,1,0.904,High
CUST7180,Female,59,9,Month-to-month,No Internet,Credit Card,2937.38,24659.19,2,No,No,East,No,0,0.753,High
CUST7181,Female,27,50,One year,Fiber,Credit Card,416.39,20532.48,2,Yes,No,West,No,0,0.213,Low
CUST7182,Male,25,48,Month-to-month,Fiber,UPI Autopay,886.7,41833.92,2,Yes,No,North,No,0,0.571,Medium
CUST7183,Female,34,50,One year,Fiber,UPI Autopay,3420.32,155229.83,2,No,No,East,No,0,0.218,Low
CUST7184,Male,65,8,Month-to-month,Fiber,UPI Autopay,2389.35,20068.87,3,Yes,No,Central,Yes,1,0.823,High
CUST7185,Male,58,63,Month-to-month,DSL,Credit Card,1530.1,88567.03,3,No,No,West,Yes,1,0.548,Medium
CUST7186,Male,18,2,Two year,Fiber,Credit Card,2290.17,4679.91,4,Yes,No,West,No,0,0.491,Medium
CUST7187,Female,61,25,One year,Fiber,Bank Transfer,3177.32,74607.28,1,No,No,Central,No,0,0.303,Low
CUST7188,Female,45,68,Two year,Fiber,Credit Card,2777.8,180270.3,3,No,Yes,East,No,0,0.165,Low
CUST7189,Female,47,70,Two year,DSL,Electronic Check,2481.98,168007.17,2,No,Yes,Central,No,0,0.175,Low
CUST7190,Female,55,19,Two year,Fiber,Electronic Check,2797.53,48314.05,1,No,No,West,Yes,1,0.387,Medium
CUST7191,Male,51,39,Two year,DSL,Credit Card,591.25,22811.46,1,No,No,South,Yes,1,0.141,Low
CUST7192,Male,31,61,Month-to-month,DSL,Credit Card,2596.3,164994.83,3,Yes,No,Central,No,0,0.565,Medium
CUST7193,Female,19,33,One year,No Internet,UPI Autopay,2660.66,84220.11,1,No,No,South,No,0,0.223,Low
CUST7194,Male,28,64,Month-to-month,DSL,Bank Transfer,396.8,25698.27,4,No,No,North,No,0,0.528,Medium
CUST7195,Male,33,37,Month-to-month,DSL,Electronic Check,1055.87,39166.62,2,No,Yes,Central,Yes,1,0.662,High
CUST7196,Male,27,22,Month-to-month,Fiber,Electronic Check,1882.46,38259.27,0,No,No,West,Yes,1,0.714,High
CUST7197,Male,22,55,Month-to-month,Fiber,Electronic Check,1971.12,104228.57,0,No,No,South,No,0,0.572,Medium
CUST7198,Male,50,46,Month-to-month,No Internet,Electronic Check,3138.91,143790.69,3,No,Yes,South,No,0,0.746,High
CUST7199,Male,37,2,Month-to-month,DSL,UPI Autopay,3430.95,6383.74,1,No,No,West,Yes,1,0.738,High
CUST7200,Female,31,23,Month-to-month,Fiber,Bank Transfer,1552.88,35160.14,2,Yes,No,North,No,0,0.667,High
CUST7201,Female,22,21,One year,Fiber,Credit Card,1878.78,38302.19,2,Yes,No,North,No,0,0.288,Low
CUST7202,Female,18,63,Two year,Fiber,UPI Autopay,688.82,39492.8,3,Yes,No,Central,No,0,0.202,Low
CUST7203,Female,22,56,Two year,DSL,Electronic Check,3247.25,188226.62,2,No,No,North,No,0,0.19,Low
CUST7204,Male,39,23,Month-to-month,No Internet,Electronic Check,2191.16,49392.01,0,Yes,Yes,Central,Yes,1,0.722,High
CUST7205,Male,23,57,Month-to-month,DSL,Electronic Check,1632.2,91061.37,1,Yes,No,South,No,0,0.562,Medium
CUST7206,Male,39,49,Two year,Fiber,Electronic Check,534.48,25691.69,2,Yes,No,West,No,0,0.29,Low
CUST7207,Female,25,58,One year,Fiber,Electronic Check,2100.77,120796.65,4,No,Yes,North,No,0,0.312,Low
CUST7208,Male,61,40,Month-to-month,Fiber,Electronic Check,991.33,38552.8,3,No,No,West,No,0,0.768,High
CUST7209,Male,50,6,Two year,Fiber,Electronic Check,992.16,5460.56,0,No,No,West,No,0,0.328,Low
CUST7210,Male,49,46,One year,DSL,UPI Autopay,1904.68,86453.76,2,Yes,No,South,No,0,0.195,Low
CUST7211,Female,35,8,Month-to-month,Fiber,Credit Card,517.7,4099.16,4,Yes,No,North,Yes,1,0.761,High
CUST7212,Male,41,25,Month-to-month,Fiber,Credit Card,2863.57,74599.86,2,Yes,Yes,North,Yes,1,0.694,High
CUST7213,Male,68,44,Two year,Fiber,Bank Transfer,2237.32,93396.85,2,No,No,West,No,0,0.241,Low
CUST7214,Female,45,48,One year,Fiber,Electronic Check,762.53,38190.86,1,Yes,No,East,No,0,0.245,Low
CUST7215,Female,27,49,Two year,DSL,Electronic Check,796.38,36147.59,0,Yes,No,East,No,0,0.15,Low
CUST7216,Female,66,2,One year,Fiber,Bank Transfer,747.46,1473.61,3,Yes,No,East,Yes,1,0.377,Medium
CUST7217,Female,39,45,Month-to-month,No Internet,Electronic Check,1733.35,80650.78,2,No,No,West,Yes,1,0.704,High
CUST7218,Female,24,37,One year,Fiber,UPI Autopay,2424.65,88891.57,0,No,Yes,Central,No,0,0.185,Low
CUST7219,Male,60,4,Month-to-month,Fiber,Electronic Check,901.82,3400.11,0,No,No,West,No,0,0.747,High
CUST7220,Male,61,41,Month-to-month,DSL,Bank Transfer,693.37,28744.02,1,Yes,No,East,Yes,1,0.497,Medium
CUST7221,Male,22,6,Month-to-month,Fiber,Bank Transfer,365.34,2169.92,3,Yes,No,East,No,0,0.73,High
CUST7222,Female,61,25,Month-to-month,Fiber,Bank Transfer,2000.27,51567.1,2,No,No,West,No,0,0.701,High
CUST7223,Female,50,57,One year,Fiber,Electronic Check,2643.45,143125.11,0,No,No,Central,Yes,1,0.221,Low
CUST7224,Female,54,45,Month-to-month,Fiber,Bank Transfer,919.38,37821.87,1,No,No,West,No,0,0.558,Medium
CUST7225,Female,40,21,Two year,No Internet,Bank Transfer,926.09,19185.72,1,No,Yes,East,No,0,0.188,Low
CUST7226,Male,48,44,Month-to-month,Fiber,Electronic Check,1408.15,58286.67,4,Yes,Yes,East,Yes,1,0.776,High
CUST7227,Male,53,53,Month-to-month,No Internet,Electronic Check,2729.48,142908.82,1,No,No,East,No,0,0.63,Medium
CUST7228,Male,59,38,Month-to-month,Fiber,Credit Card,2750.1,103919.83,3,Yes,Yes,West,Yes,1,0.725,High
CUST7229,Female,51,57,One year,No Internet,UPI Autopay,2873.14,169746.3,3,No,Yes,East,No,0,0.204,Low
CUST7230,Male,51,6,Two year,Fiber,Electronic Check,1165.96,6930.18,1,Yes,Yes,North,No,0,0.348,Medium
CUST7231,Male,64,23,Month-to-month,DSL,Electronic Check,1080.32,25663.21,1,Yes,No,South,No,0,0.685,High
CUST7232,Male,39,19,Month-to-month,No Internet,Credit Card,2339.03,43293.25,2,No,No,East,Yes,1,0.698,High
CUST7233,Female,67,6,Two year,DSL,Credit Card,1115.24,6912.82,3,No,No,West,No,0,0.307,Low
CUST7234,Female,25,39,Month-to-month,Fiber,Credit Card,1651.21,61424.99,3,No,Yes,West,Yes,1,0.662,High
CUST7235,Female,48,65,Two year,Fiber,Credit Card,2986.9,186592.75,3,No,No,East,No,0,0.182,Low
CUST7236,Male,18,43,Month-to-month,DSL,Credit Card,2909.26,117764.39,0,Yes,No,North,Yes,1,0.465,Medium
CUST7237,Female,45,29,One year,DSL,Credit Card,2383.35,71413.1,2,No,No,North,Yes,1,0.216,Low
CUST7238,Female,53,39,Month-to-month,Fiber,Credit Card,1902.13,75507.89,3,No,Yes,North,Yes,1,0.64,Medium
CUST7239,Female,44,39,One year,No Internet,Bank Transfer,1923.59,78449.8,3,Yes,Yes,West,No,0,0.29,Low
CUST7240,Male,34,9,Month-to-month,Fiber,UPI Autopay,2729.48,25645.21,0,No,No,Central,No,0,0.698,High
CUST7241,Female,64,23,One year,DSL,UPI Autopay,2654.84,57056.9,6,Yes,No,West,No,0,0.486,Medium
CUST7242,Female,67,27,Two year,Fiber,UPI Autopay,325.36,8874.23,2,No,Yes,East,No,0,0.207,Low
CUST7243,Male,69,65,Month-to-month,DSL,Electronic Check,2688.25,160596.56,1,No,Yes,Central,No,0,0.554,Medium
CUST7244,Female,31,27,Month-to-month,No Internet,UPI Autopay,2288.73,59697.73,3,Yes,Yes,West,No,0,0.73,High
CUST7245,Female,25,32,Month-to-month,Fiber,Electronic Check,381.26,11098.61,2,Yes,Yes,Central,No,0,0.725,High
CUST7246,Male,36,30,Month-to-month,DSL,UPI Autopay,1369.47,41657.03,2,No,No,South,No,0,0.584,Medium
CUST7247,Female,51,41,Month-to-month,Fiber,Credit Card,3427.84,132057.06,2,Yes,No,East,No,0,0.659,Medium
CUST7248,Female,41,59,Month-to-month,DSL,Credit Card,2053.9,114134.43,0,Yes,No,North,No,0,0.382,Medium
CUST7249,Male,43,13,Month-to-month,DSL,UPI Autopay,3130.87,38064.52,0,No,No,East,No,0,0.608,Medium
CUST7250,Female,68,52,Two year,Fiber,Bank Transfer,1404.51,72544.12,1,No,Yes,North,No,0,0.141,Low
CUST7251,Female,28,59,Two year,Fiber,Bank Transfer,1945.89,117713.84,2,No,No,West,No,0,0.175,Low
CUST7252,Male,20,10,Month-to-month,DSL,UPI Autopay,424.27,4043.92,4,Yes,No,West,Yes,1,0.735,High
CUST7253,Male,62,24,Month-to-month,Fiber,UPI Autopay,2880.52,66205.1,4,No,No,East,Yes,1,0.785,High
CUST7254,Male,65,37,Month-to-month,DSL,Electronic Check,3162.71,110597.69,1,No,No,East,No,0,0.661,High
CUST7255,Female,68,5,One year,Fiber,Bank Transfer,342.66,1688.02,2,No,No,East,No,0,0.291,Low
CUST7256,Male,65,49,One year,Fiber,Credit Card,3204.09,164389.02,2,No,No,North,No,0,0.221,Low
CUST7257,Male,54,45,One year,DSL,Credit Card,2338.92,99717.95,0,No,No,South,No,0,0.139,Low
CUST7258,Male,39,40,Two year,Fiber,Electronic Check,2489.28,103286.59,1,Yes,Yes,South,No,0,0.278,Low
CUST7259,Male,69,20,One year,DSL,Electronic Check,1492.37,30945.54,0,No,No,East,No,0,0.249,Low
CUST7260,Male,65,50,One year,DSL,Electronic Check,546.84,27049.78,1,No,No,East,No,0,0.193,Low
CUST7261,Male,24,69,Month-to-month,No Internet,UPI Autopay,429.27,27993.19,2,No,Yes,East,Yes,1,0.461,Medium
CUST7262,Male,41,1,Month-to-month,No Internet,Electronic Check,848.25,807.75,2,No,No,North,No,0,0.784,High
CUST7263,Female,30,60,Two year,DSL,Bank Transfer,1247.21,68263.02,1,No,No,Central,No,0,0.116,Low
CUST7264,Male,33,49,One year,Fiber,Bank Transfer,1127.26,55634.75,0,Yes,Yes,Central,No,0,0.161,Low
CUST7265,Male,51,23,Month-to-month,DSL,Electronic Check,2831.36,62979.9,1,No,No,Central,Yes,1,0.732,High
CUST7266,Male,69,27,Month-to-month,Fiber,Credit Card,1263.09,35657.52,3,No,Yes,West,Yes,1,0.716,High
CUST7267,Female,38,66,One year,Fiber,UPI Autopay,1856.78,114020.15,2,No,Yes,East,No,0,0.153,Low
CUST7268,Male,56,6,One year,Fiber,Bank Transfer,2883.33,16642.33,0,No,Yes,North,No,0,0.285,Low
CUST7269,Female,54,40,Month-to-month,DSL,Bank Transfer,791.64,29262.12,1,Yes,No,South,Yes,1,0.505,Medium
CUST7270,Male,40,10,Month-to-month,Fiber,UPI Autopay,1363.86,13907.62,1,Yes,Yes,South,Yes,1,0.676,High
CUST7271,Female,58,5,Month-to-month,DSL,Electronic Check,3386.21,16503.0,0,No,No,South,No,0,0.755,High
CUST7272,Female,48,33,Month-to-month,No Internet,UPI Autopay,3112.6,106667.19,3,Yes,Yes,Central,Yes,1,0.732,High
CUST7273,Female,19,5,Month-to-month,DSL,Bank Transfer,748.52,3478.64,3,Yes,Yes,West,Yes,1,0.699,High
CUST7274,Male,49,70,Month-to-month,DSL,Electronic Check,1126.57,81531.21,0,No,No,Central,Yes,1,0.471,Medium
CUST7275,Male,50,53,Month-to-month,DSL,UPI Autopay,1452.03,79694.96,4,No,No,West,Yes,1,0.623,Medium
CUST7276,Female,67,35,One year,Fiber,Credit Card,1309.29,42313.07,2,Yes,No,North,No,0,0.249,Low
CUST7277,Female,37,55,One year,Fiber,Bank Transfer,1486.83,83175.37,2,Yes,No,Central,No,0,0.216,Low
CUST7278,Female,62,6,Month-to-month,DSL,Electronic Check,3124.17,19277.66,2,Yes,No,South,Yes,1,0.824,High
CUST7279,Male,64,68,One year,No Internet,Credit Card,1916.72,124490.44,2,Yes,Yes,East,No,0,0.166,Low
CUST7280,Male,60,3,Two year,Fiber,Electronic Check,1511.04,4221.7,3,No,No,West,No,0,0.51,Medium
CUST7281,Female,52,51,Two year,Fiber,Electronic Check,339.4,15892.86,1,Yes,No,North,Yes,1,0.213,Low
CUST7282,Female,34,35,One year,Fiber,UPI Autopay,2689.55,97056.3,3,Yes,Yes,North,No,0,0.289,Low
CUST7283,Male,30,54,Month-to-month,DSL,UPI Autopay,698.83,37235.71,1,Yes,Yes,West,No,0,0.459,Medium
CUST7284,Female,47,44,Month-to-month,DSL,Bank Transfer,1450.75,57872.42,1,No,Yes,North,Yes,1,0.449,Medium
CUST7285,Female,46,60,Month-to-month,Fiber,Bank Transfer,3259.71,194713.91,2,No,Yes,South,No,0,0.538,Medium
CUST7286,Male,39,49,Month-to-month,No Internet,UPI Autopay,694.46,34048.57,5,No,No,West,No,0,0.718,High
CUST7287,Female,63,30,Month-to-month,DSL,Electronic Check,992.59,27069.61,2,Yes,Yes,South,No,0,0.685,High
CUST7288,Female,58,38,Two year,DSL,Electronic Check,533.73,18345.3,1,No,No,North,No,0,0.188,Low
CUST7289,Female,23,59,Month-to-month,Fiber,Bank Transfer,2663.61,150287.67,1,No,No,Central,No,0,0.517,Medium
CUST7290,Female,34,37,Month-to-month,No Internet,UPI Autopay,1309.16,47153.99,4,No,Yes,East,No,0,0.671,High
CUST7291,Male,37,34,Month-to-month,Fiber,Bank Transfer,1010.64,32007.08,2,Yes,No,East,Yes,1,0.633,Medium
CUST7292,Female,48,29,One year,Fiber,Electronic Check,1137.95,30194.01,1,No,No,South,No,0,0.303,Low
CUST7293,Male,53,14,Month-to-month,Fiber,Credit Card,1724.22,24868.76,3,Yes,No,South,No,0,0.771,High
CUST7294,Male,26,6,Month-to-month,DSL,Bank Transfer,1196.73,6552.26,2,No,Yes,Central,Yes,1,0.666,High
CUST7295,Male,22,59,Month-to-month,No Internet,Bank Transfer,3218.11,184641.19,1,No,No,West,Yes,1,0.522,Medium
CUST7296,Female,23,23,Two year,Fiber,UPI Autopay,2891.16,62717.91,0,Yes,No,North,No,0,0.212,Low
CUST7297,Male,65,64,Two year,No Internet,Bank Transfer,1829.62,108550.28,1,Yes,No,South,No,0,0.149,Low
CUST7298,Female,50,67,One year,No Internet,Bank Transfer,1033.94,69407.35,2,No,Yes,North,Yes,1,0.142,Low
CUST7299,Female,66,50,Month-to-month,Fiber,Electronic Check,3336.19,159305.77,1,No,No,East,Yes,1,0.658,Medium
CUST7300,Female,55,68,Month-to-month,No Internet,Credit Card,3392.11,233338.94,2,No,Yes,North,No,0,0.473,Medium
CUST7301,Female,44,38,Two year,DSL,Bank Transfer,2443.65,87276.24,2,No,No,Central,No,0,0.203,Low
CUST7302,Female,25,69,Month-to-month,DSL,Electronic Check,2124.14,144484.82,1,No,No,Central,No,0,0.511,Medium
CUST7303,Male,48,55,Month-to-month,Fiber,Bank Transfer,2144.65,114665.16,3,No,Yes,Central,Yes,1,0.631,Medium
CUST7304,Female,47,42,One year,DSL,Credit Card,1476.36,62750.35,4,No,No,South,Yes,1,0.248,Low
CUST7305,Female,69,43,Month-to-month,Fiber,Bank Transfer,2307.82,91282.22,5,No,No,North,Yes,1,0.742,High
CUST7306,Female,33,42,One year,DSL,Electronic Check,2488.1,101485.35,2,No,Yes,Central,No,0,0.275,Low
CUST7307,Female,63,42,One year,Fiber,Bank Transfer,3448.48,143380.37,3,No,No,East,Yes,1,0.29,Low
CUST7308,Female,19,47,One year,Fiber,Bank Transfer,451.53,21587.95,1,Yes,No,North,No,0,0.162,Low
CUST7309,Male,30,16,One year,DSL,Electronic Check,1937.48,31671.34,6,No,No,South,No,0,0.553,Medium
CUST7310,Female,29,8,Month-to-month,Fiber,Bank Transfer,399.09,2937.25,1,No,No,East,No,0,0.615,Medium
CUST7311,Female,52,69,Month-to-month,No Internet,UPI Autopay,1025.84,68736.58,1,Yes,Yes,Central,No,0,0.472,Medium
CUST7312,Female,46,8,One year,No Internet,Electronic Check,1530.22,11746.91,1,Yes,Yes,North,No,0,0.364,Medium
CUST7313,Male,42,9,One year,DSL,Credit Card,3199.71,26216.42,1,No,Yes,Central,No,0,0.301,Low
CUST7314,Male,43,58,Month-to-month,No Internet,UPI Autopay,2767.88,156947.75,2,No,No,West,Yes,1,0.579,Medium
CUST7315,Male,42,24,Month-to-month,DSL,Electronic Check,1733.71,37473.49,2,No,No,North,No,0,0.704,High
CUST7316,Male,58,34,Month-to-month,Fiber,Credit Card,1771.45,57198.09,2,No,No,Central,No,0,0.675,High
CUST7317,Male,23,8,Two year,DSL,Electronic Check,1196.96,9559.79,1,No,No,West,No,0,0.304,Low
CUST7318,Female,53,45,Two year,Fiber,Electronic Check,2356.46,104059.29,2,No,Yes,Central,No,0,0.301,Low
CUST7319,Female,61,69,Month-to-month,No Internet,Credit Card,1815.89,119189.37,2,No,Yes,West,No,0,0.511,Medium
CUST7320,Female,32,65,One year,Fiber,Credit Card,3094.25,202421.26,0,No,No,Central,No,0,0.131,Low
CUST7321,Male,42,16,Month-to-month,DSL,Bank Transfer,690.37,10060.99,3,No,No,West,No,0,0.679,High
CUST7322,Male,41,58,Two year,Fiber,Electronic Check,2681.81,156001.7,4,Yes,No,South,Yes,1,0.355,Medium
CUST7323,Male,64,18,Two year,Fiber,Electronic Check,1324.89,22018.13,1,No,No,East,No,0,0.322,Low
CUST7324,Female,36,24,Month-to-month,DSL,Bank Transfer,3216.34,72897.14,1,No,No,East,No,0,0.596,Medium
CUST7325,Male,55,47,One year,Fiber,UPI Autopay,3244.29,141899.87,4,No,Yes,South,No,0,0.317,Low
CUST7326,Female,43,55,One year,DSL,UPI Autopay,2109.04,107376.59,1,Yes,No,Central,Yes,1,0.155,Low
CUST7327,Male,29,60,One year,Fiber,Credit Card,2842.5,168961.42,1,Yes,No,East,No,0,0.164,Low
CUST7328,Male,69,40,Month-to-month,DSL,Electronic Check,2798.47,115827.29,3,No,No,North,No,0,0.718,High
CUST7329,Female,52,29,One year,Fiber,Credit Card,2585.5,69023.65,1,No,No,South,No,0,0.252,Low
CUST7330,Female,29,13,Month-to-month,Fiber,Electronic Check,2221.69,27958.74,2,No,No,East,No,0,0.792,High
CUST7331,Male,56,23,Month-to-month,DSL,UPI Autopay,1416.31,31996.7,2,No,Yes,West,No,0,0.626,Medium
CUST7332,Female,31,5,One year,No Internet,UPI Autopay,1005.68,5072.02,3,No,Yes,Central,No,0,0.357,Medium
CUST7333,Female,39,67,One year,DSL,Electronic Check,2382.34,162231.07,3,Yes,No,East,No,0,0.227,Low
CUST7334,Male,50,64,Two year,Fiber,Electronic Check,1828.54,110399.32,1,No,No,Central,No,0,0.216,Low
CUST7335,Female,53,24,Two year,Fiber,Electronic Check,915.46,20599.75,1,No,No,North,No,0,0.274,Low
CUST7336,Male,22,4,Two year,Fiber,Electronic Check,2475.22,9993.32,3,No,No,East,Yes,1,0.498,Medium
CUST7337,Female,50,59,Two year,Fiber,UPI Autopay,1079.66,58459.39,2,No,No,East,No,0,0.159,Low
CUST7338,Female,21,70,Month-to-month,Fiber,Credit Card,2065.42,145382.89,4,No,No,North,Yes,1,0.567,Medium
CUST7339,Female,26,5,One year,Fiber,Electronic Check,741.75,3892.76,3,No,Yes,West,No,0,0.456,Medium
CUST7340,Male,24,5,Month-to-month,Fiber,Credit Card,2251.08,10205.04,3,No,No,South,Yes,1,0.79,High
CUST7341,Female,39,71,Month-to-month,Fiber,UPI Autopay,3340.91,230121.56,0,Yes,No,East,No,0,0.405,Medium
CUST7342,Male,22,55,Two year,Fiber,UPI Autopay,1999.55,102248.63,1,No,Yes,West,No,0,0.156,Low
CUST7343,Male,58,31,One year,Fiber,UPI Autopay,1779.13,52995.18,3,No,No,West,No,0,0.334,Medium
CUST7344,Female,41,9,Month-to-month,DSL,UPI Autopay,641.76,5322.38,2,No,No,East,No,0,0.611,Medium
CUST7345,Female,39,56,Two year,DSL,Credit Card,1039.49,60472.2,0,Yes,No,Central,No,0,0.108,Low
CUST7346,Male,33,31,One year,Fiber,Credit Card,2359.01,73651.76,3,No,No,North,No,0,0.302,Low
CUST7347,Female,52,66,Month-to-month,DSL,Electronic Check,758.6,52561.94,2,No,Yes,Central,No,0,0.56,Medium
CUST7348,Male,20,38,One year,Fiber,Electronic Check,3244.79,128798.93,3,Yes,No,East,Yes,1,0.409,Medium
CUST7349,Female,50,1,Two year,Fiber,UPI Autopay,2038.19,1885.36,4,Yes,No,West,Yes,1,0.487,Medium
CUST7350,Male,37,12,Month-to-month,Fiber,Bank Transfer,2080.26,23408.55,0,No,No,South,No,0,0.646,Medium
CUST7351,Male,30,36,Month-to-month,Fiber,Credit Card,1214.29,39359.77,0,Yes,No,Central,No,0,0.568,Medium
CUST7352,Male,68,51,Month-to-month,DSL,Bank Transfer,2773.27,140153.03,2,No,No,East,No,0,0.53,Medium
CUST7353,Female,55,48,Two year,Fiber,UPI Autopay,2392.31,119148.55,1,No,No,North,No,0,0.16,Low
CUST7354,Female,59,10,Month-to-month,DSL,Bank Transfer,1982.87,20812.39,8,No,No,East,Yes,1,0.869,High
CUST7355,Female,42,49,Month-to-month,Fiber,Credit Card,1816.42,82406.47,2,Yes,Yes,Central,Yes,1,0.611,Medium
CUST7356,Male,53,67,Two year,DSL,UPI Autopay,2708.83,188300.99,1,No,No,Central,No,0,0.113,Low
CUST7357,Female,61,61,Month-to-month,Fiber,Electronic Check,686.06,43452.51,2,No,No,North,No,0,0.619,Medium
CUST7358,Female,65,27,Month-to-month,No Internet,Credit Card,2988.38,79721.4,5,Yes,No,South,No,0,0.821,High
CUST7359,Male,45,6,Month-to-month,DSL,Bank Transfer,2424.91,14535.48,3,No,Yes,West,No,0,0.756,High
CUST7360,Female,46,21,Month-to-month,No Internet,Bank Transfer,2539.66,53849.19,3,Yes,Yes,North,No,0,0.731,High
CUST7361,Male,31,18,Month-to-month,Fiber,Bank Transfer,544.97,9985.74,1,No,No,South,No,0,0.613,Medium
CUST7362,Female,44,41,Month-to-month,Fiber,Electronic Check,1763.91,66442.77,3,No,Yes,Central,Yes,1,0.758,High
CUST7363,Female,69,34,Month-to-month,No Internet,Bank Transfer,1673.36,51686.87,1,No,No,East,Yes,1,0.582,Medium
CUST7364,Male,53,47,Month-to-month,DSL,Bank Transfer,1125.16,54376.85,2,No,No,East,No,0,0.51,Medium
CUST7365,Female,64,45,Month-to-month,Fiber,UPI Autopay,2081.13,92600.19,0,Yes,No,South,No,0,0.532,Medium
CUST7366,Female,68,19,One year,Fiber,Credit Card,2375.78,41673.63,1,Yes,No,North,No,0,0.287,Low
CUST7367,Female,61,23,Two year,Fiber,Bank Transfer,2614.56,54315.53,3,Yes,No,South,No,0,0.357,Medium
CUST7368,Female,60,65,Month-to-month,DSL,UPI Autopay,1045.48,61585.84,2,Yes,Yes,North,Yes,1,0.442,Medium
CUST7369,Female,64,25,Month-to-month,Fiber,Credit Card,2481.03,62821.6,0,No,Yes,East,No,0,0.58,Medium
CUST7370,Male,42,47,One year,Fiber,Bank Transfer,1540.51,73350.93,1,No,No,Central,No,0,0.199,Low
CUST7371,Male,21,30,One year,No Internet,Electronic Check,3244.07,93428.48,0,No,No,Central,No,0,0.32,Low
CUST7372,Male,61,33,Month-to-month,Fiber,Electronic Check,2132.44,67001.87,4,No,No,South,No,0,0.824,High
CUST7373,Male,60,48,Month-to-month,Fiber,Bank Transfer,2027.87,90212.5,0,No,Yes,East,Yes,1,0.483,Medium
CUST7374,Female,24,63,One year,No Internet,Bank Transfer,771.33,45773.16,1,No,Yes,Central,No,0,0.14,Low
CUST7375,Female,24,36,Month-to-month,DSL,UPI Autopay,3043.55,99476.15,2,No,No,East,No,0,0.581,Medium
CUST7376,Male,22,25,Month-to-month,DSL,Bank Transfer,1839.04,42778.11,1,No,No,Central,Yes,1,0.587,Medium
CUST7377,Male,33,41,Month-to-month,Fiber,Bank Transfer,2968.72,110216.72,1,No,No,North,No,0,0.581,Medium
CUST7378,Male,45,22,Month-to-month,DSL,UPI Autopay,1480.18,29875.67,3,Yes,No,West,Yes,1,0.703,High
CUST7379,Female,46,1,Two year,Fiber,UPI Autopay,2131.5,2029.62,1,Yes,No,South,No,0,0.326,Low
CUST7380,Male,55,66,Month-to-month,Fiber,Credit Card,1215.87,77938.21,1,No,No,East,No,0,0.462,Medium
CUST7381,Female,38,39,Month-to-month,Fiber,UPI Autopay,1558.07,58588.78,3,No,Yes,South,Yes,1,0.646,Medium
CUST7382,Female,62,69,One year,DSL,Bank Transfer,2362.16,153155.3,0,Yes,No,North,No,0,0.095,Low
CUST7383,Male,58,6,Month-to-month,Fiber,Bank Transfer,820.19,4885.2,2,Yes,No,South,Yes,1,0.73,High
CUST7384,Female,23,19,One year,Fiber,UPI Autopay,1629.07,31986.98,1,Yes,No,North,No,0,0.247,Low
CUST7385,Male,33,59,Month-to-month,DSL,UPI Autopay,981.16,56914.02,2,Yes,No,Central,Yes,1,0.513,Medium
CUST7386,Male,19,59,Month-to-month,Fiber,Electronic Check,1234.75,66496.65,1,Yes,Yes,West,No,0,0.622,Medium
CUST7387,Female,31,55,One year,Fiber,Bank Transfer,1868.74,99471.41,1,No,Yes,West,No,0,0.166,Low
CUST7388,Female,20,50,Two year,DSL,Electronic Check,1623.17,79477.93,1,Yes,No,West,No,0,0.202,Low
CUST7389,Female,60,55,Month-to-month,Fiber,UPI Autopay,1320.82,75804.52,4,Yes,No,East,No,0,0.657,Medium
CUST7390,Female,22,37,Month-to-month,DSL,Bank Transfer,2910.66,100347.64,2,No,Yes,Central,Yes,1,0.592,Medium
CUST7391,Male,37,29,One year,DSL,Bank Transfer,602.05,17505.04,4,Yes,No,West,No,0,0.304,Low
CUST7392,Female,19,61,Month-to-month,No Internet,UPI Autopay,3311.69,183967.57,1,No,Yes,West,Yes,1,0.495,Medium
CUST7393,Male,20,11,Two year,Fiber,Credit Card,1095.29,11178.89,0,No,Yes,East,No,0,0.188,Low
CUST7394,Male,50,20,Month-to-month,DSL,Electronic Check,507.91,10167.87,0,Yes,Yes,Central,No,0,0.634,Medium
CUST7395,Female,23,24,Month-to-month,DSL,Credit Card,1484.83,33958.7,1,No,No,East,No,0,0.533,Medium
CUST7396,Male,65,66,Month-to-month,No Internet,UPI Autopay,2092.13,142673.13,1,Yes,No,North,No,0,0.473,Medium
CUST7397,Female,51,71,One year,Fiber,Electronic Check,1363.99,96202.76,2,Yes,No,East,No,0,0.229,Low
CUST7398,Female,58,59,Month-to-month,Fiber,Bank Transfer,1872.73,102000.37,3,No,Yes,North,Yes,1,0.57,Medium
CUST7399,Female,23,66,Month-to-month,DSL,Bank Transfer,1178.2,74471.62,3,Yes,No,Central,No,0,0.528,Medium
CUST7400,Male,23,31,Two year,DSL,Credit Card,2857.34,92149.89,2,No,No,West,No,0,0.227,Low
CUST7401,Female,61,10,One year,No Internet,UPI Autopay,1733.42,17909.56,2,No,No,East,No,0,0.316,Low
CUST7402,Female,28,37,Two year,Fiber,Bank Transfer,2136.93,74898.22,3,No,No,Central,No,0,0.28,Low
CUST7403,Male,64,50,Two year,Fiber,Credit Card,3267.77,162296.46,5,Yes,No,South,No,0,0.353,Medium
CUST7404,Female,54,52,Month-to-month,Fiber,UPI Autopay,824.75,44526.01,1,No,No,South,No,0,0.508,Medium
CUST7405,Male,39,2,One year,Fiber,UPI Autopay,2806.49,5770.87,2,Yes,No,North,No,0,0.412,Medium
CUST7406,Male,25,17,Month-to-month,DSL,Electronic Check,476.47,8443.76,1,No,No,Central,No,0,0.672,High
CUST7407,Male,30,15,Two year,Fiber,Electronic Check,1132.95,16227.74,3,No,Yes,Central,No,0,0.424,Medium
CUST7408,Male,46,59,One year,No Internet,UPI Autopay,934.42,55785.83,4,Yes,No,South,No,0,0.261,Low
CUST7409,Female,65,54,Month-to-month,DSL,Bank Transfer,2249.8,115033.14,0,Yes,No,Central,No,0,0.457,Medium
CUST7410,Male,53,70,Month-to-month,DSL,UPI Autopay,2921.2,189961.45,1,Yes,No,East,No,0,0.413,Medium
CUST7411,Male,19,53,Two year,Fiber,Credit Card,846.29,40692.22,2,No,No,Central,No,0,0.187,Low
CUST7412,Female,44,25,Two year,DSL,UPI Autopay,1662.86,41678.96,1,No,No,West,No,0,0.188,Low
CUST7413,Male,23,41,One year,DSL,UPI Autopay,2521.77,105680.91,2,No,No,Central,No,0,0.21,Low
CUST7414,Male,46,31,Month-to-month,Fiber,Bank Transfer,729.94,20544.19,4,Yes,No,East,No,0,0.726,High
CUST7415,Male,52,64,Month-to-month,Fiber,Credit Card,2087.63,128884.68,1,Yes,No,North,No,0,0.49,Medium
CUST7416,Male,45,35,One year,Fiber,Bank Transfer,1216.92,38356.82,3,No,No,Central,No,0,0.305,Low
CUST7417,Male,27,2,Two year,Fiber,UPI Autopay,1250.64,2349.72,4,Yes,Yes,West,Yes,1,0.431,Medium
CUST7418,Male,35,61,Month-to-month,Fiber,Credit Card,2324.15,138009.8,1,Yes,No,South,No,0,0.516,Medium
CUST7419,Male,58,58,Month-to-month,Fiber,UPI Autopay,2757.62,147941.86,3,Yes,No,South,Yes,1,0.645,Medium
CUST7420,Male,23,1,Month-to-month,DSL,Bank Transfer,709.15,713.56,3,No,No,South,Yes,1,0.697,High
CUST7421,Female,39,64,One year,Fiber,Electronic Check,2009.78,121268.05,1,No,Yes,South,No,0,0.202,Low
CUST7422,Male,22,47,One year,DSL,Electronic Check,2685.1,127609.9,1,No,No,West,Yes,1,0.234,Low
CUST7423,Male,69,3,Month-to-month,Fiber,Electronic Check,1538.85,4675.06,2,No,No,North,Yes,1,0.813,High
CUST7424,Male,19,22,Month-to-month,DSL,Credit Card,1363.6,28450.15,0,Yes,Yes,East,Yes,1,0.5,Medium
CUST7425,Female,55,19,Month-to-month,DSL,Credit Card,3090.58,60766.89,1,No,Yes,Central,Yes,1,0.64,Medium
CUST7426,Male,62,52,Month-to-month,DSL,Credit Card,689.34,35650.24,1,No,No,West,No,0,0.475,Medium
CUST7427,Male,52,60,Month-to-month,Fiber,UPI Autopay,3487.81,197576.02,5,Yes,No,Central,Yes,1,0.744,High
CUST7428,Female,41,28,Month-to-month,Fiber,Bank Transfer,2129.78,58327.94,1,Yes,Yes,East,No,0,0.615,Medium
CUST7429,Male,26,30,Month-to-month,DSL,UPI Autopay,1256.22,39078.85,1,No,No,South,No,0,0.526,Medium
CUST7430,Male,24,10,Month-to-month,Fiber,Electronic Check,2030.03,20036.35,3,No,No,West,No,0,0.849,High
CUST7431,Female,30,53,Month-to-month,Fiber,UPI Autopay,3244.34,177203.74,1,No,No,West,Yes,1,0.546,Medium
CUST7432,Male,50,15,One year,No Internet,Bank Transfer,2412.77,34784.84,2,No,No,West,No,0,0.359,Medium
CUST7433,Female,69,3,One year,DSL,Bank Transfer,1260.92,3598.79,3,No,No,East,No,0,0.318,Low
CUST7434,Female,20,24,Month-to-month,Fiber,Electronic Check,646.12,15653.85,0,No,No,Central,Yes,1,0.661,High
CUST7435,Female,69,12,Month-to-month,DSL,Electronic Check,616.3,7135.76,0,No,Yes,South,No,0,0.621,Medium
CUST7436,Female,30,12,One year,No Internet,Electronic Check,1282.91,15274.26,2,No,Yes,North,No,0,0.362,Medium
CUST7437,Male,33,35,One year,DSL,Electronic Check,877.83,31353.39,3,Yes,No,West,No,0,0.344,Medium
CUST7438,Male,44,20,Month-to-month,DSL,Credit Card,443.79,8329.69,2,No,Yes,South,No,0,0.579,Medium
CUST7439,Female,20,22,Month-to-month,Fiber,Bank Transfer,2965.28,63950.6,5,Yes,Yes,North,No,0,0.806,High
CUST7440,Female,64,9,Month-to-month,Fiber,Bank Transfer,1240.94,10422.86,3,No,Yes,West,Yes,1,0.758,High
CUST7441,Male,24,26,Month-to-month,Fiber,Electronic Check,1633.29,42119.14,4,Yes,No,West,Yes,1,0.844,High
CUST7442,Female,58,59,Month-to-month,Fiber,Credit Card,2012.6,115209.19,2,Yes,Yes,South,No,0,0.557,Medium
CUST7443,Male,40,38,Month-to-month,Fiber,Bank Transfer,1064.31,38047.33,2,No,Yes,Central,No,0,0.624,Medium
CUST7444,Female,45,25,Month-to-month,Fiber,Electronic Check,984.47,25096.1,4,Yes,No,South,Yes,1,0.823,High
CUST7445,Male,53,31,Two year,No Internet,UPI Autopay,345.66,10326.64,3,Yes,No,North,No,0,0.251,Low
CUST7446,Female,45,23,Month-to-month,Fiber,Credit Card,3257.18,71043.59,5,Yes,No,East,No,0,0.829,High
CUST7447,Female,31,13,Month-to-month,DSL,UPI Autopay,3054.09,39440.75,0,No,Yes,North,Yes,1,0.569,Medium
CUST7448,Male,48,10,One year,Fiber,UPI Autopay,1903.18,17203.29,1,No,Yes,Central,Yes,1,0.309,Low
CUST7449,Male,44,28,Month-to-month,Fiber,Electronic Check,1001.29,28408.85,2,No,Yes,North,Yes,1,0.714,High
CUST7450,Female,24,18,Two year,DSL,Electronic Check,590.05,10312.63,5,No,No,West,Yes,1,0.427,Medium
CUST7451,Male,42,8,One year,Fiber,Bank Transfer,2710.96,21380.29,1,No,No,Central,Yes,1,0.357,Medium
CUST7452,Female,68,58,Month-to-month,DSL,Electronic Check,1004.42,59078.98,0,No,No,Central,Yes,1,0.513,Medium
CUST7453,Male,36,43,Month-to-month,DSL,Credit Card,1589.3,67982.75,2,No,No,South,No,0,0.541,Medium
CUST7454,Female,58,9,One year,Fiber,Credit Card,2338.24,19250.35,2,No,No,East,No,0,0.35,Medium
CUST7455,Female,55,30,Two year,DSL,UPI Autopay,618.04,18710.27,1,No,No,South,No,0,0.151,Low
CUST7456,Male,40,59,Two year,Fiber,Credit Card,789.24,47204.89,2,No,No,West,No,0,0.177,Low
CUST7457,Female,26,18,Month-to-month,Fiber,UPI Autopay,575.13,10111.24,0,No,No,East,No,0,0.54,Medium
CUST7458,Female,51,49,Month-to-month,Fiber,Bank Transfer,2486.02,120626.82,1,Yes,No,East,No,0,0.553,Medium
CUST7459,Male,52,68,One year,No Internet,Electronic Check,2182.7,144525.8,3,No,Yes,Central,No,0,0.284,Low
CUST7460,Female,50,10,Month-to-month,Fiber,Credit Card,3356.27,31412.52,2,No,No,East,Yes,1,0.765,High
CUST7461,Male,47,63,Month-to-month,DSL,Credit Card,2689.3,158987.33,2,No,No,West,Yes,1,0.504,Medium
CUST7462,Male,55,45,Month-to-month,Fiber,Bank Transfer,1751.74,79157.33,1,Yes,No,Central,Yes,1,0.602,Medium
CUST7463,Female,22,60,Month-to-month,Fiber,Credit Card,2585.98,145681.91,0,No,No,Central,No,0,0.463,Medium
CUST7464,Female,28,22,Two year,Fiber,Credit Card,1686.38,37905.5,0,No,No,Central,No,0,0.203,Low
CUST7465,Female,35,68,Month-to-month,DSL,Credit Card,582.07,40966.28,4,Yes,Yes,North,No,0,0.514,Medium
CUST7466,Male,52,22,One year,No Internet,Bank Transfer,637.52,13781.4,2,No,No,West,No,0,0.28,Low
CUST7467,Female,49,58,Month-to-month,Fiber,Electronic Check,2103.44,118081.33,2,No,No,South,No,0,0.658,Medium
CUST7468,Female,60,57,Month-to-month,Fiber,Electronic Check,909.83,46853.92,6,No,No,South,No,0,0.809,High
CUST7469,Female,27,51,Month-to-month,DSL,Credit Card,1367.78,72810.04,1,Yes,No,South,No,0,0.46,Medium
CUST7470,Male,48,27,Month-to-month,Fiber,Electronic Check,2192.44,55478.28,4,Yes,No,West,Yes,1,0.857,High
CUST7471,Female,31,53,One year,DSL,Credit Card,1221.61,58430.39,3,Yes,Yes,South,No,0,0.185,Low
CUST7472,Female,62,38,Month-to-month,No Internet,UPI Autopay,2815.13,101796.22,2,No,Yes,South,Yes,1,0.636,Medium
CUST7473,Female,34,9,Two year,No Internet,Bank Transfer,3020.52,27752.04,6,No,No,West,No,0,0.561,Medium
CUST7474,Male,24,12,Month-to-month,Fiber,Electronic Check,3042.93,34702.48,1,No,Yes,North,Yes,1,0.775,High
CUST7475,Male,24,8,Month-to-month,No Internet,Credit Card,1195.41,8922.47,2,No,No,West,Yes,1,0.72,High
CUST7476,Male,18,46,Month-to-month,DSL,Electronic Check,1988.53,85821.26,3,No,No,Central,No,0,0.703,High
CUST7477,Male,20,47,Two year,Fiber,Bank Transfer,1571.12,74171.14,3,Yes,No,Central,No,0,0.256,Low
CUST7478,Female,55,52,Two year,Fiber,Electronic Check,1748.31,88606.89,1,No,Yes,Central,No,0,0.232,Low
CUST7479,Male,50,35,Month-to-month,Fiber,Bank Transfer,1322.59,44845.57,1,No,Yes,North,No,0,0.555,Medium
CUST7480,Female,65,61,Month-to-month,DSL,Bank Transfer,3172.37,176047.69,3,No,No,South,Yes,1,0.55,Medium
CUST7481,Female,28,70,Two year,No Internet,Bank Transfer,3261.89,212757.68,1,Yes,Yes,South,No,0,0.123,Low
CUST7482,Female,52,17,Month-to-month,Fiber,Bank Transfer,2904.46,51537.24,4,No,No,South,Yes,1,0.805,High
CUST7483,Female,38,27,Month-to-month,Fiber,UPI Autopay,1006.63,27954.78,4,No,No,West,Yes,1,0.742,High
CUST7484,Female,22,8,Month-to-month,DSL,Electronic Check,2267.4,18782.12,1,No,No,Central,No,0,0.749,High
CUST7485,Female,44,25,One year,DSL,Electronic Check,2457.64,56521.77,1,No,No,North,No,0,0.279,Low
CUST7486,Female,35,28,One year,Fiber,Electronic Check,1621.51,47510.34,4,No,No,North,No,0,0.433,Medium
CUST7487,Male,57,53,Two year,No Internet,UPI Autopay,2066.84,105408.41,2,No,No,West,No,0,0.202,Low
CUST7488,Female,65,8,Month-to-month,Fiber,Electronic Check,472.18,3429.41,3,No,Yes,East,No,0,0.791,High
CUST7489,Female,53,9,Month-to-month,No Internet,UPI Autopay,740.87,6331.63,2,No,No,East,Yes,1,0.674,High
CUST7490,Male,26,18,Month-to-month,DSL,Electronic Check,3427.7,56321.96,2,No,No,Central,Yes,1,0.794,High
CUST7491,Male,61,10,Two year,Fiber,Bank Transfer,2193.58,19949.12,3,Yes,No,West,No,0,0.423,Medium
CUST7492,Female,64,48,Month-to-month,DSL,Credit Card,1850.36,88405.5,4,Yes,No,North,Yes,1,0.627,Medium
CUST7493,Female,40,18,One year,DSL,Electronic Check,3219.15,60581.53,2,Yes,Yes,Central,No,0,0.413,Medium
CUST7494,Female,57,8,Month-to-month,Fiber,UPI Autopay,1550.8,11553.68,2,No,Yes,East,No,0,0.702,High
CUST7495,Male,21,57,Month-to-month,Fiber,Credit Card,3045.81,171614.86,0,No,No,West,No,0,0.485,Medium
CUST7496,Male,63,42,Month-to-month,DSL,Credit Card,3016.14,129075.72,1,Yes,No,West,Yes,1,0.576,Medium
CUST7497,Female,34,27,Two year,Fiber,UPI Autopay,1401.14,37236.42,2,Yes,No,Central,No,0,0.271,Low
CUST7498,Female,48,31,Month-to-month,Fiber,UPI Autopay,1216.32,37374.0,3,Yes,No,East,No,0,0.687,High
CUST7499,Female,45,29,Month-to-month,No Internet,Bank Transfer,2481.71,69766.07,1,Yes,No,East,Yes,1,0.63,Medium
CUST7500,Male,22,49,One year,Fiber,Credit Card,1944.29,87573.59,3,No,Yes,North,Yes,1,0.224,Low
CUST7501,Female,60,25,Month-to-month,Fiber,UPI Autopay,337.08,8488.69,1,No,No,West,Yes,1,0.608,Medium
CUST7502,Male,67,62,One year,No Internet,Electronic Check,2028.57,116542.96,1,No,Yes,West,No,0,0.232,Low
CUST7503,Female,37,60,Two year,DSL,Electronic Check,2512.54,138259.32,4,No,Yes,West,No,0,0.274,Low
CUST7504,Male,39,66,Month-to-month,No Internet,Credit Card,1295.42,79690.35,1,Yes,No,East,Yes,1,0.47,Medium
CUST7505,Female,56,61,Month-to-month,Fiber,UPI Autopay,1323.19,79590.01,1,Yes,Yes,East,Yes,1,0.476,Medium
CUST7506,Male,33,11,Month-to-month,Fiber,Credit Card,851.29,9450.15,2,No,Yes,South,No,0,0.679,High
CUST7507,Female,36,39,Month-to-month,DSL,Credit Card,596.35,22228.78,6,Yes,No,Central,No,0,0.745,High
CUST7508,Male,55,44,Month-to-month,Fiber,Bank Transfer,3068.09,140803.24,2,Yes,Yes,Central,No,0,0.66,Medium
CUST7509,Male,66,18,One year,Fiber,UPI Autopay,323.71,5721.29,1,No,Yes,North,No,0,0.213,Low
CUST7510,Female,32,28,Two year,DSL,UPI Autopay,435.9,10988.6,2,No,Yes,Central,No,0,0.178,Low
CUST7511,Female,38,29,Two year,Fiber,Electronic Check,1087.63,28559.9,2,No,No,Central,No,0,0.337,Medium
CUST7512,Female,37,42,One year,Fiber,Bank Transfer,699.44,28676.75,6,No,No,Central,No,0,0.394,Medium
CUST7513,Male,59,37,Month-to-month,Fiber,Electronic Check,1842.11,65344.87,0,Yes,No,North,Yes,1,0.655,Medium
CUST7514,Male,33,59,Two year,Fiber,Credit Card,3381.16,185237.36,4,Yes,No,West,Yes,1,0.284,Low
CUST7515,Male,43,68,Month-to-month,DSL,Credit Card,457.75,32476.13,1,No,No,South,No,0,0.392,Medium
CUST7516,Male,20,42,Two year,DSL,Bank Transfer,1883.97,77052.16,1,No,No,West,Yes,1,0.153,Low
CUST7517,Female,64,19,One year,No Internet,Credit Card,1605.12,28355.59,2,No,Yes,Central,Yes,1,0.303,Low
CUST7518,Male,30,34,Month-to-month,No Internet,Credit Card,1142.75,38755.65,1,Yes,Yes,North,No,0,0.556,Medium
CUST7519,Female,51,57,Month-to-month,DSL,Bank Transfer,1619.09,86945.12,1,No,Yes,East,No,0,0.41,Medium
CUST7520,Female,56,46,One year,Fiber,UPI Autopay,501.12,20815.2,2,No,Yes,Central,No,0,0.21,Low
CUST7521,Female,19,67,Two year,Fiber,UPI Autopay,3389.15,226894.07,1,Yes,No,North,No,0,0.124,Low
CUST7522,Male,36,35,Month-to-month,DSL,Credit Card,1432.04,46978.96,3,No,Yes,East,Yes,1,0.591,Medium
CUST7523,Female,38,58,Month-to-month,Fiber,Credit Card,672.5,37448.22,2,Yes,No,West,Yes,1,0.572,Medium
CUST7524,Male,39,27,Month-to-month,DSL,UPI Autopay,1917.58,47426.41,2,Yes,Yes,Central,No,0,0.641,Medium
CUST7525,Male,61,55,One year,Fiber,UPI Autopay,3333.79,177506.03,2,No,No,North,Yes,1,0.206,Low
CUST7526,Female,32,36,Month-to-month,Fiber,UPI Autopay,308.99,11548.17,3,No,No,Central,No,0,0.658,Medium
CUST7527,Female,18,42,One year,Fiber,Bank Transfer,1620.05,65851.59,2,No,No,Central,No,0,0.234,Low
CUST7528,Female,43,66,Month-to-month,DSL,Electronic Check,2909.51,201380.42,2,No,No,East,No,0,0.543,Medium
CUST7529,Female,56,16,One year,DSL,Bank Transfer,737.92,11213.87,0,No,No,East,No,0,0.16,Low
CUST7530,Male,62,61,Month-to-month,DSL,Bank Transfer,3196.41,204247.42,2,No,Yes,Central,No,0,0.499,Medium
CUST7531,Female,24,39,Two year,Fiber,UPI Autopay,1611.81,60216.7,2,Yes,Yes,Central,No,0,0.228,Low
CUST7532,Male,49,47,Month-to-month,Fiber,Credit Card,527.34,25417.63,3,Yes,No,West,No,0,0.663,High
CUST7533,Male,18,37,Month-to-month,DSL,UPI Autopay,3184.62,120284.56,1,Yes,No,South,Yes,1,0.562,Medium
CUST7534,Female,27,48,Month-to-month,Fiber,Electronic Check,1743.56,84289.1,4,No,No,West,Yes,1,0.774,High
CUST7535,Female,65,16,Month-to-month,No Internet,UPI Autopay,693.19,11122.6,3,No,No,Central,Yes,1,0.729,High
CUST7536,Male,64,39,One year,DSL,UPI Autopay,1352.63,54098.62,2,Yes,No,South,No,0,0.209,Low
CUST7537,Female,39,4,One year,Fiber,Credit Card,1737.89,6550.62,4,No,No,Central,No,0,0.467,Medium
CUST7538,Male,26,58,Month-to-month,Fiber,Bank Transfer,1247.08,65192.75,5,No,No,East,Yes,1,0.675,High
CUST7539,Male,52,10,Month-to-month,No Internet,Bank Transfer,1436.69,15056.98,3,Yes,No,Central,Yes,1,0.784,High
CUST7540,Female,41,14,Month-to-month,Fiber,UPI Autopay,1689.66,22950.81,1,No,No,Central,No,0,0.681,High
CUST7541,Male,50,27,Month-to-month,DSL,UPI Autopay,395.89,10019.7,1,Yes,No,West,No,0,0.563,Medium
CUST7542,Female,58,6,Two year,Fiber,UPI Autopay,1691.64,10111.01,3,No,No,West,No,0,0.387,Medium
CUST7543,Female,54,1,Two year,DSL,Bank Transfer,2295.23,2239.04,2,No,No,South,No,0,0.305,Low
CUST7544,Male,26,41,Month-to-month,Fiber,Electronic Check,1038.83,42908.12,2,No,No,Central,No,0,0.717,High
CUST7545,Female,45,28,One year,Fiber,Bank Transfer,925.97,25408.07,2,Yes,Yes,North,No,0,0.24,Low
CUST7546,Male,23,68,Month-to-month,Fiber,UPI Autopay,1729.6,109540.08,3,Yes,No,South,Yes,1,0.579,Medium
CUST7547,Female,65,41,Two year,DSL,Electronic Check,1431.81,58546.91,1,Yes,No,North,No,0,0.208,Low
CUST7548,Male,22,9,Month-to-month,No Internet,UPI Autopay,844.48,6900.34,4,No,Yes,West,Yes,1,0.77,High
CUST7549,Male,33,69,Month-to-month,No Internet,UPI Autopay,985.6,70325.38,2,Yes,Yes,West,No,0,0.519,Medium
CUST7550,Male,36,66,One year,DSL,Bank Transfer,3283.09,210588.61,3,No,No,North,No,0,0.157,Low
CUST7551,Female,35,55,Month-to-month,Fiber,Bank Transfer,392.39,21923.96,1,No,No,South,Yes,1,0.485,Medium
CUST7552,Female,40,14,Month-to-month,Fiber,Electronic Check,865.75,11420.8,4,No,No,South,Yes,1,0.83,High
CUST7553,Male,63,33,Month-to-month,DSL,UPI Autopay,3186.41,108793.0,3,Yes,Yes,Central,No,0,0.699,High
CUST7554,Female,62,63,Month-to-month,DSL,UPI Autopay,1141.27,67449.97,1,Yes,No,West,No,0,0.454,Medium
CUST7555,Male,32,29,Month-to-month,Fiber,Bank Transfer,1729.61,46296.37,1,No,No,North,No,0,0.597,Medium
CUST7556,Female,20,20,One year,Fiber,Bank Transfer,623.76,11502.77,0,Yes,Yes,South,No,0,0.19,Low
CUST7557,Male,27,20,Month-to-month,DSL,Bank Transfer,1806.97,35103.91,5,Yes,Yes,North,No,0,0.748,High
CUST7558,Female,38,17,Month-to-month,Fiber,Credit Card,1086.13,19067.75,4,Yes,No,Central,Yes,1,0.785,High
CUST7559,Male,30,26,One year,DSL,UPI Autopay,334.07,8295.33,1,Yes,No,North,No,0,0.168,Low
CUST7560,Male,25,58,One year,Fiber,Bank Transfer,1791.22,97749.74,1,No,Yes,East,No,0,0.145,Low
CUST7561,Female,30,17,Month-to-month,DSL,Bank Transfer,3483.53,61079.0,3,No,No,North,Yes,1,0.715,High
CUST7562,Male,34,18,Month-to-month,No Internet,Credit Card,2886.69,53189.39,2,Yes,No,Central,No,0,0.758,High
CUST7563,Female,27,23,One year,Fiber,Bank Transfer,3115.35,70380.31,3,Yes,Yes,Central,No,0,0.389,Medium
CUST7564,Female,32,24,Two year,Fiber,Bank Transfer,576.35,14324.1,4,No,No,North,Yes,1,0.289,Low
CUST7565,Male,19,11,Month-to-month,DSL,Credit Card,710.6,7206.99,2,No,No,South,Yes,1,0.62,Medium
CUST7566,Male,50,69,Month-to-month,DSL,Bank Transfer,3037.09,209370.92,1,Yes,No,Central,No,0,0.444,Medium
CUST7567,Male,20,61,One year,DSL,UPI Autopay,1463.74,86341.81,2,Yes,No,Central,No,0,0.163,Low
CUST7568,Male,25,17,Month-to-month,Fiber,Bank Transfer,1089.77,17810.88,1,Yes,Yes,Central,No,0,0.658,Medium
CUST7569,Male,50,47,Two year,Fiber,Electronic Check,1058.43,46364.59,3,No,No,West,Yes,1,0.336,Medium
CUST7570,Female,29,39,One year,DSL,UPI Autopay,2548.42,103619.98,1,Yes,No,North,No,0,0.167,Low
CUST7571,Female,68,54,One year,DSL,UPI Autopay,399.81,19949.02,0,No,No,Central,No,0,0.117,Low
CUST7572,Male,47,65,Month-to-month,Fiber,Bank Transfer,399.77,26608.2,3,No,No,South,No,0,0.569,Medium
CUST7573,Female,44,56,Month-to-month,Fiber,Electronic Check,3083.12,172840.98,2,Yes,Yes,North,Yes,1,0.659,Medium
CUST7574,Male,36,12,Month-to-month,DSL,Electronic Check,2875.54,34240.95,1,No,No,West,No,0,0.765,High
CUST7575,Male,54,12,One year,No Internet,Electronic Check,1486.53,17310.74,2,No,No,North,No,0,0.403,Medium
CUST7576,Female,28,51,Month-to-month,DSL,Credit Card,2529.91,120888.65,2,No,No,West,No,0,0.537,Medium
CUST7577,Female,59,51,Month-to-month,Fiber,Electronic Check,1280.29,64654.67,2,Yes,Yes,West,No,0,0.698,High
CUST7578,Male,42,48,Month-to-month,Fiber,Electronic Check,816.57,40762.01,2,No,Yes,Central,Yes,1,0.686,High
CUST7579,Male,61,40,Month-to-month,DSL,UPI Autopay,1641.14,64899.87,1,Yes,No,North,No,0,0.515,Medium
CUST7580,Male,32,37,Month-to-month,Fiber,Credit Card,454.84,17338.19,1,Yes,Yes,North,No,0,0.537,Medium
CUST7581,Male,24,62,Month-to-month,Fiber,Electronic Check,1398.64,83484.2,1,No,No,North,No,0,0.569,Medium
CUST7582,Male,43,37,Two year,No Internet,Electronic Check,1912.17,73074.29,2,No,Yes,West,Yes,1,0.316,Low
CUST7583,Female,39,4,Month-to-month,Fiber,Credit Card,2093.69,8501.98,2,No,No,Central,Yes,1,0.767,High
CUST7584,Male,62,63,Month-to-month,Fiber,Bank Transfer,1203.33,74714.17,5,No,No,South,Yes,1,0.681,High
CUST7585,Male,64,31,Two year,Fiber,UPI Autopay,1278.73,41255.27,2,Yes,No,South,No,0,0.257,Low
CUST7586,Female,27,24,Month-to-month,DSL,Credit Card,1748.93,41177.25,2,No,No,West,No,0,0.625,Medium
CUST7587,Male,53,45,Month-to-month,No Internet,Electronic Check,1044.22,43857.85,1,Yes,No,South,No,0,0.665,High
CUST7588,Female,69,69,Month-to-month,DSL,Electronic Check,2795.62,187024.62,2,No,No,Central,No,0,0.585,Medium
CUST7589,Female,21,50,Two year,DSL,Electronic Check,1823.18,92384.09,3,No,No,Central,No,0,0.261,Low
CUST7590,Female,48,17,Two year,DSL,Electronic Check,1470.9,24623.0,1,Yes,No,South,No,0,0.286,Low
CUST7591,Male,57,59,Two year,Fiber,Bank Transfer,2864.59,162811.82,2,No,No,West,No,0,0.198,Low
CUST7592,Female,67,28,Month-to-month,Fiber,UPI Autopay,2592.32,66672.34,2,Yes,No,Central,No,0,0.728,High
CUST7593,Female,28,65,Month-to-month,Fiber,UPI Autopay,3142.45,196018.15,3,No,No,Central,No,0,0.595,Medium
CUST7594,Female,38,62,Month-to-month,Fiber,Electronic Check,2664.24,154045.35,2,No,Yes,South,Yes,1,0.633,Medium
CUST7595,Female,48,31,One year,Fiber,Credit Card,1817.67,58565.1,2,No,Yes,South,No,0,0.251,Low
CUST7596,Female,50,43,Two year,Fiber,UPI Autopay,314.36,12397.33,0,No,Yes,East,No,0,0.122,Low
CUST7597,Female,40,28,Two year,Fiber,UPI Autopay,3161.39,90704.22,2,No,Yes,Central,No,0,0.284,Low
CUST7598,Female,20,51,Month-to-month,Fiber,Bank Transfer,910.74,43102.42,1,No,No,West,No,0,0.522,Medium
CUST7599,Male,37,50,Month-to-month,Fiber,Credit Card,2802.63,144132.21,4,No,No,East,Yes,1,0.677,High
CUST7600,Male,53,16,Two year,DSL,UPI Autopay,3057.94,50654.04,4,No,Yes,Central,No,0,0.376,Medium
CUST7601,Male,37,7,Month-to-month,Fiber,Bank Transfer,679.84,4477.69,1,No,No,West,Yes,1,0.673,High
CUST7602,Female,30,41,Month-to-month,No Internet,Electronic Check,1075.09,40888.95,1,No,No,North,Yes,1,0.624,Medium
CUST7603,Male,40,66,One year,Fiber,Electronic Check,2729.06,170989.99,3,No,Yes,South,Yes,1,0.28,Low
CUST7604,Female,41,30,Month-to-month,DSL,Electronic Check,2301.77,65929.01,2,No,No,East,No,0,0.693,High
CUST7605,Male,27,61,Month-to-month,Fiber,Bank Transfer,2964.42,165331.9,4,No,No,North,No,0,0.633,Medium
CUST7606,Female,32,24,One year,Fiber,Electronic Check,645.75,14913.03,3,No,Yes,West,No,0,0.394,Medium
CUST7607,Male,65,39,One year,No Internet,Credit Card,1636.1,64484.74,6,Yes,No,West,Yes,1,0.456,Medium
CUST7608,Female,65,34,Month-to-month,DSL,Electronic Check,1018.21,31708.92,1,Yes,No,East,Yes,1,0.63,Medium
CUST7609,Female,59,31,Month-to-month,Fiber,Bank Transfer,1835.4,56034.85,3,No,No,West,Yes,1,0.718,High
CUST7610,Female,50,4,One year,No Internet,Credit Card,1717.76,6509.98,1,Yes,Yes,Central,Yes,1,0.326,Low
CUST7611,Female,46,13,Month-to-month,Fiber,Electronic Check,2935.53,38370.76,0,Yes,Yes,Central,Yes,1,0.776,High
CUST7612,Female,46,66,Two year,Fiber,Electronic Check,2095.43,142605.63,2,Yes,Yes,West,No,0,0.236,Low
CUST7613,Male,68,43,Two year,No Internet,Credit Card,396.72,15974.38,1,No,No,Central,No,0,0.18,Low
CUST7614,Male,55,45,Month-to-month,Fiber,Electronic Check,3298.33,141503.16,5,No,No,South,No,0,0.836,High
CUST7615,Male,18,55,One year,No Internet,Electronic Check,3059.36,152384.48,4,Yes,No,South,Yes,1,0.392,Medium
CUST7616,Female,45,4,Month-to-month,DSL,UPI Autopay,2155.34,8726.57,1,No,No,East,Yes,1,0.645,Medium
CUST7617,Female,29,60,Two year,Fiber,UPI Autopay,2474.73,152978.98,3,No,Yes,East,No,0,0.175,Low
CUST7618,Male,18,24,One year,DSL,Electronic Check,1731.92,40283.49,1,Yes,Yes,West,Yes,1,0.297,Low
CUST7619,Female,48,62,Month-to-month,DSL,UPI Autopay,743.31,44578.05,3,No,No,North,No,0,0.487,Medium
CUST7620,Male,46,6,Month-to-month,DSL,Electronic Check,2427.03,13923.39,1,No,No,West,No,0,0.775,High
CUST7621,Male,27,16,Month-to-month,Fiber,UPI Autopay,1536.5,24410.53,1,Yes,No,West,Yes,1,0.688,High
CUST7622,Female,66,3,Month-to-month,DSL,UPI Autopay,2305.12,6748.01,2,No,Yes,South,Yes,1,0.706,High
CUST7623,Female,66,26,Month-to-month,DSL,Credit Card,3243.09,79310.71,2,No,Yes,North,Yes,1,0.629,Medium
CUST7624,Male,21,12,Two year,No Internet,Electronic Check,1489.28,17348.38,0,Yes,No,South,No,0,0.308,Low
CUST7625,Male,22,46,Two year,Fiber,UPI Autopay,1583.72,66677.84,3,No,Yes,South,No,0,0.221,Low
CUST7626,Female,41,7,One year,No Internet,Electronic Check,1239.48,8903.97,2,No,Yes,North,Yes,1,0.382,Medium
CUST7627,Female,61,54,Month-to-month,DSL,Bank Transfer,2794.46,142876.59,1,No,No,East,No,0,0.457,Medium
CUST7628,Male,46,11,Month-to-month,Fiber,Credit Card,2928.79,31768.81,2,Yes,No,East,No,0,0.768,High
CUST7629,Male,35,25,One year,DSL,Bank Transfer,3481.22,78838.04,2,Yes,No,East,No,0,0.283,Low
CUST7630,Male,27,20,One year,Fiber,Credit Card,824.43,16660.27,1,Yes,Yes,North,No,0,0.223,Low
CUST7631,Male,29,65,Month-to-month,DSL,UPI Autopay,731.83,49598.93,3,No,No,East,No,0,0.481,Medium
CUST7632,Female,35,35,Month-to-month,DSL,Bank Transfer,1214.8,43492.5,3,Yes,No,West,Yes,1,0.639,Medium
CUST7633,Male,30,13,One year,Fiber,Electronic Check,2996.32,37008.67,1,No,No,North,No,0,0.407,Medium
CUST7634,Female,22,36,One year,DSL,Credit Card,528.04,18515.52,1,No,No,East,No,0,0.141,Low
CUST7635,Male,44,23,Month-to-month,DSL,UPI Autopay,3247.57,71433.34,0,No,No,South,Yes,1,0.579,Medium
CUST7636,Male,42,60,Month-to-month,DSL,Electronic Check,1230.54,69614.28,0,Yes,Yes,North,No,0,0.472,Medium
CUST7637,Male,47,28,Month-to-month,Fiber,UPI Autopay,919.56,25679.94,2,Yes,No,Central,Yes,1,0.684,High
CUST7638,Female,29,66,Two year,Fiber,Bank Transfer,2865.28,194050.87,3,No,No,West,No,0,0.19,Low
CUST7639,Male,60,19,One year,No Internet,Electronic Check,424.01,7918.57,1,Yes,No,Central,No,0,0.355,Medium
CUST7640,Male,42,53,Month-to-month,DSL,Bank Transfer,1680.06,93214.14,3,No,No,Central,No,0,0.575,Medium
CUST7641,Female,34,28,Month-to-month,DSL,UPI Autopay,2463.04,62237.25,7,No,No,South,No,0,0.815,High
CUST7642,Male,39,29,One year,Fiber,Credit Card,1659.61,47699.93,1,Yes,Yes,Central,No,0,0.253,Low
CUST7643,Male,34,7,One year,DSL,Credit Card,3055.63,20649.32,1,Yes,No,East,No,0,0.298,Low
CUST7644,Female,48,26,Two year,Fiber,Credit Card,416.75,9994.04,1,No,No,East,No,0,0.184,Low
CUST7645,Male,65,32,Month-to-month,DSL,Bank Transfer,2780.22,92632.46,3,Yes,No,East,No,0,0.676,High
CUST7646,Female,26,33,Month-to-month,DSL,Credit Card,361.41,12224.36,2,No,Yes,North,Yes,1,0.498,Medium
CUST7647,Female,67,16,Month-to-month,DSL,Bank Transfer,2600.8,38250.28,2,Yes,No,East,Yes,1,0.688,High
CUST7648,Female,32,1,One year,Fiber,Electronic Check,2582.93,2454.94,3,No,No,East,Yes,1,0.54,Medium
CUST7649,Male,61,24,Two year,No Internet,Bank Transfer,3419.67,83993.47,0,Yes,Yes,Central,No,0,0.253,Low
CUST7650,Female,56,25,Month-to-month,Fiber,UPI Autopay,1482.17,36670.51,2,No,No,Central,No,0,0.687,High
CUST7651,Female,57,18,Month-to-month,DSL,Electronic Check,3294.32,56099.51,0,No,Yes,South,Yes,1,0.689,High
CUST7652,Male,45,64,Month-to-month,Fiber,Bank Transfer,1889.77,121174.97,4,No,No,North,Yes,1,0.611,Medium
CUST7653,Female,65,65,One year,No Internet,Bank Transfer,3495.28,206588.68,0,No,No,North,No,0,0.123,Low
CUST7654,Male,28,34,Month-to-month,Fiber,Electronic Check,2143.45,73565.76,1,Yes,No,East,Yes,1,0.707,High
CUST7655,Female,42,53,Two year,Fiber,Electronic Check,1640.59,82550.17,1,Yes,Yes,North,No,0,0.21,Low
CUST7656,Female,58,51,Two year,DSL,Bank Transfer,854.53,43963.26,2,Yes,No,East,No,0,0.148,Low
CUST7657,Female,33,59,Month-to-month,Fiber,Credit Card,3131.31,172086.64,2,Yes,No,West,No,0,0.597,Medium
CUST7658,Male,68,19,Two year,Fiber,Credit Card,2721.82,46585.28,1,No,Yes,North,No,0,0.256,Low
CUST7659,Female,29,45,Two year,Fiber,Electronic Check,1847.91,85860.58,0,No,No,North,No,0,0.19,Low
CUST7660,Male,51,48,Two year,DSL,Bank Transfer,2890.56,129577.95,4,Yes,Yes,South,Yes,1,0.245,Low
CUST7661,Female,46,17,One year,Fiber,Credit Card,2571.77,41123.64,4,No,Yes,South,Yes,1,0.414,Medium
CUST7662,Female,24,40,Month-to-month,DSL,Electronic Check,3443.31,125863.03,3,No,No,East,No,0,0.718,High
CUST7663,Male,43,57,One year,Fiber,Bank Transfer,644.46,38366.25,4,No,No,North,No,0,0.239,Low
CUST7664,Male,39,55,Month-to-month,No Internet,UPI Autopay,3342.36,178267.57,2,No,No,South,No,0,0.579,Medium
CUST7665,Female,29,30,One year,No Internet,Credit Card,3200.79,93713.79,5,No,No,West,No,0,0.443,Medium
CUST7666,Female,37,22,Two year,Fiber,Credit Card,3352.26,70410.63,3,No,No,Central,No,0,0.375,Medium
CUST7667,Male,33,53,Month-to-month,DSL,UPI Autopay,3262.5,156414.21,2,Yes,No,West,Yes,1,0.574,Medium
CUST7668,Male,64,36,Month-to-month,Fiber,Credit Card,1546.37,56760.72,3,Yes,No,North,No,0,0.687,High
CUST7669,Male,20,38,Month-to-month,DSL,Credit Card,1837.86,65509.81,1,Yes,No,East,Yes,1,0.518,Medium
CUST7670,Male,55,4,Two year,Fiber,UPI Autopay,1200.87,4343.27,3,No,No,West,No,0,0.381,Medium
CUST7671,Male,20,30,One year,Fiber,Credit Card,1415.87,39180.76,2,Yes,Yes,Central,No,0,0.278,Low
CUST7672,Male,55,13,Two year,Fiber,Bank Transfer,2047.63,24778.5,2,No,No,Central,No,0,0.339,Medium
CUST7673,Female,35,52,Month-to-month,Fiber,Credit Card,828.44,44651.07,3,Yes,No,North,No,0,0.599,Medium
CUST7674,Male,34,26,One year,Fiber,Credit Card,3350.83,90306.98,2,No,No,North,No,0,0.303,Low
CUST7675,Male,52,9,Month-to-month,DSL,UPI Autopay,1471.38,13614.58,0,No,No,Central,No,0,0.596,Medium
CUST7676,Male,43,23,Month-to-month,DSL,Electronic Check,883.77,20030.79,2,No,No,West,Yes,1,0.715,High
CUST7677,Female,38,52,Month-to-month,DSL,Credit Card,586.83,29727.32,2,Yes,Yes,West,No,0,0.509,Medium
CUST7678,Female,69,25,Month-to-month,Fiber,Electronic Check,1685.45,43195.17,4,No,Yes,Central,Yes,1,0.835,High
CUST7679,Female,35,49,Two year,Fiber,Electronic Check,841.47,41548.98,0,No,No,West,No,0,0.197,Low
CUST7680,Female,53,15,Month-to-month,Fiber,Electronic Check,2632.57,40460.06,3,No,Yes,Central,No,0,0.845,High
CUST7681,Male,55,55,Month-to-month,DSL,Bank Transfer,973.6,55889.77,1,No,No,North,Yes,1,0.424,Medium
CUST7682,Male,38,9,Month-to-month,DSL,Bank Transfer,796.87,7079.0,0,No,No,South,No,0,0.541,Medium
CUST7683,Male,33,39,Month-to-month,No Internet,Credit Card,2758.88,111525.34,0,Yes,Yes,South,Yes,1,0.544,Medium
CUST7684,Female,65,64,One year,No Internet,Electronic Check,548.73,32697.35,2,Yes,No,East,No,0,0.244,Low
CUST7685,Female,55,18,Two year,DSL,UPI Autopay,2919.98,47317.39,4,No,No,East,Yes,1,0.339,Medium
CUST7686,Male,69,31,Month-to-month,DSL,UPI Autopay,2980.21,92974.27,2,No,Yes,East,Yes,1,0.611,Medium
CUST7687,Female,34,69,One year,DSL,Credit Card,3271.16,213129.29,2,No,Yes,West,No,0,0.134,Low
CUST7688,Female,18,54,One year,Fiber,Credit Card,2505.69,132827.73,1,Yes,No,Central,Yes,1,0.19,Low
CUST7689,Female,29,71,Month-to-month,No Internet,Credit Card,390.7,25391.66,4,No,No,East,Yes,1,0.563,Medium
CUST7690,Male,39,7,Month-to-month,Fiber,UPI Autopay,1561.35,10410.49,2,Yes,No,East,Yes,1,0.735,High
CUST7691,Female,40,5,One year,Fiber,Bank Transfer,2910.17,14192.23,3,Yes,No,West,No,0,0.484,Medium
CUST7692,Male,61,61,One year,DSL,UPI Autopay,2202.32,133647.38,1,No,No,West,No,0,0.139,Low
CUST7693,Female,46,42,Two year,DSL,Credit Card,990.54,41895.14,4,No,Yes,Central,No,0,0.226,Low
CUST7694,Male,33,12,Two year,No Internet,UPI Autopay,1016.59,11573.37,1,No,Yes,East,No,0,0.214,Low
CUST7695,Male,34,56,Month-to-month,Fiber,Credit Card,3192.23,162034.68,2,Yes,Yes,North,Yes,1,0.571,Medium
CUST7696,Male,50,51,Month-to-month,No Internet,Credit Card,2292.9,120059.68,2,No,Yes,South,No,0,0.569,Medium
CUST7697,Female,34,59,Month-to-month,No Internet,Electronic Check,3338.38,187851.83,2,Yes,Yes,West,Yes,1,0.679,High
CUST7698,Male,30,15,Month-to-month,Fiber,Electronic Check,2564.64,40160.77,2,No,Yes,West,Yes,1,0.813,High
CUST7699,Female,53,11,Month-to-month,Fiber,Electronic Check,1013.5,10146.96,2,No,No,East,No,0,0.772,High
CUST7700,Male,37,29,Month-to-month,Fiber,Bank Transfer,3179.51,95338.99,0,No,No,North,No,0,0.587,Medium
CUST7701,Male,53,1,Month-to-month,Fiber,Electronic Check,1326.65,1220.47,2,No,No,North,Yes,1,0.807,High
CUST7702,Male,20,1,Two year,Fiber,UPI Autopay,2079.68,2013.75,1,No,No,West,No,0,0.323,Low
CUST7703,Male,49,43,Month-to-month,DSL,UPI Autopay,707.65,28970.1,2,Yes,No,South,Yes,1,0.549,Medium
CUST7704,Female,30,50,Two year,No Internet,Electronic Check,3210.55,153884.82,1,No,Yes,South,No,0,0.227,Low
CUST7705,Female,63,46,One year,DSL,UPI Autopay,687.58,33121.87,2,No,No,Central,No,0,0.18,Low
CUST7706,Female,27,15,Two year,Fiber,UPI Autopay,3469.99,51392.21,2,No,No,East,Yes,1,0.326,Low
CUST7707,Male,68,45,Month-to-month,Fiber,Electronic Check,363.31,16891.28,0,Yes,No,West,No,0,0.638,Medium
CUST7708,Female,32,19,Month-to-month,DSL,Electronic Check,469.6,8285.41,2,No,Yes,South,Yes,1,0.672,High
CUST7709,Female,50,60,Month-to-month,Fiber,UPI Autopay,1080.35,58488.68,2,Yes,No,West,No,0,0.577,Medium
CUST7710,Female,57,27,Month-to-month,Fiber,UPI Autopay,2557.35,63085.56,1,Yes,No,Central,No,0,0.686,High
CUST7711,Male,65,35,Month-to-month,DSL,Bank Transfer,1876.16,65495.86,2,Yes,Yes,South,No,0,0.597,Medium
CUST7712,Male,37,61,Two year,DSL,UPI Autopay,2727.33,159531.14,1,Yes,No,North,No,0,0.116,Low
CUST7713,Male,50,5,Two year,Fiber,Bank Transfer,2782.98,13226.47,3,Yes,Yes,East,No,0,0.416,Medium
CUST7714,Male,19,37,Month-to-month,Fiber,Bank Transfer,1526.18,58512.68,1,No,No,Central,No,0,0.592,Medium
CUST7715,Male,31,38,Month-to-month,DSL,UPI Autopay,2871.86,111956.17,2,No,No,West,Yes,1,0.606,Medium
CUST7716,Male,35,28,Month-to-month,Fiber,Credit Card,1286.71,34863.56,2,No,No,East,Yes,1,0.64,Medium
CUST7717,Female,51,26,Month-to-month,Fiber,Electronic Check,1090.08,29075.79,1,No,No,West,Yes,1,0.72,High
CUST7718,Male,48,65,Month-to-month,DSL,Credit Card,1177.96,68928.11,2,No,No,South,No,0,0.463,Medium
CUST7719,Male,51,35,One year,Fiber,Bank Transfer,2895.87,94514.25,1,Yes,No,Central,No,0,0.278,Low
CUST7720,Female,65,48,Month-to-month,DSL,Credit Card,1548.68,70956.42,0,Yes,No,South,No,0,0.446,Medium
CUST7721,Female,39,61,Two year,Fiber,Bank Transfer,3081.01,172600.73,1,Yes,No,West,No,0,0.168,Low
CUST7722,Female,24,37,Two year,Fiber,Credit Card,2468.82,89729.27,3,Yes,Yes,South,No,0,0.27,Low
CUST7723,Male,67,54,Two year,Fiber,UPI Autopay,2419.21,121286.61,0,No,No,North,No,0,0.134,Low
CUST7724,Male,48,41,Month-to-month,Fiber,UPI Autopay,2578.83,100932.07,4,No,No,Central,Yes,1,0.745,High
CUST7725,Male,40,71,One year,Fiber,Bank Transfer,1925.96,126682.62,3,Yes,No,West,No,0,0.22,Low
CUST7726,Female,31,46,Month-to-month,Fiber,UPI Autopay,2684.03,117972.76,6,No,No,Central,Yes,1,0.79,High
CUST7727,Male,52,69,Month-to-month,Fiber,UPI Autopay,2930.28,208146.26,1,Yes,No,South,Yes,1,0.484,Medium
CUST7728,Female,62,60,Month-to-month,DSL,Electronic Check,1763.42,102570.48,4,Yes,No,North,Yes,1,0.683,High
CUST7729,Male,56,40,Month-to-month,DSL,Electronic Check,1692.84,68726.91,5,No,No,South,Yes,1,0.786,High
CUST7730,Male,27,63,Two year,Fiber,Credit Card,2484.32,160136.48,3,No,No,Central,No,0,0.204,Low
CUST7731,Male,62,45,Month-to-month,DSL,Bank Transfer,1578.93,65147.77,1,Yes,Yes,North,No,0,0.484,Medium
CUST7732,Female,54,20,One year,Fiber,Credit Card,986.16,20694.75,2,Yes,Yes,East,No,0,0.27,Low
CUST7733,Male,41,64,Two year,DSL,Bank Transfer,2550.25,148241.17,0,No,No,Central,No,0,0.102,Low
CUST7734,Male,54,17,One year,DSL,Bank Transfer,303.07,4718.87,2,No,Yes,East,No,0,0.204,Low
CUST7735,Female,40,17,One year,DSL,Electronic Check,799.13,14042.52,1,No,No,East,No,0,0.259,Low
CUST7736,Female,44,5,Two year,Fiber,Electronic Check,3452.34,17077.12,1,No,No,South,Yes,1,0.451,Medium
CUST7737,Male,46,61,One year,No Internet,Credit Card,520.86,28888.08,1,No,No,South,No,0,0.148,Low
CUST7738,Female,42,32,Month-to-month,Fiber,Bank Transfer,1981.59,65538.74,3,Yes,No,South,No,0,0.71,High
CUST7739,Male,51,1,One year,Fiber,Bank Transfer,959.92,865.41,4,Yes,Yes,South,Yes,1,0.44,Medium
CUST7740,Female,40,63,Month-to-month,Fiber,Credit Card,3060.8,196801.91,0,No,No,East,Yes,1,0.417,Medium
CUST7741,Male,58,40,One year,DSL,Bank Transfer,1390.12,52088.97,4,Yes,No,North,No,0,0.266,Low
CUST7742,Female,34,70,Month-to-month,Fiber,UPI Autopay,3372.93,214535.45,0,No,No,West,No,0,0.431,Medium
CUST7743,Female,18,61,Two year,Fiber,Credit Card,2608.76,146078.53,4,Yes,No,East,Yes,1,0.232,Low
CUST7744,Female,47,35,Month-to-month,Fiber,Credit Card,1213.99,41620.3,5,No,No,North,No,0,0.736,High
CUST7745,Female,28,16,Month-to-month,Fiber,UPI Autopay,616.9,8920.49,1,Yes,Yes,Central,No,0,0.637,Medium
CUST7746,Male,42,39,Month-to-month,Fiber,Bank Transfer,1549.46,59098.58,1,Yes,No,East,No,0,0.582,Medium
CUST7747,Female,40,52,Month-to-month,Fiber,Credit Card,1761.66,86505.64,1,No,No,East,No,0,0.507,Medium
CUST7748,Male,56,31,Month-to-month,Fiber,Credit Card,1447.14,45070.91,3,Yes,No,Central,No,0,0.733,High
CUST7749,Female,58,68,Month-to-month,Fiber,Bank Transfer,1142.7,81288.0,1,No,No,South,No,0,0.456,Medium
CUST7750,Male,28,29,One year,Fiber,Credit Card,1845.59,51416.45,1,Yes,No,Central,No,0,0.265,Low
CUST7751,Female,50,21,Month-to-month,DSL,Electronic Check,346.89,6987.79,0,Yes,No,West,Yes,1,0.629,Medium
CUST7752,Female,37,49,One year,DSL,Electronic Check,2402.13,109904.72,2,No,No,West,No,0,0.264,Low
CUST7753,Female,25,61,Month-to-month,Fiber,Credit Card,2946.92,174008.54,1,Yes,No,North,Yes,1,0.489,Medium
CUST7754,Male,35,22,One year,Fiber,Bank Transfer,1225.94,27034.4,1,No,No,West,No,0,0.256,Low
CUST7755,Female,57,10,One year,DSL,Electronic Check,1596.98,14860.63,1,No,Yes,South,No,0,0.311,Low
CUST7756,Male,41,37,Month-to-month,DSL,UPI Autopay,3200.05,108420.28,1,No,Yes,East,No,0,0.533,Medium
CUST7757,Female,48,2,Month-to-month,No Internet,Credit Card,2310.12,4466.71,3,Yes,No,East,No,0,0.8,High
CUST7758,Male,41,39,Month-to-month,DSL,UPI Autopay,1383.34,50095.92,4,Yes,No,West,No,0,0.688,High
CUST7759,Male,41,29,Two year,Fiber,Electronic Check,2030.98,53819.86,6,No,Yes,West,Yes,1,0.555,Medium
CUST7760,Male,69,59,One year,No Internet,Electronic Check,2336.95,143492.82,1,Yes,No,East,No,0,0.237,Low
CUST7761,Male,21,38,Month-to-month,Fiber,Electronic Check,2163.6,76549.88,2,Yes,No,West,No,0,0.761,High
CUST7762,Female,37,9,One year,No Internet,Bank Transfer,864.26,7586.8,3,No,No,South,No,0,0.335,Medium
CUST7763,Male,59,59,Month-to-month,DSL,Electronic Check,2751.51,149886.24,4,Yes,No,North,No,0,0.707,High
CUST7764,Female,28,57,Two year,DSL,UPI Autopay,2607.23,136023.93,2,No,No,East,No,0,0.135,Low
CUST7765,Female,48,14,Month-to-month,Fiber,Electronic Check,528.2,6875.51,1,Yes,No,Central,Yes,1,0.753,High
CUST7766,Female,40,20,Month-to-month,DSL,Bank Transfer,655.58,13312.5,3,No,Yes,East,Yes,1,0.61,Medium
CUST7767,Female,28,56,Month-to-month,Fiber,Credit Card,3439.12,173883.71,1,Yes,No,Central,Yes,1,0.57,Medium
CUST7768,Male,30,45,Month-to-month,No Internet,Electronic Check,2328.3,104323.56,2,No,Yes,East,No,0,0.678,High
CUST7769,Female,59,63,Month-to-month,Fiber,UPI Autopay,3423.63,211840.45,4,No,No,North,Yes,1,0.624,Medium
CUST7770,Male,32,64,Month-to-month,Fiber,Credit Card,3241.26,194147.3,4,No,Yes,West,Yes,1,0.646,Medium
CUST7771,Female,57,67,Month-to-month,DSL,Electronic Check,984.23,66406.33,3,No,Yes,East,Yes,1,0.575,Medium
CUST7772,Female,62,70,One year,DSL,Bank Transfer,1476.6,103924.46,1,Yes,No,Central,No,0,0.125,Low
CUST7773,Male,60,30,One year,No Internet,Bank Transfer,3447.51,105916.91,1,Yes,No,North,No,0,0.268,Low
CUST7774,Male,30,65,One year,Fiber,Electronic Check,666.28,43820.07,3,No,No,West,No,0,0.293,Low
CUST7775,Male,42,39,One year,Fiber,UPI Autopay,3156.93,128163.21,3,Yes,No,North,No,0,0.305,Low
CUST7776,Male,26,64,Month-to-month,DSL,UPI Autopay,1632.9,106930.04,3,No,No,West,Yes,1,0.524,Medium
CUST7777,Female,44,27,Month-to-month,No Internet,Credit Card,2876.68,71394.14,1,Yes,No,North,No,0,0.646,Medium
CUST7778,Female,60,39,One year,DSL,UPI Autopay,2946.46,114360.8,2,No,No,East,No,0,0.204,Low
CUST7779,Male,52,17,One year,No Internet,Credit Card,1065.4,16370.6,2,No,No,North,No,0,0.274,Low
CUST7780,Female,25,43,Month-to-month,Fiber,Bank Transfer,1615.41,68253.02,3,No,No,South,No,0,0.641,Medium
CUST7781,Male,18,15,Month-to-month,Fiber,Credit Card,1990.16,29133.14,0,Yes,No,South,No,0,0.641,Medium
CUST7782,Female,48,33,One year,Fiber,Bank Transfer,3164.42,98929.0,4,No,No,North,No,0,0.359,Medium
CUST7783,Female,49,23,One year,No Internet,Electronic Check,2996.79,70681.82,5,Yes,Yes,Central,Yes,1,0.593,Medium
CUST7784,Female,38,29,One year,Fiber,UPI Autopay,654.52,18990.36,4,No,No,North,Yes,1,0.303,Low
CUST7785,Female,23,18,Month-to-month,No Internet,Credit Card,1254.23,20784.58,2,No,No,West,Yes,1,0.683,High
CUST7786,Male,21,69,Month-to-month,DSL,Bank Transfer,549.87,34166.45,0,Yes,No,Central,No,0,0.376,Medium
CUST7787,Male,22,30,Two year,No Internet,Bank Transfer,2560.39,76231.51,3,Yes,Yes,Central,Yes,1,0.317,Low
CUST7788,Male,23,11,Month-to-month,Fiber,UPI Autopay,727.24,7280.52,2,No,No,North,No,0,0.666,High
CUST7789,Male,33,22,Month-to-month,DSL,Electronic Check,1696.58,36677.29,3,No,No,East,No,0,0.749,High
CUST7790,Male,22,20,Two year,DSL,Electronic Check,1707.97,32839.59,1,No,No,North,No,0,0.251,Low
CUST7791,Male,59,23,Month-to-month,DSL,Credit Card,1117.46,26859.61,6,Yes,No,South,Yes,1,0.792,High
CUST7792,Male,42,32,One year,Fiber,Credit Card,1602.29,46674.83,2,Yes,Yes,East,No,0,0.256,Low
CUST7793,Male,64,30,One year,DSL,UPI Autopay,2724.92,81881.68,4,No,No,East,No,0,0.317,Low
CUST7794,Male,50,38,Two year,Fiber,Credit Card,3161.47,120933.02,1,No,No,West,No,0,0.23,Low
CUST7795,Male,19,52,Month-to-month,Fiber,Credit Card,2164.47,106496.35,1,No,Yes,West,No,0,0.533,Medium
CUST7796,Female,65,27,Two year,DSL,UPI Autopay,610.7,16497.93,4,Yes,No,North,Yes,1,0.256,Low
CUST7797,Male,54,55,Month-to-month,DSL,UPI Autopay,921.09,52066.15,1,Yes,No,Central,No,0,0.485,Medium
CUST7798,Female,43,55,One year,No Internet,UPI Autopay,2100.56,115277.8,0,Yes,Yes,East,No,0,0.132,Low
CUST7799,Female,55,38,One year,DSL,UPI Autopay,713.78,28267.0,2,Yes,No,Central,No,0,0.207,Low
CUST7800,Male,43,48,One year,Fiber,Credit Card,3389.17,147231.69,2,No,Yes,South,No,0,0.234,Low
CUST7801,Male,69,67,Month-to-month,Fiber,Credit Card,3004.54,187377.08,1,No,Yes,West,Yes,1,0.501,Medium
CUST7802,Male,18,52,One year,Fiber,UPI Autopay,2898.43,153372.15,2,Yes,No,West,No,0,0.237,Low
CUST7803,Female,48,1,One year,No Internet,Credit Card,314.1,287.38,2,No,No,East,No,0,0.286,Low
CUST7804,Female,24,38,Two year,Fiber,Credit Card,2958.36,105757.67,2,Yes,No,North,No,0,0.236,Low
CUST7805,Female,25,8,Month-to-month,Fiber,Bank Transfer,3034.07,22579.71,2,Yes,No,South,Yes,1,0.778,High
CUST7806,Female,34,22,Month-to-month,Fiber,Bank Transfer,361.56,7643.76,1,No,No,Central,No,0,0.609,Medium
CUST7807,Male,60,53,Two year,Fiber,UPI Autopay,3401.28,187194.75,4,Yes,No,South,Yes,1,0.291,Low
CUST7808,Male,49,33,Month-to-month,Fiber,Bank Transfer,1337.87,45089.42,0,No,No,Central,No,0,0.567,Medium
CUST7809,Male,47,25,Two year,Fiber,Credit Card,1772.28,41986.8,2,No,No,West,No,0,0.284,Low
CUST7810,Male,30,53,Two year,DSL,Credit Card,2269.45,124767.06,2,No,No,East,No,0,0.141,Low
CUST7811,Male,31,20,One year,DSL,Electronic Check,3483.26,69389.94,4,No,No,South,No,0,0.492,Medium
CUST7812,Male,31,43,Month-to-month,No Internet,Electronic Check,2341.71,100286.43,4,Yes,No,South,Yes,1,0.799,High
CUST7813,Male,67,19,Month-to-month,Fiber,Bank Transfer,1600.85,31497.23,2,No,No,North,Yes,1,0.687,High
CUST7814,Female,34,6,Two year,Fiber,Electronic Check,3154.15,18298.23,3,Yes,Yes,South,Yes,1,0.534,Medium
CUST7815,Female,25,60,Month-to-month,Fiber,Credit Card,2992.03,167318.59,3,Yes,Yes,West,No,0,0.622,Medium
CUST7816,Male,44,30,Month-to-month,Fiber,UPI Autopay,352.09,10961.41,1,No,No,East,No,0,0.562,Medium
CUST7817,Male,62,12,One year,Fiber,UPI Autopay,1971.57,21735.63,2,No,Yes,North,No,0,0.317,Low
CUST7818,Male,52,53,Two year,Fiber,Credit Card,2981.77,160652.47,0,Yes,No,Central,No,0,0.164,Low
CUST7819,Female,61,44,Month-to-month,DSL,Credit Card,873.27,36143.01,1,Yes,No,Central,Yes,1,0.518,Medium
CUST7820,Female,23,21,Month-to-month,DSL,Bank Transfer,1935.83,41028.13,1,No,No,West,No,0,0.593,Medium
CUST7821,Male,18,33,One year,Fiber,UPI Autopay,491.04,15380.73,2,No,No,South,No,0,0.228,Low
CUST7822,Female,20,17,One year,Fiber,UPI Autopay,1986.61,35150.6,1,No,No,North,No,0,0.247,Low
CUST7823,Female,66,10,Month-to-month,DSL,Bank Transfer,1452.92,15027.44,4,No,No,Central,Yes,1,0.762,High
CUST7824,Female,29,53,Two year,DSL,Credit Card,3047.31,156159.69,1,Yes,No,South,No,0,0.137,Low
CUST7825,Female,44,57,One year,DSL,Bank Transfer,2809.43,146381.37,4,No,No,West,No,0,0.238,Low
CUST7826,Male,24,34,One year,Fiber,Bank Transfer,1236.11,41582.78,2,No,No,West,No,0,0.257,Low
CUST7827,Female,69,67,Month-to-month,DSL,Bank Transfer,1577.68,102720.37,2,No,Yes,West,No,0,0.461,Medium
CUST7828,Male,58,48,Two year,DSL,Bank Transfer,2715.1,125758.11,2,Yes,No,West,No,0,0.199,Low
CUST7829,Female,32,5,Month-to-month,Fiber,Electronic Check,1945.89,9484.0,2,No,Yes,North,Yes,1,0.794,High
CUST7830,Male,33,17,Month-to-month,DSL,Credit Card,2775.37,43946.44,3,Yes,No,Central,Yes,1,0.754,High
CUST7831,Female,27,22,Month-to-month,Fiber,UPI Autopay,2734.95,61696.02,2,No,Yes,West,No,0,0.707,High
CUST7832,Male,41,8,One year,Fiber,Electronic Check,1931.08,14774.27,2,No,No,West,No,0,0.479,Medium
CUST7833,Female,35,6,Month-to-month,No Internet,Credit Card,1251.07,7716.68,3,No,No,West,No,0,0.762,High
CUST7834,Male,42,30,Month-to-month,DSL,Electronic Check,2825.04,84442.94,3,No,No,West,Yes,1,0.777,High
CUST7835,Male,32,21,Month-to-month,Fiber,Credit Card,2328.67,48057.76,2,Yes,Yes,North,No,0,0.693,High
CUST7836,Male,19,61,Month-to-month,Fiber,Bank Transfer,939.35,59903.67,3,No,Yes,North,No,0,0.538,Medium
CUST7837,Male,41,24,Month-to-month,Fiber,Bank Transfer,1469.56,34794.5,3,No,No,South,Yes,1,0.716,High
CUST7838,Male,40,31,Month-to-month,Fiber,Bank Transfer,357.5,10255.93,3,Yes,No,East,No,0,0.672,High
CUST7839,Male,52,26,Two year,DSL,UPI Autopay,616.63,15889.46,3,Yes,No,West,No,0,0.255,Low
CUST7840,Female,20,69,Month-to-month,Fiber,Credit Card,532.69,37368.61,4,Yes,No,South,Yes,1,0.604,Medium
CUST7841,Female,52,18,Month-to-month,Fiber,Electronic Check,2546.22,41635.61,1,No,Yes,East,Yes,1,0.749,High
CUST7842,Male,33,9,Month-to-month,DSL,Credit Card,798.3,6729.02,2,No,No,South,No,0,0.636,Medium
CUST7843,Male,66,25,Month-to-month,DSL,Bank Transfer,923.3,22378.82,3,Yes,No,North,No,0,0.65,Medium
CUST7844,Female,24,64,Month-to-month,No Internet,Electronic Check,3129.41,192694.36,4,No,No,South,No,0,0.714,High
CUST7845,Male,43,30,Month-to-month,Fiber,Electronic Check,481.7,13735.1,1,Yes,Yes,South,Yes,1,0.687,High
CUST7846,Female,29,45,One year,Fiber,Electronic Check,784.39,34998.38,3,Yes,No,South,No,0,0.343,Medium
CUST7847,Female,37,28,Month-to-month,Fiber,Credit Card,1785.9,47636.61,3,No,No,South,No,0,0.703,High
CUST7848,Male,66,57,Two year,Fiber,Credit Card,1799.08,97301.03,2,No,Yes,East,No,0,0.169,Low
CUST7849,Male,59,44,Month-to-month,Fiber,Electronic Check,2544.15,102315.27,1,No,No,Central,Yes,1,0.709,High
CUST7850,Male,44,70,Month-to-month,Fiber,UPI Autopay,2110.94,145118.42,2,Yes,No,Central,Yes,1,0.551,Medium
CUST7851,Female,57,52,One year,Fiber,Electronic Check,975.61,51486.21,5,No,No,Central,No,0,0.432,Medium
CUST7852,Male,45,38,Two year,DSL,Bank Transfer,522.17,19915.11,0,Yes,Yes,North,No,0,0.112,Low
CUST7853,Male,44,60,Month-to-month,DSL,Bank Transfer,2937.22,183673.77,2,Yes,Yes,North,No,0,0.472,Medium
CUST7854,Male,40,32,One year,DSL,Bank Transfer,3161.76,94103.96,2,Yes,No,South,No,0,0.26,Low
CUST7855,Male,31,50,One year,Fiber,UPI Autopay,627.33,32046.22,2,No,No,West,No,0,0.209,Low
CUST7856,Male,25,12,Month-to-month,Fiber,Bank Transfer,2523.64,30419.21,1,Yes,Yes,West,Yes,1,0.721,High
CUST7857,Female,27,13,One year,No Internet,Credit Card,1820.57,21678.62,1,Yes,Yes,Central,No,0,0.29,Low
CUST7858,Female,60,52,One year,DSL,UPI Autopay,2828.61,150547.12,3,No,No,South,No,0,0.203,Low
CUST7859,Male,23,9,Two year,DSL,Electronic Check,3239.51,30488.47,2,No,No,West,Yes,1,0.426,Medium
CUST7860,Female,57,57,One year,DSL,Credit Card,1744.51,96122.29,3,Yes,Yes,West,No,0,0.199,Low
CUST7861,Female,33,13,One year,DSL,UPI Autopay,2752.41,33512.63,2,Yes,Yes,East,No,0,0.286,Low
CUST7862,Female,61,46,One year,Fiber,UPI Autopay,786.74,35367.17,2,No,Yes,Central,No,0,0.215,Low
CUST7863,Male,50,67,One year,DSL,Bank Transfer,1331.18,82197.97,2,No,No,North,No,0,0.129,Low
CUST7864,Female,47,15,Two year,DSL,Credit Card,3486.03,47464.44,2,Yes,Yes,North,No,0,0.28,Low
CUST7865,Female,27,50,One year,Fiber,Electronic Check,2376.17,111823.46,4,No,No,West,No,0,0.402,Medium
CUST7866,Male,64,31,One year,Fiber,Electronic Check,3438.26,97168.04,1,No,No,West,Yes,1,0.394,Medium
CUST7867,Male,47,35,Month-to-month,DSL,UPI Autopay,2671.45,91475.84,1,Yes,No,Central,Yes,1,0.597,Medium
CUST7868,Female,67,2,Month-to-month,DSL,UPI Autopay,3009.62,6213.48,0,No,No,North,Yes,1,0.647,Medium
CUST7869,Male,32,38,One year,Fiber,Electronic Check,1821.19,70307.74,0,No,Yes,East,No,0,0.23,Low
CUST7870,Female,33,54,Month-to-month,DSL,Bank Transfer,1357.24,72204.14,3,Yes,No,South,No,0,0.554,Medium
CUST7871,Male,45,50,One year,Fiber,Bank Transfer,1300.63,58787.93,2,No,No,East,No,0,0.201,Low
CUST7872,Female,47,15,Month-to-month,Fiber,Electronic Check,1553.9,22723.61,2,No,Yes,East,No,0,0.764,High
CUST7873,Female,44,50,One year,DSL,Credit Card,408.48,19292.42,3,No,No,West,No,0,0.195,Low
CUST7874,Female,59,39,Month-to-month,DSL,UPI Autopay,3356.48,125095.59,2,No,No,North,No,0,0.581,Medium
CUST7875,Male,42,19,Month-to-month,Fiber,Electronic Check,2682.6,49939.37,3,No,No,East,Yes,1,0.827,High
CUST7876,Male,35,31,Month-to-month,Fiber,Electronic Check,3451.16,110503.42,5,No,No,East,Yes,1,0.859,High
CUST7877,Female,66,69,Two year,DSL,Bank Transfer,2871.1,188003.72,3,No,Yes,North,No,0,0.131,Low
CUST7878,Female,31,3,Month-to-month,DSL,Credit Card,2304.85,6847.67,3,Yes,No,Central,Yes,1,0.776,High
CUST7879,Male,40,47,Month-to-month,No Internet,UPI Autopay,593.24,26065.68,4,Yes,No,South,Yes,1,0.681,High
CUST7880,Male,59,2,Month-to-month,DSL,Bank Transfer,3074.43,6202.82,3,Yes,No,South,No,0,0.803,High
CUST7881,Female,48,51,Month-to-month,Fiber,Electronic Check,1596.74,74945.88,2,Yes,No,South,Yes,1,0.696,High
CUST7882,Male,27,65,One year,Fiber,UPI Autopay,3311.42,209347.69,1,Yes,No,East,Yes,1,0.153,Low
CUST7883,Female,41,26,Two year,Fiber,Electronic Check,2802.13,70154.63,4,No,No,North,No,0,0.455,Medium
CUST7884,Female,66,30,Month-to-month,DSL,Credit Card,2254.79,65141.33,2,Yes,No,West,No,0,0.652,Medium
CUST7885,Male,47,42,Two year,DSL,Electronic Check,2315.38,90243.85,2,No,Yes,East,No,0,0.238,Low
CUST7886,Female,27,52,Month-to-month,Fiber,Electronic Check,3476.89,175347.81,3,No,No,West,No,0,0.748,High
CUST7887,Female,61,19,Month-to-month,Fiber,Bank Transfer,1681.58,29691.49,2,No,No,East,No,0,0.685,High
CUST7888,Female,52,56,One year,DSL,UPI Autopay,678.75,37593.18,3,No,No,West,No,0,0.187,Low
CUST7889,Male,20,12,Month-to-month,No Internet,UPI Autopay,628.93,6953.06,2,No,Yes,East,Yes,1,0.643,Medium
CUST7890,Female,30,48,Month-to-month,Fiber,Electronic Check,1984.87,91274.7,6,Yes,No,South,No,0,0.841,High
CUST7891,Female,18,29,Two year,No Internet,Electronic Check,3046.53,86809.16,3,No,Yes,West,No,0,0.406,Medium
CUST7892,Male,43,34,One year,Fiber,UPI Autopay,1874.1,66041.82,2,Yes,No,North,No,0,0.259,Low
CUST7893,Male,26,56,Two year,Fiber,Bank Transfer,2987.1,151910.88,2,Yes,Yes,North,No,0,0.181,Low
CUST7894,Female,59,20,One year,DSL,Credit Card,443.35,9098.33,0,No,No,Central,Yes,1,0.167,Low
CUST7895,Male,33,36,Two year,DSL,UPI Autopay,2537.6,83515.28,0,No,Yes,West,No,0,0.146,Low
CUST7896,Female,63,5,Month-to-month,Fiber,Bank Transfer,2844.42,12952.45,2,No,Yes,South,No,0,0.77,High
CUST7897,Female,41,13,One year,Fiber,UPI Autopay,2390.64,31224.3,4,No,No,West,No,0,0.455,Medium
CUST7898,Male,55,49,Month-to-month,Fiber,UPI Autopay,1438.25,63568.67,4,No,No,South,No,0,0.686,High
CUST7899,Female,22,70,Month-to-month,DSL,UPI Autopay,1355.31,99183.99,0,No,No,West,Yes,1,0.341,Medium
CUST7900,Male,59,41,Two year,Fiber,UPI Autopay,1756.16,74969.8,6,No,Yes,South,No,0,0.373,Medium
CUST7901,Female,34,67,Month-to-month,Fiber,Electronic Check,611.79,37114.11,3,Yes,No,North,No,0,0.656,Medium
CUST7902,Male,61,1,Month-to-month,No Internet,Credit Card,729.92,657.58,0,No,Yes,Central,Yes,1,0.639,Medium
CUST7903,Male,40,47,Month-to-month,DSL,UPI Autopay,2992.91,147567.57,5,No,No,Central,No,0,0.707,High
CUST7904,Female,67,19,One year,DSL,Credit Card,1048.46,19152.77,3,No,No,East,No,0,0.263,Low
CUST7905,Male,66,61,Two year,Fiber,UPI Autopay,1015.17,57406.21,4,Yes,No,West,Yes,1,0.266,Low
CUST7906,Female,44,33,Two year,Fiber,UPI Autopay,2499.03,83224.93,2,No,No,Central,No,0,0.264,Low
CUST7907,Female,65,29,One year,Fiber,UPI Autopay,3465.59,94145.99,2,No,Yes,East,No,0,0.295,Low
CUST7908,Male,29,31,Two year,Fiber,UPI Autopay,2565.1,82474.5,1,Yes,No,East,No,0,0.224,Low
CUST7909,Female,54,5,One year,DSL,UPI Autopay,1420.49,7253.02,1,No,Yes,Central,Yes,1,0.248,Low
CUST7910,Male,47,71,One year,DSL,Bank Transfer,916.3,59118.79,2,No,No,South,No,0,0.13,Low
CUST7911,Male,27,23,Two year,DSL,Credit Card,2005.85,44769.61,3,No,No,South,No,0,0.259,Low
CUST7912,Male,25,57,One year,Fiber,Bank Transfer,1348.67,76491.59,0,No,Yes,West,No,0,0.135,Low
CUST7913,Female,39,1,Month-to-month,DSL,Electronic Check,3015.94,2958.41,5,Yes,No,West,Yes,1,0.906,High
CUST7914,Female,28,52,Month-to-month,No Internet,Credit Card,1349.35,68200.84,3,Yes,No,West,No,0,0.637,Medium
CUST7915,Male,43,4,One year,DSL,Electronic Check,1838.96,7071.94,0,No,No,East,Yes,1,0.301,Low
CUST7916,Male,20,43,One year,Fiber,Electronic Check,2022.61,84288.42,1,Yes,No,North,Yes,1,0.274,Low
CUST7917,Male,44,2,One year,DSL,Electronic Check,1594.67,3143.9,3,Yes,No,East,Yes,1,0.457,Medium
CUST7918,Male,20,29,Two year,Fiber,Credit Card,971.14,27974.18,6,Yes,No,Central,No,0,0.438,Medium
CUST7919,Female,50,24,Month-to-month,Fiber,Bank Transfer,455.21,11140.12,1,No,No,North,No,0,0.572,Medium
CUST7920,Female,52,50,Two year,Fiber,Credit Card,2769.7,140084.73,1,No,No,North,No,0,0.159,Low
CUST7921,Male,34,66,Month-to-month,DSL,Bank Transfer,1134.38,75547.98,3,Yes,No,South,No,0,0.517,Medium
CUST7922,Male,67,61,Two year,Fiber,Electronic Check,1580.39,97054.05,3,No,No,Central,No,0,0.303,Low
CUST7923,Male,29,18,One year,Fiber,Bank Transfer,887.86,15806.83,2,No,Yes,East,No,0,0.256,Low
CUST7924,Female,61,55,Two year,Fiber,Electronic Check,914.91,52400.63,2,No,Yes,North,Yes,1,0.222,Low
CUST7925,Male,52,36,Two year,DSL,Electronic Check,3320.27,110391.16,2,No,Yes,South,No,0,0.291,Low
CUST7926,Male,52,22,Month-to-month,DSL,Credit Card,947.16,19250.02,1,Yes,No,East,No,0,0.565,Medium
CUST7927,Female,35,68,Two year,Fiber,Electronic Check,3449.85,244000.6,0,No,Yes,East,No,0,0.137,Low
CUST7928,Male,35,11,Two year,DSL,UPI Autopay,1894.48,20973.83,1,Yes,No,North,No,0,0.221,Low
CUST7929,Male,30,35,Month-to-month,Fiber,UPI Autopay,2536.04,88616.91,4,Yes,No,South,No,0,0.754,High
CUST7930,Female,49,26,Month-to-month,Fiber,Bank Transfer,2848.13,76414.18,1,No,No,East,Yes,1,0.641,Medium
CUST7931,Male,55,36,Two year,DSL,Electronic Check,308.24,10743.14,2,No,No,East,No,0,0.231,Low
CUST7932,Female,57,13,Two year,Fiber,Bank Transfer,3446.1,42902.4,3,No,No,East,No,0,0.395,Medium
CUST7933,Female,44,47,Month-to-month,Fiber,Electronic Check,3066.76,142546.86,1,No,Yes,Central,Yes,1,0.674,High
CUST7934,Male,38,16,One year,Fiber,Bank Transfer,2734.85,44409.42,4,No,No,West,No,0,0.464,Medium
CUST7935,Female,26,56,Two year,DSL,Electronic Check,1454.6,77595.73,4,No,No,West,No,0,0.281,Low
CUST7936,Male,48,56,Two year,DSL,UPI Autopay,2491.22,141338.81,0,No,No,South,No,0,0.104,Low
CUST7937,Male,41,37,Month-to-month,DSL,Electronic Check,2608.31,90126.13,1,No,No,South,No,0,0.651,Medium
CUST7938,Female,24,58,Month-to-month,Fiber,UPI Autopay,1579.11,88073.66,3,Yes,No,Central,Yes,1,0.625,Medium
CUST7939,Female,55,18,Month-to-month,Fiber,Credit Card,835.15,13759.23,2,No,Yes,Central,No,0,0.678,High
CUST7940,Male,56,15,One year,DSL,Bank Transfer,2269.53,34315.47,4,No,No,South,No,0,0.374,Medium
CUST7941,Male,25,69,Two year,Fiber,UPI Autopay,2201.63,140251.85,1,Yes,No,Central,No,0,0.147,Low
CUST7942,Male,45,60,Two year,Fiber,Credit Card,2434.11,135997.47,5,Yes,Yes,North,Yes,1,0.271,Low
CUST7943,Female,45,53,One year,DSL,Electronic Check,1066.8,51374.22,1,No,No,East,No,0,0.182,Low
CUST7944,Female,26,11,Month-to-month,Fiber,Electronic Check,2664.61,28090.05,0,Yes,No,West,Yes,1,0.779,High
CUST7945,Male,21,2,Month-to-month,DSL,Electronic Check,2878.99,5776.83,3,Yes,No,South,No,0,0.851,High
CUST7946,Female,67,2,Two year,DSL,Electronic Check,1466.24,2782.33,0,No,No,South,No,0,0.283,Low
CUST7947,Male,50,49,Month-to-month,DSL,Electronic Check,1386.65,64834.92,1,Yes,No,North,Yes,1,0.582,Medium
CUST7948,Male,33,71,Month-to-month,DSL,Electronic Check,1838.14,129575.74,4,No,No,East,No,0,0.626,Medium
CUST7949,Female,58,12,One year,DSL,Electronic Check,1376.06,17165.83,2,No,No,East,Yes,1,0.341,Medium
CUST7950,Female,23,12,Month-to-month,DSL,UPI Autopay,1308.83,15700.85,4,No,Yes,East,No,0,0.696,High
CUST7951,Female,61,23,One year,DSL,UPI Autopay,2189.09,47125.75,4,Yes,No,West,No,0,0.371,Medium
CUST7952,Female,50,2,One year,No Internet,Bank Transfer,1808.44,3561.14,2,Yes,No,North,No,0,0.357,Medium
CUST7953,Female,51,10,Month-to-month,DSL,Electronic Check,1238.09,11981.65,1,Yes,No,East,No,0,0.706,High
CUST7954,Female,24,62,Month-to-month,Fiber,Electronic Check,2903.76,177924.2,3,No,No,West,Yes,1,0.7,High
CUST7955,Male,66,65,Month-to-month,Fiber,Credit Card,2852.0,187908.62,3,No,No,East,No,0,0.578,Medium
CUST7956,Female,61,24,One year,Fiber,UPI Autopay,442.44,9766.89,3,No,No,Central,No,0,0.314,Low
CUST7957,Male,62,70,Month-to-month,No Internet,Credit Card,2141.75,136741.07,2,No,No,South,Yes,1,0.517,Medium
CUST7958,Male,67,13,Month-to-month,No Internet,UPI Autopay,3470.2,43000.23,7,No,No,South,Yes,1,0.903,High
CUST7959,Female,67,40,Month-to-month,DSL,Credit Card,2311.48,85943.69,2,No,No,East,No,0,0.563,Medium
CUST7960,Male,50,56,Month-to-month,No Internet,Bank Transfer,1605.37,94301.38,1,Yes,No,North,No,0,0.503,Medium
CUST7961,Female,66,26,Month-to-month,Fiber,Credit Card,1697.01,42609.59,2,No,No,North,No,0,0.658,Medium
CUST7962,Male,38,66,Month-to-month,No Internet,Credit Card,2949.84,197305.29,0,No,Yes,East,No,0,0.39,Medium
CUST7963,Male,32,14,Month-to-month,Fiber,UPI Autopay,411.17,5214.37,2,No,No,Central,Yes,1,0.686,High
CUST7964,Female,45,36,Two year,Fiber,UPI Autopay,1274.19,46638.26,4,No,No,West,Yes,1,0.309,Low
CUST7965,Female,67,49,One year,Fiber,Credit Card,1153.81,57438.93,2,No,Yes,Central,No,0,0.214,Low
CUST7966,Male,25,49,One year,No Internet,UPI Autopay,2963.38,144664.85,0,Yes,Yes,Central,No,0,0.172,Low
CUST7967,Female,50,39,One year,DSL,Bank Transfer,2167.68,87040.54,3,Yes,No,West,No,0,0.262,Low
CUST7968,Female,68,29,One year,DSL,UPI Autopay,2823.99,74884.94,2,Yes,Yes,Central,No,0,0.272,Low
CUST7969,Male,40,54,Month-to-month,Fiber,UPI Autopay,1881.21,93689.33,3,Yes,No,East,No,0,0.628,Medium
CUST7970,Male,56,13,Month-to-month,Fiber,Bank Transfer,1791.16,23193.87,2,Yes,No,South,Yes,1,0.741,High
CUST7971,Female,40,62,Two year,Fiber,Credit Card,1203.37,70487.03,3,No,No,North,No,0,0.175,Low
CUST7972,Female,28,21,Two year,DSL,Bank Transfer,2410.46,53036.78,2,No,Yes,South,No,0,0.219,Low
CUST7973,Male,19,20,One year,No Internet,Bank Transfer,646.46,12123.52,1,No,No,North,No,0,0.208,Low
CUST7974,Female,57,4,One year,Fiber,Credit Card,2065.3,7971.58,3,No,No,East,Yes,1,0.405,Medium
CUST7975,Female,19,34,Month-to-month,DSL,Credit Card,1023.08,33827.87,2,No,No,North,Yes,1,0.525,Medium
CUST7976,Male,43,13,Two year,Fiber,Electronic Check,3081.95,38779.75,0,No,Yes,Central,No,0,0.367,Medium
CUST7977,Female,44,35,One year,Fiber,Bank Transfer,3401.27,123066.8,3,Yes,No,East,No,0,0.326,Low
CUST7978,Female,33,64,One year,Fiber,Credit Card,2566.13,161029.98,0,No,No,East,No,0,0.117,Low
CUST7979,Female,38,69,Month-to-month,No Internet,Electronic Check,1271.12,82366.21,1,No,No,South,No,0,0.552,Medium
CUST7980,Male,42,6,Month-to-month,DSL,Bank Transfer,2912.14,16511.09,2,No,No,West,Yes,1,0.745,High
CUST7981,Male,56,31,Two year,Fiber,Credit Card,319.15,9505.13,1,No,No,West,No,0,0.202,Low
CUST7982,Male,27,2,Two year,DSL,UPI Autopay,2069.35,3908.67,3,No,No,West,No,0,0.352,Medium
CUST7983,Male,21,30,Month-to-month,Fiber,Credit Card,871.23,26705.11,2,No,No,West,No,0,0.647,Medium
CUST7984,Male,60,24,Month-to-month,No Internet,Bank Transfer,1417.38,33798.82,1,No,No,North,Yes,1,0.609,Medium
CUST7985,Male,24,39,Month-to-month,Fiber,Electronic Check,2077.16,74102.82,5,Yes,No,Central,Yes,1,0.852,High
CUST7986,Male,22,38,Month-to-month,Fiber,UPI Autopay,3466.57,125549.95,0,No,No,South,No,0,0.568,Medium
CUST7987,Female,51,25,Two year,Fiber,Credit Card,765.12,19011.71,1,No,Yes,North,No,0,0.18,Low
CUST7988,Female,59,27,Month-to-month,DSL,Electronic Check,1701.76,45229.77,2,No,No,Central,Yes,1,0.724,High
CUST7989,Female,53,64,Month-to-month,No Internet,Credit Card,2779.83,174863.35,3,Yes,No,East,No,0,0.582,Medium
CUST7990,Female,65,68,One year,Fiber,Bank Transfer,2037.38,129085.13,3,No,No,Central,No,0,0.217,Low
CUST7991,Female,23,39,Month-to-month,DSL,Bank Transfer,700.4,24746.69,4,Yes,Yes,North,Yes,1,0.607,Medium
CUST7992,Female,19,44,Month-to-month,Fiber,Electronic Check,2987.57,134593.33,2,No,No,North,Yes,1,0.693,High
CUST7993,Female,39,18,Two year,Fiber,UPI Autopay,508.2,9576.62,2,Yes,No,North,No,0,0.242,Low
CUST7994,Male,40,28,Two year,Fiber,Electronic Check,2881.12,73827.76,2,Yes,No,Central,Yes,1,0.422,Medium
CUST7995,Male,35,11,Month-to-month,No Internet,Bank Transfer,2245.74,25094.07,2,Yes,Yes,West,No,0,0.752,High
CUST7996,Male,66,58,Month-to-month,Fiber,Credit Card,645.97,36384.66,0,No,Yes,South,Yes,1,0.439,Medium
CUST7997,Male,27,19,Month-to-month,DSL,Electronic Check,1490.46,27923.18,0,No,Yes,North,No,0,0.602,Medium
CUST7998,Male,31,4,Month-to-month,Fiber,Electronic Check,1807.0,6895.47,5,Yes,No,East,No,0,0.895,High
CUST7999,Female,39,39,Two year,No Internet,UPI Autopay,2281.0,80517.32,2,No,No,South,No,0,0.221,Low
CUST8000,Female,19,45,One year,Fiber,Credit Card,3384.63,152843.89,0,Yes,Yes,Central,No,0,0.185,Low
CUST8001,Female,64,6,Two year,No Internet,Bank Transfer,762.49,4529.22,3,Yes,No,North,Yes,1,0.326,Low
CUST8002,Female,49,4,Month-to-month,DSL,UPI Autopay,3199.25,13207.26,2,No,Yes,East,Yes,1,0.718,High
CUST8003,Female,44,40,One year,DSL,UPI Autopay,946.07,37647.13,1,Yes,No,North,Yes,1,0.15,Low
CUST8004,Male,69,27,Two year,DSL,Bank Transfer,1637.82,40923.19,0,No,Yes,North,No,0,0.139,Low
CUST8005,Male,48,2,Month-to-month,No Internet,Electronic Check,1208.48,2512.18,2,Yes,No,East,Yes,1,0.811,High
CUST8006,Male,22,67,One year,Fiber,Bank Transfer,1621.03,106571.52,4,No,Yes,South,Yes,1,0.218,Low
CUST8007,Female,43,9,One year,No Internet,UPI Autopay,3200.07,26037.19,2,No,No,West,Yes,1,0.403,Medium
CUST8008,Male,26,4,Two year,Fiber,Credit Card,419.72,1726.39,3,Yes,No,West,No,0,0.355,Medium
CUST8009,Male,50,54,Month-to-month,Fiber,UPI Autopay,3133.65,160920.15,1,No,No,Central,No,0,0.569,Medium
CUST8010,Male,56,8,Month-to-month,Fiber,Bank Transfer,3175.22,25542.61,2,No,No,West,No,0,0.798,High
CUST8011,Male,53,68,Month-to-month,Fiber,Bank Transfer,2697.27,169687.38,1,No,No,South,Yes,1,0.482,Medium
CUST8012,Female,53,59,One year,No Internet,Electronic Check,435.43,26836.34,2,No,No,North,No,0,0.231,Low
CUST8013,Female,38,14,Month-to-month,DSL,Electronic Check,3005.45,43880.14,4,No,No,North,Yes,1,0.827,High
CUST8014,Male,38,58,Two year,DSL,UPI Autopay,3217.47,193153.37,1,No,No,West,No,0,0.13,Low
CUST8015,Male,22,50,One year,Fiber,Credit Card,2761.88,135905.85,1,No,No,Central,No,0,0.199,Low
CUST8016,Male,62,38,Month-to-month,Fiber,Credit Card,791.8,28792.07,2,Yes,No,North,Yes,1,0.619,Medium
CUST8017,Male,56,17,Month-to-month,Fiber,UPI Autopay,2858.94,49986.27,3,No,Yes,Central,No,0,0.784,High
CUST8018,Female,57,18,Two year,DSL,Electronic Check,704.08,12653.36,3,No,Yes,West,No,0,0.336,Medium
CUST8019,Female,28,10,Month-to-month,DSL,Bank Transfer,1392.78,14175.63,3,No,Yes,North,No,0,0.659,Medium
CUST8020,Female,39,41,One year,Fiber,Bank Transfer,2987.75,116198.28,1,No,Yes,North,No,0,0.193,Low
CUST8021,Female,34,18,Month-to-month,DSL,UPI Autopay,793.37,14943.42,1,No,No,Central,Yes,1,0.57,Medium
CUST8022,Male,25,13,Month-to-month,DSL,Credit Card,1671.46,21128.87,2,No,No,West,No,0,0.671,High
CUST8023,Male,63,16,Month-to-month,DSL,Credit Card,2652.83,44399.27,1,Yes,No,Central,No,0,0.681,High
CUST8024,Female,31,50,One year,DSL,UPI Autopay,3150.98,161454.88,4,No,No,East,No,0,0.228,Low
CUST8025,Male,21,43,Month-to-month,DSL,UPI Autopay,1254.05,49011.56,0,Yes,Yes,West,No,0,0.456,Medium
CUST8026,Female,29,30,Two year,Fiber,Bank Transfer,871.62,26812.7,2,Yes,No,East,No,0,0.223,Low
CUST8027,Female,28,48,Month-to-month,DSL,Electronic Check,3360.31,159688.52,3,No,No,South,No,0,0.69,High
CUST8028,Male,52,6,Two year,No Internet,UPI Autopay,1204.62,7421.58,4,No,No,East,Yes,1,0.38,Medium
CUST8029,Male,27,9,Month-to-month,Fiber,Credit Card,1624.64,14285.38,3,No,Yes,West,No,0,0.765,High
CUST8030,Male,35,64,One year,DSL,UPI Autopay,3139.71,199264.95,3,Yes,No,North,No,0,0.171,Low
CUST8031,Female,35,9,Month-to-month,Fiber,Credit Card,808.73,7490.57,5,No,Yes,West,No,0,0.805,High
CUST8032,Female,27,59,Month-to-month,Fiber,Bank Transfer,2041.63,119904.43,0,No,No,Central,No,0,0.459,Medium
CUST8033,Male,50,43,One year,No Internet,UPI Autopay,3307.57,128408.42,2,Yes,No,North,No,0,0.258,Low
CUST8034,Female,42,32,Month-to-month,Fiber,UPI Autopay,1176.74,35763.65,3,No,No,South,No,0,0.676,High
CUST8035,Female,31,2,Two year,Fiber,Bank Transfer,2471.23,4709.2,1,Yes,No,West,No,0,0.35,Medium
CUST8036,Male,34,46,One year,Fiber,Bank Transfer,2808.38,121252.87,0,No,No,Central,No,0,0.186,Low
CUST8037,Male,20,30,One year,Fiber,Credit Card,914.85,26478.79,4,No,Yes,South,No,0,0.313,Low
CUST8038,Female,41,25,One year,DSL,Bank Transfer,2344.41,58189.38,3,No,No,South,No,0,0.28,Low
CUST8039,Female,51,12,Month-to-month,Fiber,Bank Transfer,595.96,6533.81,5,No,Yes,North,No,0,0.771,High
CUST8040,Female,29,35,Month-to-month,DSL,Electronic Check,2860.49,104269.03,5,Yes,No,East,Yes,1,0.806,High
CUST8041,Male,32,22,Month-to-month,DSL,Credit Card,2956.91,63057.98,1,No,No,East,Yes,1,0.604,Medium
CUST8042,Male,69,71,Two year,Fiber,Bank Transfer,2667.49,191742.88,5,No,No,South,No,0,0.248,Low
CUST8043,Female,48,7,Month-to-month,Fiber,Credit Card,3156.58,20058.08,2,Yes,No,South,Yes,1,0.792,High
CUST8044,Male,46,60,Month-to-month,Fiber,Credit Card,1855.63,105209.56,1,No,No,North,No,0,0.483,Medium
CUST8045,Male,35,22,Two year,DSL,UPI Autopay,3129.13,68054.97,1,Yes,No,West,No,0,0.248,Low
CUST8046,Female,57,40,One year,No Internet,Credit Card,2768.76,112861.42,2,No,No,North,No,0,0.233,Low
CUST8047,Male,46,59,Two year,No Internet,Bank Transfer,1447.18,83457.12,5,No,Yes,North,No,0,0.243,Low
CUST8048,Female,33,51,Month-to-month,DSL,Credit Card,663.2,32280.07,0,No,No,South,No,0,0.387,Medium
CUST8049,Female,27,52,Month-to-month,DSL,Bank Transfer,1850.22,86858.89,4,No,No,South,Yes,1,0.601,Medium
CUST8050,Female,56,59,Month-to-month,Fiber,Bank Transfer,3421.74,196299.8,2,Yes,No,North,Yes,1,0.567,Medium
CUST8051,Male,54,6,One year,No Internet,Electronic Check,1999.92,11306.84,1,Yes,No,South,Yes,1,0.437,Medium
CUST8052,Male,39,34,Month-to-month,Fiber,UPI Autopay,2512.61,80379.81,2,Yes,No,Central,Yes,1,0.702,High
CUST8053,Female,21,5,One year,Fiber,Bank Transfer,3475.46,18079.43,0,No,Yes,West,No,0,0.323,Low
CUST8054,Female,42,4,One year,Fiber,UPI Autopay,2461.41,10223.38,3,No,No,East,No,0,0.415,Medium
CUST8055,Female,39,39,Month-to-month,DSL,UPI Autopay,2090.68,83174.16,3,No,No,East,Yes,1,0.594,Medium
CUST8056,Male,35,17,One year,No Internet,Credit Card,3374.91,57043.85,3,No,No,North,No,0,0.386,Medium
CUST8057,Female,46,20,Month-to-month,Fiber,UPI Autopay,425.7,8546.75,4,No,No,East,No,0,0.721,High
CUST8058,Female,54,45,Two year,Fiber,Electronic Check,2208.28,90967.69,1,No,No,South,No,0,0.256,Low
CUST8059,Female,47,1,Month-to-month,Fiber,Credit Card,2702.09,2483.99,0,No,No,South,Yes,1,0.707,High
CUST8060,Female,47,30,One year,No Internet,UPI Autopay,2938.67,81354.91,2,No,No,East,No,0,0.277,Low
CUST8061,Male,64,68,Month-to-month,Fiber,Bank Transfer,2950.83,191960.67,1,No,No,North,No,0,0.465,Medium
CUST8062,Male,66,26,Month-to-month,DSL,Credit Card,1611.94,39988.44,0,Yes,No,North,Yes,1,0.523,Medium
CUST8063,Female,29,3,Two year,DSL,Credit Card,1104.03,3296.83,2,Yes,Yes,East,No,0,0.239,Low
CUST8064,Female,52,49,Month-to-month,Fiber,Electronic Check,2066.65,92859.58,3,Yes,No,South,Yes,1,0.751,High
CUST8065,Male,29,37,Month-to-month,No Internet,Credit Card,1972.6,72146.68,1,Yes,No,North,No,0,0.58,Medium
CUST8066,Female,69,42,Month-to-month,DSL,UPI Autopay,3463.53,150218.85,1,No,No,West,No,0,0.557,Medium
CUST8067,Male,48,21,Month-to-month,Fiber,Credit Card,383.98,8084.53,3,No,No,West,Yes,1,0.714,High
CUST8068,Male,38,7,Two year,DSL,Credit Card,1410.77,9260.86,2,No,Yes,West,No,0,0.26,Low
CUST8069,Male,63,26,Month-to-month,Fiber,Bank Transfer,667.19,15737.92,1,No,No,North,No,0,0.588,Medium
CUST8070,Female,33,9,Month-to-month,DSL,Credit Card,1470.59,11915.85,1,No,Yes,North,Yes,1,0.574,Medium
CUST8071,Female,44,20,One year,DSL,Credit Card,3464.49,66712.73,1,No,Yes,East,No,0,0.231,Low
CUST8072,Female,45,39,Month-to-month,Fiber,Credit Card,831.03,29837.69,3,No,No,North,Yes,1,0.63,Medium
CUST8073,Female,63,44,Month-to-month,DSL,Electronic Check,572.29,23969.51,1,No,No,East,Yes,1,0.567,Medium
CUST8074,Female,28,46,Two year,Fiber,Bank Transfer,2920.14,135722.5,1,Yes,Yes,East,No,0,0.171,Low
CUST8075,Female,55,24,One year,Fiber,Electronic Check,3272.8,76392.23,3,Yes,No,Central,Yes,1,0.526,Medium
CUST8076,Male,19,24,One year,Fiber,Credit Card,2580.23,59909.49,5,Yes,No,Central,No,0,0.486,Medium
CUST8077,Male,41,23,Two year,DSL,Credit Card,1374.16,28676.03,2,No,Yes,South,Yes,1,0.203,Low
CUST8078,Male,58,36,Two year,Fiber,Electronic Check,3308.03,110290.46,1,No,Yes,North,No,0,0.291,Low
CUST8079,Male,25,17,Two year,Fiber,Bank Transfer,456.47,7715.27,2,No,No,North,No,0,0.231,Low
CUST8080,Female,46,7,Month-to-month,DSL,UPI Autopay,894.28,6103.6,1,Yes,Yes,West,Yes,1,0.619,Medium
CUST8081,Female,60,62,Month-to-month,DSL,Electronic Check,1825.57,104638.64,0,No,No,West,Yes,1,0.506,Medium
CUST8082,Male,18,69,Month-to-month,Fiber,Bank Transfer,2348.67,166504.61,3,No,No,South,Yes,1,0.548,Medium
CUST8083,Male,59,60,Month-to-month,Fiber,Electronic Check,2006.93,122329.78,2,Yes,No,South,Yes,1,0.677,High
CUST8084,Male,19,21,Month-to-month,Fiber,UPI Autopay,734.51,15600.27,2,No,No,Central,No,0,0.671,High
CUST8085,Female,33,44,One year,No Internet,Electronic Check,1788.34,77275.0,2,No,No,South,No,0,0.298,Low
CUST8086,Male,68,7,Two year,Fiber,Bank Transfer,2024.37,13547.34,5,No,Yes,South,No,0,0.476,Medium
CUST8087,Male,65,44,Month-to-month,Fiber,Bank Transfer,587.34,26222.33,3,Yes,Yes,South,No,0,0.648,Medium
CUST8088,Female,66,60,Two year,Fiber,Bank Transfer,981.17,57277.16,1,No,No,South,No,0,0.141,Low
CUST8089,Male,26,31,One year,Fiber,Bank Transfer,1658.2,52830.41,3,Yes,No,East,No,0,0.304,Low
CUST8090,Female,35,32,Month-to-month,Fiber,Bank Transfer,961.17,28836.56,0,Yes,Yes,North,No,0,0.51,Medium
CUST8091,Male,64,30,Two year,Fiber,Electronic Check,2222.21,69482.9,3,No,No,North,No,0,0.388,Medium
CUST8092,Female,29,52,One year,DSL,Credit Card,2620.64,124965.84,1,Yes,Yes,East,No,0,0.138,Low
CUST8093,Male,31,17,Month-to-month,No Internet,Credit Card,401.23,6998.16,1,No,No,South,No,0,0.604,Medium
CUST8094,Male,27,3,One year,Fiber,Credit Card,2887.78,8806.14,2,No,No,Central,No,0,0.428,Medium
CUST8095,Female,18,13,Month-to-month,No Internet,Electronic Check,2229.87,29115.37,2,No,No,South,Yes,1,0.793,High
CUST8096,Male,45,35,Two year,Fiber,UPI Autopay,3426.38,124918.68,2,No,No,South,No,0,0.264,Low
CUST8097,Female,36,63,Month-to-month,Fiber,Bank Transfer,974.25,61810.38,2,No,No,South,No,0,0.515,Medium
CUST8098,Female,24,9,Two year,DSL,Credit Card,3104.33,27220.88,3,Yes,Yes,North,No,0,0.324,Low
CUST8099,Female,54,7,One year,DSL,Electronic Check,3140.76,23036.45,1,No,Yes,East,No,0,0.367,Medium
CUST8100,Female,39,64,Month-to-month,DSL,UPI Autopay,1242.86,77917.82,0,No,No,West,Yes,1,0.372,Medium
CUST8101,Male,26,67,Month-to-month,Fiber,Electronic Check,3471.75,227829.7,1,No,Yes,South,No,0,0.567,Medium
CUST8102,Male,62,64,Two year,DSL,Electronic Check,691.08,42161.83,0,Yes,No,North,No,0,0.134,Low
CUST8103,Female,28,2,One year,DSL,Bank Transfer,1198.45,2378.51,2,Yes,No,North,No,0,0.273,Low
CUST8104,Female,41,26,Two year,Fiber,Credit Card,1927.6,47387.4,4,No,No,Central,No,0,0.363,Medium
CUST8105,Female,30,3,One year,Fiber,Electronic Check,3005.11,8330.45,1,No,No,North,No,0,0.444,Medium
CUST8106,Female,56,48,Month-to-month,DSL,UPI Autopay,593.75,26687.04,3,No,Yes,North,Yes,1,0.52,Medium
CUST8107,Male,47,44,Two year,Fiber,Bank Transfer,585.97,25186.69,0,No,No,North,Yes,1,0.131,Low
CUST8108,Female,42,50,One year,No Internet,UPI Autopay,713.27,33506.2,0,No,No,South,No,0,0.136,Low
CUST8109,Female,44,67,One year,Fiber,UPI Autopay,1449.61,91660.22,0,Yes,No,East,No,0,0.12,Low
CUST8110,Male,59,48,Two year,No Internet,UPI Autopay,1276.18,63081.22,7,No,No,Central,No,0,0.415,Medium
CUST8111,Female,37,9,Month-to-month,DSL,Electronic Check,501.31,4566.74,2,Yes,No,East,No,0,0.719,High
CUST8112,Male,36,43,One year,Fiber,Electronic Check,1745.73,68902.97,4,No,Yes,South,Yes,1,0.398,Medium
CUST8113,Female,29,47,Month-to-month,DSL,Bank Transfer,2107.38,90703.05,1,Yes,No,South,No,0,0.497,Medium
CUST8114,Male,59,49,One year,Fiber,UPI Autopay,1534.82,78324.47,0,Yes,No,Central,No,0,0.179,Low
CUST8115,Female,52,36,Two year,No Internet,Credit Card,3202.45,114140.95,1,No,No,North,No,0,0.2,Low
CUST8116,Female,30,29,Month-to-month,No Internet,Electronic Check,3264.1,96539.31,2,No,No,South,No,0,0.769,High
CUST8117,Female,42,51,Month-to-month,Fiber,Electronic Check,1233.64,59796.78,5,No,Yes,South,No,0,0.777,High
CUST8118,Male,25,29,Month-to-month,Fiber,Credit Card,2157.04,61420.3,6,No,No,South,No,0,0.818,High
CUST8119,Female,55,63,Two year,Fiber,Bank Transfer,3200.62,182841.42,3,Yes,Yes,East,No,0,0.199,Low
CUST8120,Male,26,66,One year,DSL,Electronic Check,941.72,63880.57,3,No,No,South,No,0,0.223,Low
CUST8121,Female,33,49,Month-to-month,No Internet,UPI Autopay,2385.84,113498.85,0,Yes,No,Central,No,0,0.522,Medium
CUST8122,Male,64,35,Month-to-month,Fiber,Bank Transfer,2306.96,83176.66,2,Yes,Yes,West,No,0,0.686,High
CUST8123,Female,63,28,Month-to-month,No Internet,Bank Transfer,2378.17,62209.33,2,Yes,No,North,Yes,1,0.68,High
CUST8124,Female,40,22,Two year,Fiber,UPI Autopay,2842.67,65110.88,1,No,No,South,No,0,0.253,Low
CUST8125,Male,18,54,One year,Fiber,Credit Card,2341.61,130031.94,0,No,No,South,No,0,0.141,Low
CUST8126,Male,28,65,One year,DSL,Credit Card,332.92,21616.36,1,No,No,South,No,0,0.11,Low
CUST8127,Male,52,20,Two year,DSL,Credit Card,1117.7,21331.81,1,No,No,Central,No,0,0.199,Low
CUST8128,Female,23,11,One year,Fiber,Credit Card,3287.18,36545.27,4,Yes,No,East,Yes,1,0.478,Medium
CUST8129,Male,69,45,One year,Fiber,Bank Transfer,1664.85,71219.72,0,Yes,Yes,East,No,0,0.165,Low
CUST8130,Female,45,20,Month-to-month,Fiber,Bank Transfer,1776.44,34507.14,1,No,No,West,No,0,0.664,High
CUST8131,Female,61,21,Month-to-month,Fiber,Credit Card,769.52,15700.45,4,Yes,No,East,No,0,0.75,High
CUST8132,Male,40,5,Month-to-month,Fiber,UPI Autopay,1225.17,6309.23,2,Yes,Yes,East,Yes,1,0.717,High
CUST8133,Female,26,30,Month-to-month,No Internet,Bank Transfer,1207.31,35224.43,1,Yes,Yes,South,Yes,1,0.581,Medium
CUST8134,Male,61,66,Two year,DSL,Electronic Check,1892.61,120186.85,1,Yes,No,South,No,0,0.17,Low
CUST8135,Female,31,3,One year,DSL,Electronic Check,2816.29,8189.35,1,Yes,No,East,No,0,0.395,Medium
CUST8136,Male,62,20,Month-to-month,DSL,Bank Transfer,1695.07,33353.39,0,Yes,No,South,No,0,0.566,Medium
CUST8137,Male,38,9,Two year,Fiber,UPI Autopay,1306.89,10864.18,6,No,No,Central,Yes,1,0.51,Medium
CUST8138,Male,60,2,One year,Fiber,Bank Transfer,1436.85,2599.26,0,Yes,Yes,West,No,0,0.296,Low
CUST8139,Female,67,58,Two year,Fiber,Credit Card,3073.37,167954.55,3,Yes,No,East,No,0,0.224,Low
CUST8140,Male,62,26,Two year,DSL,Credit Card,751.98,17929.89,1,No,No,East,No,0,0.161,Low
CUST8141,Male,45,66,Month-to-month,DSL,Credit Card,374.73,22395.88,3,No,No,Central,No,0,0.523,Medium
CUST8142,Male,63,31,Month-to-month,Fiber,Electronic Check,456.89,13813.35,3,Yes,No,West,Yes,1,0.794,High
CUST8143,Male,59,59,Month-to-month,DSL,Credit Card,662.28,38327.8,0,Yes,Yes,West,No,0,0.407,Medium
CUST8144,Female,32,59,Two year,Fiber,Bank Transfer,1728.19,96593.09,1,No,Yes,North,No,0,0.124,Low
CUST8145,Male,46,16,Month-to-month,Fiber,Electronic Check,973.39,14321.19,3,Yes,Yes,South,Yes,1,0.809,High
CUST8146,Female,48,11,Month-to-month,DSL,Electronic Check,2132.81,22914.55,1,Yes,No,East,No,0,0.732,High
CUST8147,Female,21,61,Month-to-month,Fiber,Credit Card,1062.3,59880.77,1,Yes,No,Central,No,0,0.512,Medium
CUST8148,Male,35,51,Month-to-month,Fiber,UPI Autopay,1500.17,73908.89,0,No,No,Central,Yes,1,0.498,Medium
CUST8149,Female,32,29,Month-to-month,Fiber,Electronic Check,3095.62,86133.11,1,Yes,Yes,West,No,0,0.757,High
CUST8150,Male,65,5,Two year,No Internet,Bank Transfer,1975.74,9254.76,4,No,No,West,No,0,0.458,Medium
CUST8151,Male,45,9,Month-to-month,Fiber,Electronic Check,1420.13,12526.26,0,No,Yes,South,No,0,0.718,High
CUST8152,Female,33,15,Two year,Fiber,UPI Autopay,2920.86,44116.2,1,No,Yes,East,No,0,0.257,Low
CUST8153,Male,20,5,One year,Fiber,UPI Autopay,1451.83,6695.6,3,Yes,No,South,No,0,0.399,Medium
CUST8154,Female,30,57,Month-to-month,Fiber,Electronic Check,2875.13,155570.59,2,No,No,North,No,0,0.647,Medium
CUST8155,Male,40,6,One year,Fiber,Credit Card,589.66,3227.45,2,Yes,Yes,Central,Yes,1,0.33,Low
CUST8156,Female,26,43,Month-to-month,Fiber,Electronic Check,1740.59,68613.26,0,Yes,Yes,East,Yes,1,0.601,Medium
CUST8157,Female,57,17,Month-to-month,Fiber,Bank Transfer,3134.94,54406.71,1,No,Yes,South,Yes,1,0.691,High
CUST8158,Female,28,28,Month-to-month,Fiber,Bank Transfer,2577.08,70732.13,1,Yes,No,West,Yes,1,0.668,High
CUST8159,Female,34,44,Month-to-month,DSL,UPI Autopay,1320.52,55586.81,1,No,No,West,No,0,0.493,Medium
CUST8160,Female,22,1,Month-to-month,No Internet,Credit Card,1430.19,1354.46,3,No,Yes,West,Yes,1,0.767,High
CUST8161,Female,59,62,One year,Fiber,Bank Transfer,2004.47,117970.73,1,Yes,No,South,No,0,0.166,Low
CUST8162,Male,66,20,One year,Fiber,Credit Card,3056.74,58427.87,3,No,No,East,No,0,0.389,Medium
CUST8163,Male,33,31,Month-to-month,Fiber,Credit Card,1163.91,33855.55,2,No,No,Central,No,0,0.66,Medium
CUST8164,Female,20,16,Month-to-month,No Internet,UPI Autopay,2425.29,35046.5,0,No,No,Central,Yes,1,0.64,Medium
CUST8165,Male,45,19,Month-to-month,Fiber,Electronic Check,3035.3,56719.55,3,Yes,No,East,No,0,0.846,High
CUST8166,Female,19,25,Month-to-month,Fiber,Electronic Check,1756.0,43544.65,2,Yes,No,South,No,0,0.766,High
CUST8167,Male,21,59,One year,Fiber,Electronic Check,2435.22,135905.34,2,No,Yes,Central,Yes,1,0.273,Low
CUST8168,Female,44,28,Month-to-month,DSL,Bank Transfer,3467.5,92291.95,0,No,Yes,West,Yes,1,0.559,Medium
CUST8169,Male,26,54,Month-to-month,Fiber,UPI Autopay,2222.59,111968.13,1,No,No,South,Yes,1,0.523,Medium
CUST8170,Female,38,12,One year,No Internet,Bank Transfer,1658.37,19843.39,1,Yes,No,East,No,0,0.274,Low
CUST8171,Female,57,54,One year,DSL,Credit Card,3133.83,153044.63,1,Yes,No,West,No,0,0.171,Low
CUST8172,Female,28,11,One year,DSL,Electronic Check,1972.9,22195.88,2,No,No,North,Yes,1,0.349,Medium
CUST8173,Female,36,4,Month-to-month,No Internet,Bank Transfer,2001.59,7631.66,1,Yes,Yes,East,No,0,0.693,High
CUST8174,Female,52,15,Month-to-month,Fiber,Bank Transfer,1089.51,16281.43,1,Yes,No,South,Yes,1,0.66,Medium
CUST8175,Male,33,3,Month-to-month,Fiber,Credit Card,719.95,2089.23,1,No,Yes,West,No,0,0.672,High
CUST8176,Male,41,11,Month-to-month,Fiber,Bank Transfer,2455.58,25062.35,4,No,Yes,West,Yes,1,0.82,High
CUST8177,Female,39,31,Month-to-month,Fiber,Credit Card,338.97,9891.44,3,No,Yes,East,No,0,0.63,Medium
CUST8178,Male,69,4,Month-to-month,DSL,UPI Autopay,2398.96,9958.11,2,No,Yes,East,No,0,0.704,High
CUST8179,Female,67,66,Month-to-month,Fiber,Electronic Check,1173.0,80953.18,1,Yes,No,Central,Yes,1,0.618,Medium
CUST8180,Male,42,35,Two year,DSL,Bank Transfer,827.49,28589.85,0,Yes,No,North,No,0,0.125,Low
CUST8181,Male,25,7,Month-to-month,Fiber,Credit Card,1537.62,10181.47,1,No,No,East,Yes,1,0.671,High
CUST8182,Female,56,31,Month-to-month,DSL,Credit Card,1474.82,46966.33,4,No,No,West,Yes,1,0.694,High
CUST8183,Female,67,21,Month-to-month,DSL,Bank Transfer,3120.68,63103.45,1,No,Yes,West,No,0,0.638,Medium
CUST8184,Male,41,6,Month-to-month,No Internet,Electronic Check,2584.87,15947.51,1,No,Yes,South,Yes,1,0.794,High
CUST8185,Female,40,4,Month-to-month,DSL,Bank Transfer,994.06,3623.79,2,Yes,No,East,Yes,1,0.659,Medium
CUST8186,Male,35,12,Month-to-month,Fiber,Credit Card,2146.59,23186.54,1,No,No,South,No,0,0.692,High
CUST8187,Male,23,6,Month-to-month,Fiber,Credit Card,2731.96,16591.09,1,No,No,Central,Yes,1,0.746,High
CUST8188,Female,28,38,Two year,DSL,UPI Autopay,2430.67,86000.29,2,No,No,North,No,0,0.172,Low
CUST8189,Female,26,13,Month-to-month,Fiber,Electronic Check,1598.97,21005.75,3,Yes,No,Central,No,0,0.84,High
CUST8190,Female,30,55,Month-to-month,DSL,UPI Autopay,1780.17,97122.37,1,No,No,West,Yes,1,0.455,Medium
CUST8191,Female,40,35,Month-to-month,Fiber,Credit Card,2139.05,74058.25,4,No,No,West,Yes,1,0.744,High
CUST8192,Male,44,20,Month-to-month,Fiber,Bank Transfer,2131.87,43926.33,1,Yes,No,East,Yes,1,0.669,High
CUST8193,Male,21,4,Month-to-month,Fiber,Credit Card,3217.29,12538.1,1,Yes,No,North,Yes,1,0.752,High
CUST8194,Male,29,33,One year,Fiber,Credit Card,574.35,17624.62,2,Yes,No,East,No,0,0.238,Low
CUST8195,Female,52,9,Two year,DSL,Bank Transfer,2653.97,22687.21,2,Yes,No,West,No,0,0.323,Low
CUST8196,Female,49,7,Month-to-month,DSL,Credit Card,1724.83,12328.7,2,Yes,No,East,No,0,0.681,High
CUST8197,Female,23,60,One year,Fiber,UPI Autopay,560.38,33974.07,1,No,No,South,No,0,0.142,Low
CUST8198,Female,65,16,Month-to-month,DSL,Electronic Check,835.04,12967.83,1,No,Yes,South,Yes,1,0.662,High
CUST8199,Male,67,62,Month-to-month,DSL,Bank Transfer,3268.3,207030.06,2,No,No,West,Yes,1,0.513,Medium
CUST8200,Male,37,13,Two year,No Internet,Bank Transfer,3175.21,41609.81,6,No,No,Central,No,0,0.561,Medium
CUST8201,Female,68,39,Two year,Fiber,Bank Transfer,766.88,31386.32,2,Yes,Yes,East,No,0,0.202,Low
CUST8202,Female,34,11,One year,Fiber,Bank Transfer,3345.34,36693.93,2,No,No,South,Yes,1,0.382,Medium
CUST8203,Male,40,28,One year,No Internet,Electronic Check,992.45,27663.94,0,No,Yes,East,No,0,0.238,Low
CUST8204,Male,55,65,Month-to-month,DSL,Electronic Check,2116.97,133281.43,3,Yes,No,West,No,0,0.665,High
CUST8205,Female,51,30,One year,DSL,Electronic Check,825.69,24154.61,0,No,No,East,No,0,0.197,Low
CUST8206,Female,53,29,One year,DSL,Electronic Check,449.38,13113.48,0,Yes,No,West,No,0,0.229,Low
CUST8207,Female,21,46,Month-to-month,Fiber,UPI Autopay,3206.47,153706.41,2,No,No,West,Yes,1,0.623,Medium
CUST8208,Male,62,49,Month-to-month,Fiber,Credit Card,1799.37,79636.52,4,No,Yes,East,No,0,0.67,High
CUST8209,Male,49,26,Month-to-month,DSL,Credit Card,3011.32,78601.63,2,Yes,No,South,Yes,1,0.671,High
CUST8210,Female,59,43,Month-to-month,Fiber,Credit Card,1061.17,44451.7,3,No,No,East,No,0,0.632,Medium
CUST8211,Male,56,33,Two year,Fiber,Credit Card,1116.07,37389.8,6,No,No,South,Yes,1,0.402,Medium
CUST8212,Female,24,34,One year,No Internet,Bank Transfer,465.27,14769.11,1,Yes,No,Central,No,0,0.21,Low
CUST8213,Male,56,24,Month-to-month,Fiber,UPI Autopay,2779.51,69747.8,1,Yes,No,Central,No,0,0.707,High
CUST8214,Female,36,38,Month-to-month,Fiber,UPI Autopay,2500.97,92875.17,2,No,Yes,West,No,0,0.642,Medium
CUST8215,Male,42,14,Month-to-month,DSL,UPI Autopay,918.73,12053.37,1,Yes,Yes,South,No,0,0.585,Medium
CUST8216,Female,42,27,Month-to-month,No Internet,Bank Transfer,1525.13,41168.11,1,No,No,Central,Yes,1,0.624,Medium
CUST8217,Male,68,6,Month-to-month,DSL,Credit Card,520.59,3037.23,3,No,No,Central,No,0,0.712,High
CUST8218,Female,40,14,One year,Fiber,Bank Transfer,1387.78,17916.35,7,No,Yes,East,Yes,1,0.514,Medium
CUST8219,Male,34,36,Month-to-month,DSL,Electronic Check,2273.06,81862.49,2,Yes,Yes,South,No,0,0.69,High
CUST8220,Male,18,67,Two year,DSL,Credit Card,472.59,29426.22,1,No,No,South,No,0,0.097,Low
CUST8221,Female,33,70,One year,Fiber,UPI Autopay,1751.72,127658.33,1,Yes,No,East,No,0,0.132,Low
CUST8222,Female,48,46,Month-to-month,DSL,Credit Card,562.69,26710.64,2,Yes,Yes,South,No,0,0.511,Medium
CUST8223,Male,39,61,Month-to-month,Fiber,UPI Autopay,3429.02,213881.99,5,No,No,West,No,0,0.709,High
CUST8224,Female,57,9,Month-to-month,DSL,UPI Autopay,2806.73,23143.68,3,Yes,No,West,Yes,1,0.78,High
CUST8225,Male,60,39,Month-to-month,Fiber,Electronic Check,482.18,19138.57,2,No,No,Central,Yes,1,0.725,High
CUST8226,Female,27,43,One year,Fiber,UPI Autopay,1733.85,72737.63,4,No,No,South,No,0,0.296,Low
CUST8227,Female,54,8,One year,Fiber,Electronic Check,486.6,3837.59,2,No,No,East,Yes,1,0.38,Medium
CUST8228,Female,62,66,Month-to-month,No Internet,UPI Autopay,920.09,59335.8,3,Yes,No,North,Yes,1,0.559,Medium
CUST8229,Male,24,69,Two year,Fiber,Electronic Check,3191.14,214564.26,2,Yes,Yes,East,Yes,1,0.21,Low
CUST8230,Male,68,4,Month-to-month,Fiber,Credit Card,2617.64,9808.83,2,Yes,No,West,Yes,1,0.81,High
CUST8231,Male,29,65,Month-to-month,No Internet,UPI Autopay,1997.48,122205.04,1,No,No,North,No,0,0.448,Medium
CUST8232,Male,27,69,Month-to-month,DSL,Electronic Check,2196.15,150143.02,3,No,No,South,No,0,0.598,Medium
CUST8233,Female,32,66,Month-to-month,DSL,Bank Transfer,962.83,64320.47,1,No,No,West,No,0,0.407,Medium
CUST8234,Male,67,17,Two year,DSL,Bank Transfer,689.14,11149.93,3,No,No,West,No,0,0.27,Low
CUST8235,Male,25,62,Two year,Fiber,Credit Card,313.84,18191.9,3,No,No,South,No,0,0.183,Low
CUST8236,Female,57,9,Month-to-month,DSL,Electronic Check,2306.76,20760.83,4,No,No,Central,No,0,0.852,High
CUST8237,Male,41,20,One year,Fiber,Electronic Check,1232.68,22837.5,2,Yes,No,South,No,0,0.405,Medium
CUST8238,Male,41,70,Month-to-month,Fiber,Electronic Check,1609.35,117657.19,3,No,No,East,No,0,0.644,Medium
CUST8239,Female,45,9,Two year,Fiber,Electronic Check,2225.69,19376.76,0,No,No,East,No,0,0.324,Low
CUST8240,Female,50,20,Month-to-month,Fiber,Credit Card,1408.67,25990.97,2,No,No,South,No,0,0.681,High
CUST8241,Male,62,8,Month-to-month,Fiber,Credit Card,3495.59,26373.76,1,Yes,Yes,East,Yes,1,0.755,High
CUST8242,Female,24,7,One year,Fiber,Bank Transfer,2004.86,12805.03,0,No,No,West,No,0,0.275,Low
CUST8243,Male,58,20,Two year,DSL,Credit Card,309.37,5910.63,1,No,No,Central,No,0,0.183,Low
CUST8244,Female,62,39,Month-to-month,DSL,UPI Autopay,1163.56,43081.62,2,No,No,East,No,0,0.536,Medium
CUST8245,Female,50,13,Month-to-month,Fiber,Credit Card,1748.66,20643.26,0,Yes,No,Central,Yes,1,0.665,High
CUST8246,Male,30,55,Month-to-month,Fiber,Bank Transfer,2073.7,102773.68,0,Yes,No,West,Yes,1,0.512,Medium
CUST8247,Male,41,56,Two year,Fiber,Bank Transfer,3115.47,171243.12,2,No,Yes,South,No,0,0.181,Low
CUST8248,Male,63,58,Month-to-month,No Internet,UPI Autopay,3270.58,183060.31,1,No,No,Central,No,0,0.548,Medium
CUST8249,Female,51,51,Two year,DSL,Credit Card,1155.67,55880.47,3,Yes,No,North,No,0,0.173,Low
CUST8250,Male,23,27,Month-to-month,Fiber,Electronic Check,1695.71,44198.9,1,Yes,Yes,West,Yes,1,0.735,High
CUST8251,Female,26,62,Two year,DSL,Credit Card,1843.16,117331.48,1,Yes,No,North,No,0,0.103,Low
CUST8252,Male,52,10,Month-to-month,DSL,Bank Transfer,2218.56,21580.9,3,Yes,No,West,No,0,0.765,High
CUST8253,Female,21,28,Month-to-month,Fiber,Credit Card,1832.37,50625.76,0,Yes,No,Central,No,0,0.598,Medium
CUST8254,Female,38,47,Month-to-month,DSL,UPI Autopay,1950.09,91103.6,1,No,No,South,No,0,0.473,Medium
CUST8255,Male,27,63,Month-to-month,DSL,Credit Card,2528.27,150964.48,3,No,Yes,East,Yes,1,0.493,Medium
CUST8256,Female,31,58,Month-to-month,DSL,Bank Transfer,1048.8,56847.93,3,No,No,Central,Yes,1,0.54,Medium
CUST8257,Female,59,35,One year,Fiber,UPI Autopay,2348.23,85708.8,0,No,No,West,No,0,0.206,Low
CUST8258,Female,44,4,Month-to-month,Fiber,UPI Autopay,379.06,1552.39,0,No,No,Central,Yes,1,0.618,Medium
CUST8259,Female,35,1,Two year,DSL,Bank Transfer,2616.39,2623.53,2,No,No,South,No,0,0.311,Low
CUST8260,Male,41,66,One year,DSL,Electronic Check,2684.13,181534.87,0,No,Yes,Central,No,0,0.147,Low
CUST8261,Male,51,37,Two year,No Internet,Credit Card,1544.44,59759.04,0,No,No,Central,No,0,0.172,Low
CUST8262,Male,31,66,Month-to-month,No Internet,Bank Transfer,2120.95,143617.63,1,No,Yes,Central,No,0,0.467,Medium
CUST8263,Male,26,29,Two year,No Internet,Electronic Check,3149.39,85851.32,2,No,No,North,No,0,0.352,Medium
CUST8264,Male,39,11,One year,No Internet,Bank Transfer,596.28,6819.53,4,No,No,West,Yes,1,0.394,Medium
CUST8265,Female,24,21,Month-to-month,Fiber,UPI Autopay,2811.75,58702.51,0,No,No,North,Yes,1,0.599,Medium
CUST8266,Male,31,15,Month-to-month,Fiber,UPI Autopay,1686.85,24437.47,0,No,No,East,No,0,0.603,Medium
CUST8267,Female,25,22,Month-to-month,DSL,UPI Autopay,2723.9,55434.74,0,Yes,Yes,South,No,0,0.554,Medium
CUST8268,Female,51,50,Month-to-month,No Internet,Electronic Check,1884.63,92160.37,2,No,No,Central,Yes,1,0.698,High
CUST8269,Female,50,18,Month-to-month,No Internet,Credit Card,369.39,6358.0,2,No,No,North,Yes,1,0.628,Medium
CUST8270,Male,26,17,Two year,DSL,Bank Transfer,2702.63,43696.36,1,No,Yes,North,No,0,0.2,Low
CUST8271,Male,35,70,Month-to-month,No Internet,UPI Autopay,1362.99,86339.17,2,Yes,No,West,No,0,0.539,Medium
CUST8272,Male,34,16,Month-to-month,Fiber,Electronic Check,1254.52,18520.03,2,Yes,Yes,Central,No,0,0.795,High
CUST8273,Male,42,69,Month-to-month,DSL,Credit Card,2632.56,183565.21,1,Yes,No,South,No,0,0.415,Medium
CUST8274,Female,52,66,Month-to-month,No Internet,UPI Autopay,3165.23,192598.0,2,Yes,No,West,No,0,0.567,Medium
CUST8275,Male,34,11,Month-to-month,Fiber,UPI Autopay,1718.28,18162.49,3,No,Yes,North,Yes,1,0.734,High
CUST8276,Male,32,11,One year,Fiber,UPI Autopay,2687.66,30991.5,4,Yes,No,North,Yes,1,0.461,Medium
CUST8277,Male,63,30,Month-to-month,DSL,Electronic Check,2293.3,70098.12,3,No,No,South,Yes,1,0.757,High
CUST8278,Female,58,65,Month-to-month,DSL,Electronic Check,702.44,46163.09,3,Yes,No,North,Yes,1,0.609,Medium
CUST8279,Male,60,12,Month-to-month,DSL,UPI Autopay,1844.59,20361.97,2,No,No,West,Yes,1,0.694,High
CUST8280,Male,49,50,One year,DSL,Electronic Check,2927.65,135327.93,2,No,No,South,No,0,0.264,Low
CUST8281,Female,24,26,One year,No Internet,Bank Transfer,841.24,21653.99,1,Yes,No,West,No,0,0.234,Low
CUST8282,Female,19,59,One year,Fiber,UPI Autopay,737.45,39911.65,1,No,Yes,South,No,0,0.138,Low
CUST8283,Male,47,19,Two year,Fiber,Bank Transfer,1044.07,17909.84,0,Yes,No,West,No,0,0.221,Low
CUST8284,Male,64,5,One year,Fiber,Electronic Check,1965.93,10055.68,5,No,No,North,Yes,1,0.611,Medium
CUST8285,Male,31,3,Month-to-month,DSL,Bank Transfer,838.96,2343.68,1,Yes,No,West,Yes,1,0.647,Medium
CUST8286,Male,48,7,Month-to-month,No Internet,Bank Transfer,2464.55,17070.67,0,Yes,Yes,South,Yes,1,0.681,High
CUST8287,Male,24,31,Two year,Fiber,Electronic Check,1588.14,46540.38,1,No,No,North,No,0,0.268,Low
CUST8288,Female,58,33,One year,Fiber,UPI Autopay,3480.1,118583.77,2,No,No,North,No,0,0.277,Low
CUST8289,Male,35,11,Month-to-month,Fiber,Bank Transfer,2272.18,26170.01,2,No,No,East,Yes,1,0.728,High
CUST8290,Male,39,15,Two year,Fiber,Bank Transfer,3472.96,47912.74,4,Yes,No,Central,No,0,0.494,Medium
CUST8291,Female,50,8,Two year,No Internet,UPI Autopay,2459.87,20520.45,2,No,Yes,Central,No,0,0.34,Medium
CUST8292,Male,62,58,Month-to-month,Fiber,Electronic Check,1589.22,95322.52,3,No,Yes,West,No,0,0.712,High
CUST8293,Female,28,46,Month-to-month,No Internet,Credit Card,1341.42,64574.25,1,Yes,No,West,No,0,0.559,Medium
CUST8294,Female,58,29,Month-to-month,Fiber,Bank Transfer,769.9,23117.5,3,Yes,No,Central,No,0,0.716,High
CUST8295,Male,36,43,Two year,No Internet,UPI Autopay,3134.13,128754.38,4,No,No,North,No,0,0.287,Low
CUST8296,Male,35,20,Month-to-month,No Internet,Credit Card,441.67,8873.17,4,No,No,Central,Yes,1,0.748,High
CUST8297,Male,37,56,Month-to-month,No Internet,UPI Autopay,2013.48,112477.46,0,Yes,No,South,No,0,0.474,Medium
CUST8298,Male,37,7,Month-to-month,Fiber,Electronic Check,2153.3,13824.75,1,No,No,West,Yes,1,0.806,High
CUST8299,Female,60,65,Month-to-month,DSL,Credit Card,1563.85,96684.47,1,No,No,East,No,0,0.397,Medium
CUST8300,Male,36,12,Month-to-month,Fiber,UPI Autopay,3370.59,40034.5,2,No,No,Central,No,0,0.785,High
CUST8301,Female,68,4,Month-to-month,Fiber,Electronic Check,1458.53,6023.98,4,No,No,South,Yes,1,0.868,High
CUST8302,Male,33,33,One year,DSL,Bank Transfer,2937.18,99438.75,1,No,No,North,No,0,0.185,Low
CUST8303,Male,31,46,Month-to-month,Fiber,UPI Autopay,2593.53,112005.56,2,Yes,No,South,Yes,1,0.633,Medium
CUST8304,Male,27,37,Two year,Fiber,UPI Autopay,357.34,12986.73,0,Yes,No,North,No,0,0.144,Low
CUST8305,Male,38,45,Month-to-month,No Internet,Electronic Check,2796.36,115740.08,1,No,Yes,East,Yes,1,0.65,Medium
CUST8306,Male,37,3,Month-to-month,Fiber,UPI Autopay,2592.59,7155.82,4,No,Yes,West,Yes,1,0.842,High
CUST8307,Male,59,32,Two year,No Internet,UPI Autopay,3345.74,103337.32,0,No,Yes,South,No,0,0.195,Low
CUST8308,Male,31,50,Two year,No Internet,Electronic Check,1794.41,85184.52,2,No,Yes,Central,No,0,0.271,Low
CUST8309,Male,47,47,Month-to-month,Fiber,Bank Transfer,2790.22,134531.8,2,Yes,No,East,Yes,1,0.62,Medium
CUST8310,Male,69,50,One year,No Internet,UPI Autopay,3255.77,164062.58,1,Yes,Yes,West,No,0,0.214,Low
CUST8311,Male,36,65,One year,Fiber,Credit Card,641.64,39268.21,6,Yes,No,West,No,0,0.349,Medium
CUST8312,Female,46,32,Month-to-month,No Internet,Electronic Check,3409.35,99513.64,2,Yes,No,South,No,0,0.786,High
CUST8313,Male,63,23,One year,Fiber,Electronic Check,2461.34,56310.86,2,No,No,East,No,0,0.411,Medium
CUST8314,Female,40,34,One year,DSL,Bank Transfer,593.28,18608.8,0,Yes,No,East,No,0,0.134,Low
CUST8315,Female,68,35,Month-to-month,DSL,Electronic Check,1647.62,55028.06,3,No,No,South,No,0,0.724,High
CUST8316,Male,35,63,Month-to-month,No Internet,Electronic Check,855.29,55649.46,3,Yes,No,Central,Yes,1,0.705,High
CUST8317,Female,24,12,Two year,Fiber,Electronic Check,1109.33,12056.74,2,No,No,South,Yes,1,0.366,Medium
CUST8318,Female,34,65,Two year,DSL,Credit Card,1345.51,80966.67,3,Yes,Yes,West,No,0,0.157,Low
CUST8319,Female,29,61,Month-to-month,DSL,Bank Transfer,2713.87,173049.7,1,Yes,Yes,East,No,0,0.405,Medium
CUST8320,Male,18,41,Month-to-month,No Internet,UPI Autopay,652.45,27620.85,1,No,No,East,Yes,1,0.514,Medium
CUST8321,Female,69,16,Two year,No Internet,Bank Transfer,2279.3,37844.7,3,No,Yes,West,No,0,0.354,Medium
CUST8322,Male,63,18,One year,Fiber,Bank Transfer,1361.2,22591.4,2,No,No,South,No,0,0.307,Low
CUST8323,Female,51,57,Two year,Fiber,Credit Card,743.97,41178.05,5,No,No,South,No,0,0.268,Low
CUST8324,Male,35,29,Month-to-month,Fiber,Electronic Check,1520.79,43470.74,1,Yes,No,Central,Yes,1,0.741,High
CUST8325,Female,34,56,Month-to-month,DSL,Credit Card,1144.5,58696.08,0,No,No,North,No,0,0.361,Medium
CUST8326,Male,18,64,Two year,Fiber,Bank Transfer,2790.57,179916.65,1,No,No,West,No,0,0.143,Low
CUST8327,Male,58,47,Month-to-month,No Internet,Electronic Check,2550.47,112831.59,1,No,No,South,No,0,0.67,High
CUST8328,Female,37,32,Month-to-month,DSL,Electronic Check,798.01,24056.64,3,No,No,Central,Yes,1,0.721,High
CUST8329,Male,63,70,Two year,No Internet,UPI Autopay,2488.2,168140.76,4,No,No,Central,No,0,0.226,Low
CUST8330,Male,26,62,Month-to-month,Fiber,Electronic Check,951.11,58967.96,1,Yes,No,East,No,0,0.589,Medium
CUST8331,Male,34,62,One year,DSL,Credit Card,2755.12,157821.81,2,Yes,No,North,No,0,0.151,Low
CUST8332,Male,32,36,Month-to-month,Fiber,Bank Transfer,3473.83,123939.35,1,No,No,South,No,0,0.628,Medium
CUST8333,Female,18,29,Two year,DSL,UPI Autopay,858.01,24763.47,3,Yes,No,West,No,0,0.234,Low
CUST8334,Female,54,15,Month-to-month,DSL,Electronic Check,2880.3,41114.98,0,No,Yes,Central,No,0,0.705,High
CUST8335,Female,34,43,Two year,Fiber,UPI Autopay,649.11,28613.41,3,No,Yes,East,No,0,0.201,Low
CUST8336,Male,55,25,Month-to-month,DSL,Bank Transfer,969.34,23329.69,1,Yes,No,Central,No,0,0.592,Medium
CUST8337,Female,33,58,One year,Fiber,Bank Transfer,1492.28,85350.1,0,No,No,North,No,0,0.121,Low
CUST8338,Male,29,14,Two year,No Internet,Bank Transfer,2027.03,28282.15,2,No,No,North,No,0,0.281,Low
CUST8339,Female,49,12,Month-to-month,No Internet,Bank Transfer,3091.24,36620.0,0,No,No,South,No,0,0.671,High
CUST8340,Female,28,3,Month-to-month,DSL,Electronic Check,1780.82,4859.85,0,Yes,No,West,Yes,1,0.726,High
CUST8341,Female,69,14,Month-to-month,DSL,Bank Transfer,2697.27,38253.93,0,No,No,West,No,0,0.621,Medium
CUST8342,Male,42,3,One year,Fiber,Credit Card,989.61,2864.93,2,No,No,East,No,0,0.319,Low
CUST8343,Female,19,23,Two year,Fiber,Electronic Check,2903.96,66083.75,1,Yes,No,Central,No,0,0.375,Medium
CUST8344,Male,41,15,One year,Fiber,Credit Card,2062.31,28707.5,1,Yes,No,West,No,0,0.323,Low
CUST8345,Male,63,33,Month-to-month,DSL,Bank Transfer,1108.05,35217.47,3,No,No,North,Yes,1,0.609,Medium
CUST8346,Female,67,44,One year,Fiber,Electronic Check,2388.92,107685.11,0,Yes,Yes,Central,No,0,0.265,Low
CUST8347,Female,45,6,Month-to-month,DSL,UPI Autopay,873.58,4747.67,2,Yes,No,West,Yes,1,0.68,High
CUST8348,Female,55,67,Month-to-month,DSL,Bank Transfer,1590.69,108464.58,0,No,No,West,Yes,1,0.369,Medium
CUST8349,Male,31,52,Month-to-month,Fiber,Credit Card,3476.3,174058.51,1,Yes,No,North,Yes,1,0.552,Medium
CUST8350,Male,42,12,Month-to-month,DSL,Electronic Check,891.21,10655.85,4,No,No,West,Yes,1,0.814,High
CUST8351,Male,41,45,Month-to-month,Fiber,UPI Autopay,2728.84,122860.75,3,Yes,No,Central,Yes,1,0.704,High
CUST8352,Male,50,54,Two year,Fiber,Credit Card,2260.09,121583.06,0,No,No,South,No,0,0.136,Low
CUST8353,Female,46,69,Month-to-month,DSL,UPI Autopay,1169.95,75239.73,0,Yes,Yes,South,No,0,0.346,Medium
CUST8354,Female,38,66,Month-to-month,Fiber,Credit Card,3218.74,203989.99,1,No,Yes,East,No,0,0.445,Medium
CUST8355,Female,54,5,Two year,Fiber,Electronic Check,2841.01,13323.97,1,No,No,South,No,0,0.429,Medium
CUST8356,Male,45,26,One year,DSL,UPI Autopay,3262.64,86833.62,1,Yes,No,Central,No,0,0.261,Low
CUST8357,Male,54,66,Month-to-month,Fiber,Bank Transfer,812.16,49875.28,3,No,No,North,No,0,0.555,Medium
CUST8358,Female,37,4,Month-to-month,No Internet,Bank Transfer,3332.77,12508.67,3,No,No,North,Yes,1,0.805,High
CUST8359,Male,66,52,Month-to-month,Fiber,Bank Transfer,3055.29,143418.42,1,Yes,No,North,No,0,0.568,Medium
CUST8360,Male,35,23,Month-to-month,DSL,Electronic Check,3231.8,76464.71,2,No,No,West,No,0,0.771,High
CUST8361,Male,51,1,Month-to-month,No Internet,Credit Card,1130.43,1116.92,5,No,No,North,Yes,1,0.821,High
CUST8362,Female,53,4,Month-to-month,Fiber,UPI Autopay,1571.29,6532.02,2,No,No,South,Yes,1,0.736,High
CUST8363,Female,50,27,One year,DSL,UPI Autopay,3321.77,86218.23,3,No,Yes,East,No,0,0.279,Low
CUST8364,Male,65,19,One year,Fiber,Bank Transfer,1307.94,22781.07,1,Yes,No,Central,No,0,0.296,Low
CUST8365,Male,65,40,Month-to-month,DSL,UPI Autopay,1288.26,51533.47,2,Yes,Yes,North,No,0,0.544,Medium
CUST8366,Female,32,9,Month-to-month,Fiber,Electronic Check,1734.56,15698.45,2,Yes,No,North,Yes,1,0.8,High
CUST8367,Male,24,39,One year,DSL,Bank Transfer,3315.08,124005.35,4,No,Yes,West,No,0,0.298,Low
CUST8368,Female,29,27,Month-to-month,Fiber,Electronic Check,2112.76,55499.21,2,Yes,No,South,No,0,0.772,High
CUST8369,Female,45,27,Month-to-month,No Internet,Credit Card,2983.75,82625.39,2,Yes,Yes,Central,No,0,0.712,High
CUST8370,Male,33,5,Month-to-month,Fiber,Credit Card,3350.61,16198.09,0,No,No,Central,No,0,0.736,High
CUST8371,Female,31,37,Month-to-month,No Internet,Bank Transfer,629.13,22818.11,3,No,No,East,Yes,1,0.623,Medium
CUST8372,Female,69,58,One year,DSL,Bank Transfer,3044.37,173684.47,1,No,No,Central,No,0,0.148,Low
CUST8373,Female,53,22,Two year,DSL,Electronic Check,774.7,16006.76,1,No,No,North,No,0,0.226,Low
CUST8374,Female,49,63,Month-to-month,Fiber,Bank Transfer,2536.16,156021.92,2,Yes,Yes,North,Yes,1,0.521,Medium
CUST8375,Female,58,27,Month-to-month,DSL,Credit Card,1645.25,43005.59,4,Yes,No,South,No,0,0.712,High
CUST8376,Female,40,17,One year,DSL,Bank Transfer,2817.08,43615.25,1,Yes,Yes,South,No,0,0.248,Low
CUST8377,Male,58,17,One year,DSL,Credit Card,2952.32,51450.87,1,Yes,No,South,No,0,0.275,Low
CUST8378,Male,49,56,Month-to-month,Fiber,Credit Card,2449.79,125299.29,2,No,Yes,East,Yes,1,0.553,Medium
CUST8379,Male,54,19,Month-to-month,DSL,UPI Autopay,2100.31,39596.54,2,No,No,East,Yes,1,0.643,Medium
CUST8380,Male,61,9,Month-to-month,DSL,Bank Transfer,1602.27,13225.0,0,No,No,South,Yes,1,0.586,Medium
CUST8381,Male,41,43,Month-to-month,DSL,Credit Card,2044.86,83227.03,3,Yes,No,West,Yes,1,0.642,Medium
CUST8382,Female,34,5,Month-to-month,DSL,Credit Card,813.29,3711.37,2,Yes,No,West,Yes,1,0.677,High
CUST8383,Female,24,56,Month-to-month,Fiber,Bank Transfer,1618.5,90139.35,3,Yes,No,West,No,0,0.63,Medium
CUST8384,Male,48,15,Two year,DSL,Credit Card,1030.23,15812.73,2,No,No,South,No,0,0.225,Low
CUST8385,Male,32,8,Month-to-month,Fiber,Electronic Check,3163.13,26214.2,2,No,No,East,No,0,0.836,High
CUST8386,Male,42,50,Two year,Fiber,Electronic Check,1483.52,76052.83,3,No,Yes,Central,No,0,0.315,Low
CUST8387,Female,31,8,Month-to-month,No Internet,UPI Autopay,568.08,4610.47,2,No,No,North,Yes,1,0.656,Medium
CUST8388,Female,52,38,Month-to-month,No Internet,Electronic Check,2801.1,107498.78,0,No,Yes,East,No,0,0.624,Medium
CUST8389,Female,55,34,Two year,Fiber,Electronic Check,2683.17,90500.09,1,No,No,North,No,0,0.284,Low
CUST8390,Male,23,26,One year,No Internet,Bank Transfer,1898.5,45499.44,0,Yes,No,Central,No,0,0.232,Low
CUST8391,Male,41,53,Month-to-month,Fiber,UPI Autopay,1505.97,74768.66,3,Yes,Yes,Central,No,0,0.646,Medium
CUST8392,Male,38,55,One year,DSL,Credit Card,1875.31,99315.58,2,Yes,Yes,East,No,0,0.156,Low
CUST8393,Male,48,41,Month-to-month,DSL,Credit Card,3161.5,123157.21,2,No,Yes,North,Yes,1,0.558,Medium
CUST8394,Female,56,30,Month-to-month,DSL,Bank Transfer,1312.53,41302.14,1,Yes,Yes,North,No,0,0.518,Medium
CUST8395,Male,45,63,One year,DSL,Bank Transfer,1754.15,112166.32,4,Yes,No,North,No,0,0.2,Low
CUST8396,Male,37,2,Two year,DSL,UPI Autopay,2397.2,4521.94,3,No,No,West,No,0,0.37,Medium
CUST8397,Female,58,68,Two year,DSL,Electronic Check,1249.0,88127.1,5,Yes,No,West,No,0,0.309,Low
CUST8398,Female,53,46,Month-to-month,No Internet,Electronic Check,2324.31,100491.91,3,Yes,No,Central,No,0,0.774,High
CUST8399,Male,41,4,One year,No Internet,UPI Autopay,1217.4,4969.64,1,No,No,South,Yes,1,0.287,Low
CUST8400,Female,64,18,Two year,No Internet,UPI Autopay,2619.11,42629.32,1,Yes,No,North,No,0,0.267,Low
CUST8401,Female,27,14,Month-to-month,Fiber,Bank Transfer,2896.22,40276.58,3,Yes,No,North,No,0,0.775,High
CUST8402,Male,18,29,Month-to-month,DSL,Bank Transfer,1950.03,57062.73,2,Yes,No,East,Yes,1,0.603,Medium
CUST8403,Female,42,26,Month-to-month,Fiber,Bank Transfer,322.38,7722.17,1,No,No,Central,No,0,0.599,Medium
CUST8404,Female,20,9,Two year,No Internet,Bank Transfer,1639.71,15285.04,0,No,No,North,No,0,0.201,Low
CUST8405,Male,66,23,One year,DSL,Credit Card,2358.25,55780.85,4,Yes,No,North,No,0,0.348,Medium
CUST8406,Female,31,3,One year,Fiber,Credit Card,1021.15,3063.82,4,Yes,No,West,No,0,0.452,Medium
CUST8407,Female,62,51,Month-to-month,No Internet,Bank Transfer,3202.86,149318.72,4,Yes,Yes,North,No,0,0.682,High
CUST8408,Male,50,8,One year,DSL,Electronic Check,3497.22,26783.65,0,No,No,East,No,0,0.353,Medium
CUST8409,Female,18,62,Month-to-month,Fiber,Bank Transfer,1068.06,62253.16,1,Yes,No,Central,No,0,0.506,Medium
CUST8410,Female,28,1,One year,DSL,UPI Autopay,842.64,858.42,4,No,Yes,Central,No,0,0.354,Medium
CUST8411,Male,29,63,One year,Fiber,Electronic Check,1710.99,106536.24,1,No,Yes,North,No,0,0.191,Low
CUST8412,Female,54,35,Month-to-month,Fiber,Credit Card,1070.5,39082.92,1,No,Yes,North,No,0,0.539,Medium
CUST8413,Female,27,39,Month-to-month,DSL,Credit Card,2110.91,81503.97,2,Yes,No,North,No,0,0.555,Medium
CUST8414,Female,31,38,Month-to-month,Fiber,UPI Autopay,3282.78,126318.62,1,No,No,East,No,0,0.589,Medium
CUST8415,Female,58,41,Month-to-month,DSL,Bank Transfer,1840.61,72886.6,2,No,No,South,No,0,0.556,Medium
CUST8416,Male,62,57,Month-to-month,Fiber,Credit Card,3428.0,180513.07,3,No,No,North,No,0,0.624,Medium
CUST8417,Male,37,26,One year,DSL,UPI Autopay,2380.34,60662.85,2,No,No,South,No,0,0.245,Low
CUST8418,Female,49,3,One year,Fiber,Bank Transfer,3422.54,9929.81,1,Yes,No,Central,Yes,1,0.423,Medium
CUST8419,Female,19,38,One year,DSL,Bank Transfer,1857.24,70051.26,1,Yes,No,Central,No,0,0.184,Low
CUST8420,Female,68,34,Two year,DSL,Electronic Check,1580.21,53983.68,1,Yes,No,West,No,0,0.26,Low
CUST8421,Male,21,15,Two year,No Internet,UPI Autopay,2591.4,39000.76,4,No,No,West,No,0,0.42,Medium
CUST8422,Female,62,22,Two year,DSL,Credit Card,3258.35,71088.0,0,Yes,No,North,No,0,0.191,Low
CUST8423,Female,64,66,One year,No Internet,Credit Card,2944.55,175849.27,0,Yes,Yes,West,Yes,1,0.139,Low
CUST8424,Male,39,45,One year,DSL,Credit Card,1293.16,53436.02,0,Yes,No,Central,No,0,0.146,Low
CUST8425,Female,57,50,One year,Fiber,UPI Autopay,2960.0,146428.91,2,Yes,No,North,Yes,1,0.223,Low
CUST8426,Male,35,70,Month-to-month,Fiber,UPI Autopay,515.48,35424.54,1,Yes,No,North,No,0,0.449,Medium
CUST8427,Female,47,13,Month-to-month,Fiber,Credit Card,414.38,5467.41,2,Yes,Yes,Central,No,0,0.691,High
CUST8428,Male,37,10,Month-to-month,Fiber,Bank Transfer,654.48,6870.38,1,Yes,No,Central,Yes,1,0.682,High
CUST8429,Male,30,27,One year,Fiber,Credit Card,347.19,9498.92,2,No,No,North,Yes,1,0.228,Low
CUST8430,Male,35,28,One year,Fiber,Bank Transfer,1803.32,49437.0,3,No,No,South,No,0,0.317,Low
CUST8431,Male,68,33,Month-to-month,Fiber,Electronic Check,2561.94,83378.64,3,No,No,East,Yes,1,0.793,High
CUST8432,Male,66,47,Month-to-month,DSL,Bank Transfer,921.48,41641.43,2,Yes,Yes,South,No,0,0.533,Medium
CUST8433,Female,64,41,Month-to-month,No Internet,Credit Card,2576.41,95381.33,3,No,No,North,No,0,0.664,High
CUST8434,Female,51,33,Two year,Fiber,Electronic Check,2370.21,77536.99,1,Yes,No,South,No,0,0.312,Low
CUST8435,Male,58,24,Month-to-month,Fiber,Bank Transfer,1953.28,48723.03,2,Yes,No,East,Yes,1,0.698,High
CUST8436,Male,24,21,Month-to-month,Fiber,Electronic Check,1966.32,38754.62,2,Yes,No,Central,No,0,0.806,High
CUST8437,Female,34,16,Month-to-month,Fiber,Credit Card,1204.23,18198.98,3,No,No,East,No,0,0.711,High
CUST8438,Female,57,1,Month-to-month,DSL,Credit Card,2924.05,3015.77,3,Yes,No,East,No,0,0.786,High
CUST8439,Female,60,64,Month-to-month,No Internet,Electronic Check,1554.92,101580.47,4,No,No,Central,No,0,0.732,High
CUST8440,Female,53,3,Month-to-month,Fiber,Credit Card,387.18,1156.24,2,Yes,No,East,No,0,0.701,High
CUST8441,Female,65,55,Month-to-month,No Internet,Electronic Check,1963.51,106763.6,0,No,No,South,No,0,0.572,Medium
CUST8442,Male,61,42,Month-to-month,Fiber,Bank Transfer,2987.97,119442.31,2,No,Yes,North,No,0,0.62,Medium
CUST8443,Male,39,39,One year,DSL,Bank Transfer,736.56,27379.91,1,No,No,South,No,0,0.154,Low
CUST8444,Male,42,26,One year,Fiber,Bank Transfer,2638.42,70019.32,4,No,Yes,East,No,0,0.369,Medium
CUST8445,Female,55,25,Month-to-month,DSL,Electronic Check,480.37,12524.64,1,No,Yes,South,No,0,0.618,Medium
CUST8446,Male,29,29,One year,DSL,UPI Autopay,2167.74,57396.41,2,Yes,No,North,No,0,0.23,Low
CUST8447,Female,49,60,Month-to-month,DSL,Electronic Check,734.92,42282.29,4,No,No,West,Yes,1,0.686,High
CUST8448,Female,66,3,Two year,No Internet,Electronic Check,1325.61,3603.71,0,No,Yes,North,Yes,1,0.294,Low
CUST8449,Female,40,34,Month-to-month,DSL,Credit Card,1033.44,32671.24,0,No,Yes,West,No,0,0.461,Medium
CUST8450,Female,49,51,Month-to-month,Fiber,Bank Transfer,1357.05,62731.45,1,No,No,Central,Yes,1,0.546,Medium
CUST8451,Female,69,21,Month-to-month,Fiber,Bank Transfer,2388.93,48150.35,4,No,No,North,No,0,0.775,High
CUST8452,Female,48,71,Two year,DSL,UPI Autopay,2485.46,178839.1,1,No,No,West,No,0,0.102,Low
CUST8453,Female,32,47,Month-to-month,Fiber,UPI Autopay,1139.97,53242.8,4,Yes,No,Central,No,0,0.703,High
CUST8454,Male,56,12,Month-to-month,Fiber,Bank Transfer,1415.03,15602.93,0,No,No,North,No,0,0.61,Medium
CUST8455,Male,54,63,Two year,Fiber,Credit Card,776.22,45064.25,3,Yes,Yes,South,No,0,0.196,Low
CUST8456,Female,42,20,Month-to-month,Fiber,Bank Transfer,1852.73,34426.52,1,No,No,Central,No,0,0.667,High
CUST8457,Female,63,50,Two year,Fiber,Credit Card,662.38,31170.8,2,No,No,West,No,0,0.196,Low
CUST8458,Male,56,70,One year,No Internet,Credit Card,772.49,50537.28,2,Yes,No,North,No,0,0.162,Low
CUST8459,Male,24,9,Two year,DSL,Bank Transfer,2319.19,21836.39,5,No,No,North,No,0,0.389,Medium
CUST8460,Female,54,61,Month-to-month,Fiber,Bank Transfer,2510.9,159675.47,2,No,No,East,No,0,0.526,Medium
CUST8461,Female,37,63,Month-to-month,DSL,Electronic Check,623.81,36791.31,0,No,No,West,Yes,1,0.479,Medium
CUST8462,Female,18,21,Month-to-month,DSL,Credit Card,3041.62,63932.51,0,No,No,North,No,0,0.539,Medium
CUST8463,Female,53,56,Two year,DSL,Electronic Check,1124.24,64806.67,2,No,Yes,North,No,0,0.176,Low
CUST8464,Male,56,31,Month-to-month,Fiber,UPI Autopay,710.24,22867.56,3,No,No,West,No,0,0.698,High
CUST8465,Female,29,52,One year,Fiber,UPI Autopay,3298.52,171603.67,1,No,No,North,No,0,0.168,Low
CUST8466,Female,18,39,Month-to-month,Fiber,Bank Transfer,1164.49,46891.4,2,Yes,No,South,No,0,0.613,Medium
CUST8467,Female,34,52,Month-to-month,DSL,UPI Autopay,2091.33,103227.38,1,No,No,South,No,0,0.455,Medium
CUST8468,Female,27,71,Month-to-month,DSL,Bank Transfer,3099.09,203307.18,6,Yes,No,North,Yes,1,0.63,Medium
CUST8469,Female,21,64,Month-to-month,DSL,UPI Autopay,1367.64,91396.4,4,Yes,No,Central,No,0,0.58,Medium
CUST8470,Male,63,50,Two year,Fiber,Electronic Check,3499.42,159268.79,2,Yes,No,East,No,0,0.316,Low
CUST8471,Male,42,68,Month-to-month,Fiber,Bank Transfer,1255.75,85142.7,1,No,No,North,No,0,0.442,Medium
CUST8472,Female,42,37,Month-to-month,Fiber,UPI Autopay,1485.89,55179.97,3,Yes,No,South,No,0,0.682,High
CUST8473,Male,69,26,Month-to-month,DSL,Credit Card,1651.83,44788.3,2,No,No,East,No,0,0.608,Medium
CUST8474,Female,65,8,Month-to-month,Fiber,Electronic Check,339.48,2726.67,1,No,No,West,Yes,1,0.751,High
CUST8475,Female,24,37,Two year,Fiber,UPI Autopay,2451.8,88783.42,3,Yes,Yes,North,No,0,0.254,Low
CUST8476,Male,37,44,Two year,Fiber,Credit Card,799.43,35275.83,1,Yes,Yes,South,No,0,0.168,Low
CUST8477,Female,18,11,One year,Fiber,Credit Card,3365.91,34464.32,2,No,No,Central,Yes,1,0.399,Medium
CUST8478,Female,42,49,Month-to-month,Fiber,Bank Transfer,2861.57,143489.04,3,Yes,No,Central,Yes,1,0.68,High
CUST8479,Female,41,70,Month-to-month,DSL,Credit Card,559.54,35798.64,1,No,No,North,No,0,0.361,Medium
CUST8480,Female,25,64,One year,Fiber,Electronic Check,2696.96,169756.66,2,No,No,East,No,0,0.233,Low
CUST8481,Male,66,46,One year,DSL,Credit Card,3390.99,145807.02,2,Yes,No,North,No,0,0.21,Low
CUST8482,Male,30,48,Month-to-month,Fiber,Bank Transfer,2500.5,119592.45,1,No,Yes,North,Yes,1,0.517,Medium
CUST8483,Female,22,49,One year,DSL,Bank Transfer,2891.27,130544.02,3,No,No,South,No,0,0.208,Low
CUST8484,Male,27,12,Two year,DSL,Bank Transfer,1867.11,21342.89,2,No,No,Central,No,0,0.269,Low
CUST8485,Male,58,43,Month-to-month,Fiber,UPI Autopay,730.92,29700.64,1,No,No,West,Yes,1,0.571,Medium
CUST8486,Female,63,18,Month-to-month,No Internet,Electronic Check,1271.56,21559.46,1,No,No,East,Yes,1,0.72,High
CUST8487,Female,26,25,Month-to-month,No Internet,Credit Card,689.05,17634.53,2,No,No,East,Yes,1,0.612,Medium
CUST8488,Male,33,44,Month-to-month,No Internet,Bank Transfer,2645.0,120268.0,1,No,Yes,South,Yes,1,0.548,Medium
CUST8489,Male,47,70,Two year,Fiber,UPI Autopay,846.47,59075.29,1,Yes,Yes,West,No,0,0.136,Low
CUST8490,Female,59,36,Two year,DSL,Electronic Check,969.56,32875.26,3,Yes,No,North,No,0,0.287,Low
CUST8491,Female,59,2,Two year,No Internet,UPI Autopay,1405.56,2545.59,0,No,No,Central,No,0,0.255,Low
CUST8492,Male,37,31,Two year,Fiber,Bank Transfer,1636.93,52711.78,2,Yes,Yes,South,No,0,0.244,Low
CUST8493,Female,30,53,Two year,DSL,UPI Autopay,1048.93,51362.31,4,No,Yes,West,No,0,0.196,Low
CUST8494,Female,36,4,Month-to-month,Fiber,Electronic Check,1522.83,5989.52,1,No,Yes,West,Yes,1,0.778,High
CUST8495,Female,22,14,Month-to-month,Fiber,Electronic Check,3258.1,42761.56,2,No,Yes,Central,Yes,1,0.827,High
CUST8496,Male,49,51,Month-to-month,No Internet,Credit Card,1134.71,58587.71,0,No,No,East,Yes,1,0.454,Medium
CUST8497,Male,29,71,Month-to-month,Fiber,Electronic Check,616.09,43728.39,3,Yes,No,West,No,0,0.685,High
CUST8498,Female,68,46,Two year,Fiber,Credit Card,1459.83,69845.47,5,Yes,Yes,West,Yes,1,0.337,Medium
CUST8499,Male,37,12,Two year,DSL,Credit Card,1760.69,20333.75,3,Yes,No,East,No,0,0.296,Low
CUST8500,Female,42,70,Month-to-month,Fiber,Electronic Check,3248.04,208333.64,5,Yes,No,West,Yes,1,0.779,High
CUST8501,Male,46,25,Month-to-month,DSL,Electronic Check,1435.41,32505.22,3,Yes,No,South,No,0,0.764,High
CUST8502,Male,67,1,Month-to-month,DSL,Electronic Check,1140.59,1080.38,2,No,Yes,Central,Yes,1,0.78,High
CUST8503,Female,67,38,Month-to-month,Fiber,Electronic Check,1080.48,42876.89,1,No,No,North,No,0,0.654,Medium
CUST8504,Male,67,53,Month-to-month,Fiber,UPI Autopay,2525.8,126981.31,0,No,No,South,No,0,0.5,Medium
CUST8505,Female,46,47,One year,Fiber,UPI Autopay,2311.23,106220.32,4,No,No,Central,Yes,1,0.318,Low
CUST8506,Male,52,11,One year,DSL,Electronic Check,810.29,8422.05,1,Yes,No,North,No,0,0.299,Low
CUST8507,Male,38,59,Two year,Fiber,Credit Card,3168.58,179324.3,1,No,No,North,No,0,0.144,Low
CUST8508,Female,48,48,One year,No Internet,Bank Transfer,1585.27,74261.27,0,No,Yes,West,No,0,0.151,Low
CUST8509,Male,34,45,Two year,No Internet,Credit Card,925.39,38905.49,2,No,No,East,No,0,0.182,Low
CUST8510,Female,49,58,Month-to-month,Fiber,Electronic Check,1215.69,65099.54,1,Yes,No,Central,Yes,1,0.643,Medium
CUST8511,Female,69,18,Two year,Fiber,Credit Card,469.05,7806.07,2,Yes,No,North,No,0,0.252,Low
CUST8512,Male,33,32,Month-to-month,Fiber,UPI Autopay,3465.3,103770.33,1,No,No,West,No,0,0.669,High
CUST8513,Male,24,24,Two year,No Internet,Bank Transfer,1814.73,42187.16,4,No,No,North,No,0,0.323,Low
CUST8514,Male,30,68,One year,Fiber,Electronic Check,1478.19,100335.65,0,Yes,No,Central,No,0,0.194,Low
CUST8515,Female,65,21,Month-to-month,Fiber,Credit Card,888.31,16910.66,2,No,No,East,Yes,1,0.655,Medium
CUST8516,Male,69,22,Month-to-month,Fiber,Electronic Check,2534.25,57157.5,1,No,No,South,No,0,0.766,High
CUST8517,Male,21,58,One year,DSL,Credit Card,628.01,34054.88,1,No,No,South,Yes,1,0.12,Low
CUST8518,Male,48,13,Two year,Fiber,Electronic Check,971.89,12679.98,2,No,No,South,No,0,0.376,Medium
CUST8519,Female,44,41,Month-to-month,Fiber,Bank Transfer,3490.29,141445.2,2,No,No,North,Yes,1,0.629,Medium
CUST8520,Female,49,7,Month-to-month,Fiber,Credit Card,2304.99,16275.93,1,No,No,East,Yes,1,0.7,High
CUST8521,Male,51,55,Two year,No Internet,Bank Transfer,3241.02,177276.66,3,No,No,East,No,0,0.214,Low
CUST8522,Male,45,38,Two year,No Internet,UPI Autopay,378.82,14793.71,4,Yes,No,North,No,0,0.27,Low
CUST8523,Male,64,42,Month-to-month,DSL,Credit Card,2471.23,105017.8,2,No,Yes,North,Yes,1,0.541,Medium
CUST8524,Female,66,30,Month-to-month,Fiber,Bank Transfer,2590.12,70039.78,5,Yes,No,South,Yes,1,0.813,High
CUST8525,Female,51,5,Month-to-month,Fiber,Credit Card,2419.4,11478.1,0,No,No,North,Yes,1,0.665,High
CUST8526,Male,19,47,One year,No Internet,Bank Transfer,3363.25,155375.5,2,No,No,East,No,0,0.219,Low
CUST8527,Female,41,19,One year,DSL,Electronic Check,2844.21,56332.43,2,No,No,South,No,0,0.37,Medium
CUST8528,Female,33,26,Month-to-month,DSL,UPI Autopay,1724.03,45091.06,1,No,No,East,No,0,0.536,Medium
CUST8529,Female,65,45,Two year,No Internet,UPI Autopay,2113.11,91693.4,5,No,Yes,North,No,0,0.294,Low
CUST8530,Female,56,39,Two year,DSL,UPI Autopay,807.35,31069.22,3,Yes,No,West,No,0,0.221,Low
CUST8531,Male,45,7,Two year,DSL,Bank Transfer,476.07,3447.54,2,Yes,No,Central,No,0,0.259,Low
CUST8532,Male,26,35,One year,Fiber,Electronic Check,2429.16,80174.02,2,No,No,West,No,0,0.378,Medium
CUST8533,Female,18,65,Month-to-month,DSL,UPI Autopay,3418.01,227024.67,2,No,No,South,No,0,0.445,Medium
CUST8534,Female,56,5,Month-to-month,DSL,Credit Card,1189.76,5499.05,3,Yes,Yes,West,Yes,1,0.729,High
CUST8535,Male,28,37,Month-to-month,Fiber,UPI Autopay,2573.35,97708.72,2,Yes,Yes,North,No,0,0.632,Medium
CUST8536,Male,39,65,Month-to-month,DSL,Credit Card,1507.76,94656.93,0,No,No,West,Yes,1,0.381,Medium
CUST8537,Female,52,4,Two year,DSL,Bank Transfer,1576.77,6130.05,0,Yes,Yes,Central,No,0,0.214,Low
CUST8538,Female,25,56,Month-to-month,No Internet,Electronic Check,2533.3,132033.6,3,No,No,East,No,0,0.689,High
CUST8539,Female,22,18,One year,Fiber,Bank Transfer,2413.14,43777.11,1,Yes,No,East,No,0,0.277,Low
CUST8540,Male,43,71,Two year,DSL,Credit Card,1363.19,96776.56,3,Yes,No,East,No,0,0.141,Low
CUST8541,Male,31,71,One year,Fiber,Bank Transfer,1947.47,126946.58,1,No,No,South,No,0,0.137,Low
CUST8542,Male,53,24,Month-to-month,No Internet,Credit Card,1746.81,40891.64,0,No,No,East,No,0,0.574,Medium
CUST8543,Male,30,24,Month-to-month,DSL,Electronic Check,3217.64,76705.89,2,Yes,No,South,Yes,1,0.766,High
CUST8544,Female,33,8,Month-to-month,DSL,Credit Card,460.11,3826.39,2,No,No,West,Yes,1,0.636,Medium
CUST8545,Female,53,55,Month-to-month,DSL,Bank Transfer,1872.41,107482.6,2,Yes,No,East,No,0,0.499,Medium
CUST8546,Male,48,4,One year,DSL,UPI Autopay,705.32,2625.2,2,No,No,North,No,0,0.249,Low
CUST8547,Male,55,22,One year,Fiber,Credit Card,654.49,14659.11,2,Yes,Yes,North,No,0,0.259,Low
CUST8548,Female,38,5,Month-to-month,DSL,Bank Transfer,3297.54,16878.22,2,Yes,No,South,No,0,0.752,High
CUST8549,Male,39,71,Month-to-month,DSL,UPI Autopay,2545.09,184487.1,2,No,Yes,East,No,0,0.405,Medium
CUST8550,Male,43,61,Two year,Fiber,UPI Autopay,1175.75,67350.1,0,No,No,East,No,0,0.112,Low
CUST8551,Male,30,7,One year,DSL,Bank Transfer,3275.59,21764.32,0,No,No,West,No,0,0.276,Low
CUST8552,Male,57,33,Month-to-month,No Internet,Electronic Check,2945.46,91066.92,3,No,Yes,North,Yes,1,0.78,High
CUST8553,Female,44,40,Month-to-month,No Internet,UPI Autopay,998.97,39945.13,3,No,No,West,Yes,1,0.658,Medium
CUST8554,Female,35,69,Month-to-month,DSL,Credit Card,1078.57,70959.85,0,No,Yes,Central,Yes,1,0.343,Medium
CUST8555,Male,34,66,One year,DSL,Credit Card,2844.0,188595.25,4,Yes,Yes,Central,Yes,1,0.211,Low
CUST8556,Female,18,21,Two year,Fiber,UPI Autopay,2241.85,48685.4,2,No,No,Central,No,0,0.29,Low
CUST8557,Male,34,67,Month-to-month,Fiber,Bank Transfer,1234.38,78312.47,1,No,No,Central,No,0,0.487,Medium
CUST8558,Male,63,66,One year,Fiber,Credit Card,2215.31,131659.71,0,No,No,East,No,0,0.125,Low
CUST8559,Female,36,7,Month-to-month,DSL,Electronic Check,710.54,4507.02,2,Yes,Yes,Central,Yes,1,0.748,High
CUST8560,Female,27,12,One year,No Internet,Credit Card,1628.23,19115.33,3,Yes,No,Central,No,0,0.389,Medium
CUST8561,Male,33,51,Month-to-month,No Internet,Bank Transfer,740.76,37931.9,1,No,No,East,Yes,1,0.491,Medium
CUST8562,Male,41,39,Month-to-month,Fiber,UPI Autopay,2024.35,79565.0,1,Yes,Yes,West,No,0,0.609,Medium
CUST8563,Female,53,64,One year,DSL,Bank Transfer,320.6,20627.27,1,Yes,No,West,No,0,0.13,Low
CUST8564,Female,67,23,Month-to-month,Fiber,UPI Autopay,2927.47,65337.95,1,No,Yes,Central,Yes,1,0.684,High
CUST8565,Female,25,15,Month-to-month,DSL,Bank Transfer,1211.83,18975.38,1,No,No,East,No,0,0.557,Medium
CUST8566,Male,29,28,Month-to-month,Fiber,Credit Card,1088.63,29472.66,2,Yes,No,Central,Yes,1,0.682,High
CUST8567,Male,46,1,Month-to-month,Fiber,Electronic Check,2825.77,2782.14,4,Yes,Yes,Central,Yes,1,0.909,High
CUST8568,Male,38,42,One year,Fiber,Bank Transfer,732.98,27980.62,1,Yes,No,Central,No,0,0.213,Low
CUST8569,Female,61,29,Month-to-month,DSL,Bank Transfer,852.18,25751.73,1,No,No,South,Yes,1,0.525,Medium
CUST8570,Female,20,26,Month-to-month,DSL,UPI Autopay,2311.61,59537.52,2,No,No,North,Yes,1,0.592,Medium
CUST8571,Female,27,37,One year,DSL,Credit Card,2899.52,110494.57,2,Yes,Yes,North,No,0,0.199,Low
CUST8572,Male,48,61,One year,No Internet,UPI Autopay,1488.06,82504.79,2,No,No,East,No,0,0.174,Low
CUST8573,Male,60,68,Month-to-month,DSL,Electronic Check,3212.9,200421.72,2,Yes,No,North,No,0,0.583,Medium
CUST8574,Female,21,32,Month-to-month,Fiber,Electronic Check,2061.89,66579.81,1,Yes,Yes,Central,No,0,0.719,High
CUST8575,Female,31,53,Month-to-month,No Internet,UPI Autopay,367.37,20371.24,2,Yes,No,East,Yes,1,0.537,Medium
CUST8576,Male,36,26,Two year,Fiber,UPI Autopay,2328.18,59722.44,1,No,Yes,West,No,0,0.239,Low
CUST8577,Female,29,18,Month-to-month,DSL,Bank Transfer,1786.45,32536.17,0,No,No,West,No,0,0.553,Medium
CUST8578,Female,61,5,Month-to-month,Fiber,Bank Transfer,1437.27,6589.37,1,Yes,No,East,No,0,0.697,High
CUST8579,Male,18,48,One year,DSL,UPI Autopay,585.45,29330.17,4,No,No,West,No,0,0.232,Low
CUST8580,Male,62,12,Month-to-month,Fiber,Credit Card,2666.2,33234.78,3,Yes,Yes,South,No,0,0.795,High
CUST8581,Male,48,24,Month-to-month,DSL,UPI Autopay,609.34,14128.52,0,Yes,Yes,East,No,0,0.48,Medium
CUST8582,Female,23,58,Month-to-month,Fiber,Bank Transfer,2696.75,142779.97,2,Yes,Yes,East,Yes,1,0.546,Medium
CUST8583,Female,43,41,Month-to-month,Fiber,Bank Transfer,1152.46,43002.01,0,Yes,No,Central,Yes,1,0.544,Medium
CUST8584,Male,43,26,Month-to-month,DSL,Electronic Check,2064.04,53398.04,0,Yes,No,East,Yes,1,0.638,Medium
CUST8585,Male,34,19,Month-to-month,DSL,Bank Transfer,855.47,15614.05,3,No,No,South,Yes,1,0.653,Medium
CUST8586,Male,53,59,Month-to-month,DSL,UPI Autopay,322.22,19515.85,1,Yes,No,South,No,0,0.442,Medium
CUST8587,Male,28,2,Month-to-month,No Internet,Credit Card,1189.88,2412.91,2,Yes,No,West,No,0,0.753,High
CUST8588,Female,36,55,Month-to-month,Fiber,Electronic Check,767.04,41774.3,2,No,No,North,Yes,1,0.629,Medium
CUST8589,Female,30,69,Two year,Fiber,Credit Card,2101.37,148002.85,2,No,No,West,No,0,0.153,Low
CUST8590,Male,47,11,Month-to-month,Fiber,Electronic Check,410.34,4520.77,2,Yes,No,South,Yes,1,0.782,High
CUST8591,Male,46,31,Month-to-month,DSL,Credit Card,2144.84,66514.44,2,No,Yes,West,Yes,1,0.612,Medium
CUST8592,Male,32,67,One year,Fiber,Credit Card,569.53,34617.63,1,No,No,West,No,0,0.149,Low
CUST8593,Male,51,60,Month-to-month,Fiber,Credit Card,3050.82,180764.22,1,No,No,South,No,0,0.514,Medium
CUST8594,Male,48,61,Month-to-month,DSL,Credit Card,1386.08,87620.69,5,No,No,East,No,0,0.608,Medium
CUST8595,Male,51,37,Month-to-month,Fiber,UPI Autopay,2938.45,107952.82,0,No,No,West,Yes,1,0.59,Medium
CUST8596,Male,49,51,Two year,No Internet,Electronic Check,2756.83,128185.08,2,Yes,No,East,No,0,0.288,Low
CUST8597,Female,69,2,Month-to-month,Fiber,Electronic Check,869.6,1723.95,2,No,No,North,Yes,1,0.79,High
CUST8598,Female,50,5,Month-to-month,No Internet,Bank Transfer,690.39,3507.96,0,Yes,No,East,Yes,1,0.609,Medium
CUST8599,Female,51,65,Month-to-month,No Internet,Bank Transfer,989.23,64008.67,2,No,Yes,West,No,0,0.514,Medium
CUST8600,Male,37,59,One year,DSL,Electronic Check,1582.49,93922.14,0,No,No,North,Yes,1,0.144,Low
CUST8601,Female,28,7,Two year,No Internet,Bank Transfer,464.49,2960.84,0,No,No,West,No,0,0.202,Low
CUST8602,Female,52,10,One year,Fiber,UPI Autopay,1941.33,19438.58,6,Yes,No,North,No,0,0.535,Medium
CUST8603,Male,38,12,One year,DSL,Credit Card,2391.91,29312.25,3,No,Yes,North,No,0,0.307,Low
CUST8604,Female,33,23,Month-to-month,Fiber,Electronic Check,1159.05,27240.2,1,Yes,No,North,Yes,1,0.708,High
CUST8605,Male,57,60,Two year,Fiber,Bank Transfer,1253.22,77502.16,2,No,No,East,No,0,0.162,Low
CUST8606,Female,21,12,One year,No Internet,Bank Transfer,457.33,5623.35,2,No,No,East,No,0,0.254,Low
CUST8607,Male,60,68,One year,Fiber,Credit Card,1607.65,103097.14,4,Yes,No,North,No,0,0.239,Low
CUST8608,Male,19,66,Month-to-month,Fiber,Electronic Check,640.15,38504.21,3,Yes,No,South,Yes,1,0.679,High
CUST8609,Male,31,11,Month-to-month,Fiber,Electronic Check,593.25,6220.64,1,No,No,North,Yes,1,0.716,High
CUST8610,Female,69,23,Month-to-month,DSL,UPI Autopay,571.28,11991.85,2,No,No,West,No,0,0.61,Medium
CUST8611,Male,59,48,Month-to-month,Fiber,Bank Transfer,704.34,31769.76,3,Yes,Yes,Central,Yes,1,0.657,Medium
CUST8612,Male,66,45,Month-to-month,Fiber,Electronic Check,2290.47,101046.94,2,No,Yes,West,No,0,0.727,High
CUST8613,Female,50,56,Month-to-month,Fiber,Credit Card,2578.24,144224.63,0,No,No,South,No,0,0.466,Medium
CUST8614,Female,18,47,Month-to-month,DSL,Electronic Check,1558.22,71602.9,1,No,No,East,Yes,1,0.554,Medium
CUST8615,Female,45,8,Month-to-month,DSL,Credit Card,1189.59,9595.92,3,No,No,North,No,0,0.678,High
CUST8616,Male,20,11,One year,DSL,Bank Transfer,2208.83,23275.41,1,No,Yes,Central,No,0,0.252,Low
CUST8617,Male,35,58,One year,DSL,UPI Autopay,3486.85,209932.41,1,No,Yes,West,No,0,0.136,Low
CUST8618,Female,40,17,Two year,DSL,Credit Card,513.49,8265.09,5,Yes,No,North,Yes,1,0.312,Low
CUST8619,Female,69,49,Month-to-month,No Internet,UPI Autopay,1011.99,49787.98,1,No,Yes,North,No,0,0.487,Medium
CUST8620,Female,48,3,Month-to-month,No Internet,UPI Autopay,776.31,2121.38,2,Yes,No,North,Yes,1,0.702,High
CUST8621,Male,58,66,Two year,Fiber,Electronic Check,2610.21,170245.86,3,Yes,No,West,No,0,0.304,Low
CUST8622,Female,41,56,Month-to-month,No Internet,Electronic Check,2910.13,160321.66,2,No,No,West,Yes,1,0.682,High
CUST8623,Female,23,12,Month-to-month,No Internet,Credit Card,2347.96,28941.81,1,Yes,No,Central,No,0,0.713,High
CUST8624,Male,67,57,One year,No Internet,Bank Transfer,2783.07,143393.48,0,Yes,No,Central,No,0,0.174,Low
CUST8625,Male,29,13,Month-to-month,Fiber,Credit Card,3009.7,35678.8,2,No,No,North,No,0,0.74,High
CUST8626,Female,19,39,Month-to-month,Fiber,Credit Card,2360.4,95580.39,0,Yes,Yes,East,No,0,0.513,Medium
CUST8627,Female,53,63,Month-to-month,DSL,UPI Autopay,2623.6,157767.57,4,No,No,North,No,0,0.554,Medium
CUST8628,Female,56,16,Month-to-month,Fiber,UPI Autopay,540.98,8068.43,1,No,No,West,No,0,0.64,Medium
CUST8629,Male,59,5,One year,Fiber,Electronic Check,1830.0,9225.73,1,Yes,Yes,South,No,0,0.429,Medium
CUST8630,Female,24,67,Month-to-month,DSL,Bank Transfer,986.93,65264.98,3,Yes,No,Central,No,0,0.522,Medium
CUST8631,Male,33,45,One year,DSL,UPI Autopay,2417.98,109748.28,1,Yes,Yes,South,No,0,0.161,Low
CUST8632,Male,60,68,Two year,Fiber,Electronic Check,475.14,32032.0,4,No,No,North,Yes,1,0.281,Low
CUST8633,Male,58,7,Month-to-month,Fiber,Credit Card,3028.06,21789.04,3,No,Yes,West,Yes,1,0.819,High
CUST8634,Male,26,32,Month-to-month,DSL,Credit Card,719.65,21573.33,2,No,No,West,Yes,1,0.577,Medium
CUST8635,Female,40,59,Month-to-month,No Internet,Credit Card,1371.02,81627.01,0,No,No,South,No,0,0.427,Medium
CUST8636,Female,40,44,Month-to-month,Fiber,UPI Autopay,860.32,35565.96,3,Yes,No,South,No,0,0.648,Medium
CUST8637,Female,33,21,Month-to-month,Fiber,Electronic Check,1195.27,23729.63,1,No,Yes,Central,Yes,1,0.722,High
CUST8638,Male,30,45,One year,DSL,Credit Card,3021.26,135434.91,1,No,No,North,No,0,0.154,Low
CUST8639,Female,19,39,Month-to-month,No Internet,UPI Autopay,2476.09,90842.89,2,Yes,Yes,North,No,0,0.606,Medium
CUST8640,Male,42,49,One year,No Internet,Electronic Check,312.44,14990.89,4,No,No,East,No,0,0.346,Medium
CUST8641,Male,19,18,Month-to-month,DSL,Electronic Check,956.84,17774.24,0,No,Yes,South,Yes,1,0.602,Medium
CUST8642,Female,22,34,Two year,Fiber,UPI Autopay,2502.27,88971.74,3,No,Yes,South,No,0,0.261,Low
CUST8643,Male,42,18,Month-to-month,Fiber,Bank Transfer,2556.68,45196.28,3,No,No,South,Yes,1,0.765,High
CUST8644,Female,64,57,One year,Fiber,UPI Autopay,479.17,26885.09,1,No,No,South,No,0,0.156,Low
CUST8645,Female,62,5,Month-to-month,Fiber,UPI Autopay,2090.98,10722.42,2,No,No,Central,No,0,0.771,High
CUST8646,Female,55,1,Month-to-month,DSL,Electronic Check,1233.35,1234.1,1,No,Yes,South,Yes,1,0.717,High
CUST8647,Male,34,43,Month-to-month,Fiber,UPI Autopay,2427.55,107862.89,5,Yes,No,South,Yes,1,0.763,High
CUST8648,Female,33,51,Month-to-month,Fiber,Credit Card,1013.82,49425.64,0,No,Yes,South,No,0,0.443,Medium
CUST8649,Female,20,50,One year,Fiber,Bank Transfer,2428.98,124948.19,3,Yes,No,Central,No,0,0.271,Low
CUST8650,Male,51,27,One year,DSL,Bank Transfer,1188.96,29932.58,5,No,No,South,Yes,1,0.341,Medium
CUST8651,Female,59,10,Month-to-month,DSL,UPI Autopay,2964.08,30823.21,1,No,Yes,East,Yes,1,0.644,Medium
CUST8652,Female,35,69,Month-to-month,DSL,Bank Transfer,706.79,45121.9,3,No,No,North,Yes,1,0.459,Medium
CUST8653,Female,66,46,Two year,No Internet,UPI Autopay,2172.37,97128.7,6,Yes,No,Central,Yes,1,0.406,Medium
CUST8654,Male,46,44,Month-to-month,Fiber,Bank Transfer,1554.0,65641.81,0,Yes,No,East,No,0,0.515,Medium
CUST8655,Female,26,6,Month-to-month,Fiber,Bank Transfer,2719.75,15845.07,2,No,No,West,Yes,1,0.775,High
CUST8656,Male,54,33,One year,Fiber,Electronic Check,1313.55,42409.54,3,No,Yes,East,No,0,0.369,Medium
CUST8657,Female,56,64,Month-to-month,DSL,Bank Transfer,2495.68,154705.23,7,No,Yes,South,Yes,1,0.694,High
CUST8658,Male,37,47,Month-to-month,No Internet,Credit Card,2569.0,123046.1,2,Yes,Yes,Central,No,0,0.626,Medium
CUST8659,Male,50,48,Month-to-month,DSL,UPI Autopay,1657.96,81750.76,5,No,No,South,No,0,0.671,High
CUST8660,Female,29,7,Month-to-month,No Internet,Credit Card,303.04,2102.9,2,No,No,East,No,0,0.653,Medium
CUST8661,Male,64,10,Month-to-month,No Internet,UPI Autopay,1234.05,12019.1,0,Yes,No,Central,Yes,1,0.663,High
CUST8662,Female,57,63,Two year,Fiber,UPI Autopay,3014.54,173852.57,1,No,No,Central,No,0,0.157,Low
CUST8663,Female,40,66,Month-to-month,Fiber,Credit Card,3225.76,192571.08,3,Yes,No,Central,Yes,1,0.622,Medium
CUST8664,Male,39,47,One year,DSL,Electronic Check,2117.27,96474.02,4,No,No,East,No,0,0.328,Low
CUST8665,Female,62,5,Month-to-month,No Internet,Electronic Check,2141.06,10817.04,1,No,Yes,North,No,0,0.77,High
CUST8666,Female,66,49,Two year,DSL,UPI Autopay,1405.97,63191.25,3,Yes,No,North,No,0,0.185,Low
CUST8667,Male,69,66,Month-to-month,No Internet,Electronic Check,3293.07,220787.78,1,No,Yes,East,No,0,0.564,Medium
CUST8668,Male,34,62,Month-to-month,DSL,Credit Card,2456.96,143375.57,1,No,Yes,North,No,0,0.396,Medium
CUST8669,Female,54,18,One year,Fiber,Electronic Check,1555.53,28998.72,0,No,No,North,Yes,1,0.291,Low
CUST8670,Female,21,30,Month-to-month,DSL,Credit Card,2479.02,69717.58,3,No,No,Central,No,0,0.67,High
CUST8671,Male,18,39,One year,DSL,Bank Transfer,1690.04,61226.12,1,No,No,East,No,0,0.155,Low
CUST8672,Male,24,4,Month-to-month,DSL,Credit Card,2634.7,10786.15,1,No,No,West,No,0,0.695,High
CUST8673,Male,64,42,One year,DSL,Electronic Check,1831.08,77814.61,5,No,Yes,Central,Yes,1,0.417,Medium
CUST8674,Female,31,58,Month-to-month,Fiber,UPI Autopay,392.76,23730.46,3,No,No,North,No,0,0.554,Medium
CUST8675,Female,45,26,Month-to-month,Fiber,UPI Autopay,1666.72,40283.71,4,Yes,Yes,South,No,0,0.753,High
CUST8676,Male,68,23,Two year,DSL,Electronic Check,1236.03,27806.54,1,No,Yes,East,No,0,0.24,Low
CUST8677,Male,32,3,Month-to-month,Fiber,Credit Card,2775.87,7745.01,3,Yes,No,North,No,0,0.813,High
CUST8678,Male,61,2,One year,DSL,Electronic Check,648.0,1275.57,1,No,Yes,North,Yes,1,0.293,Low
CUST8679,Female,29,41,Month-to-month,Fiber,Bank Transfer,492.8,19674.21,0,Yes,No,South,No,0,0.499,Medium
CUST8680,Female,37,62,One year,DSL,Credit Card,2775.09,161649.9,5,No,No,East,No,0,0.229,Low
CUST8681,Female,32,11,Month-to-month,Fiber,UPI Autopay,3415.87,34913.54,2,No,Yes,North,Yes,1,0.741,High
CUST8682,Male,26,41,Month-to-month,No Internet,Electronic Check,2607.41,99535.57,4,Yes,No,East,No,0,0.8,High
CUST8683,Male,23,65,One year,DSL,Credit Card,2095.7,137539.93,3,No,No,South,No,0,0.161,Low
CUST8684,Female,57,70,One year,Fiber,Electronic Check,2075.04,147074.8,2,No,Yes,East,No,0,0.211,Low
CUST8685,Female,31,35,Month-to-month,Fiber,UPI Autopay,2648.67,97137.97,1,Yes,Yes,West,Yes,1,0.624,Medium
CUST8686,Male,37,32,Month-to-month,Fiber,Electronic Check,1125.9,35612.97,2,No,No,South,No,0,0.731,High
CUST8687,Male,48,41,Month-to-month,Fiber,Credit Card,720.2,28248.84,2,No,No,South,Yes,1,0.602,Medium
CUST8688,Male,34,16,Month-to-month,Fiber,Bank Transfer,958.14,13966.16,2,No,No,Central,Yes,1,0.7,High
CUST8689,Male,60,57,One year,DSL,Bank Transfer,2936.23,167823.14,3,No,No,Central,No,0,0.211,Low
CUST8690,Male,66,69,Month-to-month,DSL,Bank Transfer,2419.63,172025.55,1,No,No,South,Yes,1,0.404,Medium
CUST8691,Female,61,2,Two year,DSL,Credit Card,1872.77,3380.4,1,No,No,North,No,0,0.234,Low
CUST8692,Male,69,2,Month-to-month,DSL,UPI Autopay,781.09,1631.31,1,Yes,Yes,West,No,0,0.649,Medium
CUST8693,Female,69,33,Month-to-month,DSL,Bank Transfer,1622.87,50771.38,0,No,No,East,No,0,0.474,Medium
CUST8694,Female,19,10,One year,No Internet,Credit Card,1266.48,11891.58,3,No,Yes,North,No,0,0.31,Low
CUST8695,Female,54,68,One year,Fiber,Electronic Check,3359.18,235251.31,0,No,No,East,No,0,0.164,Low
CUST8696,Female,58,10,Two year,Fiber,UPI Autopay,461.72,4763.95,2,No,No,West,No,0,0.283,Low
CUST8697,Male,32,26,Month-to-month,Fiber,Bank Transfer,3300.23,85280.27,3,No,No,Central,No,0,0.768,High
CUST8698,Female,56,8,Month-to-month,No Internet,Electronic Check,1622.72,11712.28,2,No,No,North,Yes,1,0.789,High
CUST8699,Male,46,67,Month-to-month,Fiber,Bank Transfer,2253.73,151841.79,4,Yes,No,Central,No,0,0.659,Medium
CUST8700,Female,39,69,Two year,DSL,Credit Card,2853.94,195156.92,2,No,No,West,No,0,0.125,Low
CUST8701,Male,63,64,One year,Fiber,Credit Card,970.07,62220.94,1,No,No,Central,No,0,0.163,Low
CUST8702,Female,62,26,Two year,Fiber,Bank Transfer,725.38,19174.06,3,Yes,No,South,No,0,0.29,Low
CUST8703,Male,48,58,One year,No Internet,UPI Autopay,2989.37,165412.0,4,No,No,North,Yes,1,0.256,Low
CUST8704,Female,28,7,Two year,DSL,Electronic Check,1666.17,12006.18,1,Yes,No,South,Yes,1,0.317,Low
CUST8705,Male,21,31,Month-to-month,Fiber,Electronic Check,2773.71,86147.48,2,No,Yes,Central,Yes,1,0.768,High
CUST8706,Male,54,1,Month-to-month,Fiber,Credit Card,1118.57,1168.2,1,No,No,North,No,0,0.68,High
CUST8707,Male,51,54,One year,Fiber,Bank Transfer,2344.55,124650.12,2,No,No,North,No,0,0.197,Low
CUST8708,Female,45,46,Month-to-month,Fiber,Bank Transfer,2245.36,98440.77,2,No,Yes,North,No,0,0.571,Medium
CUST8709,Male,35,21,One year,Fiber,UPI Autopay,1884.23,39667.21,1,Yes,No,East,No,0,0.264,Low
CUST8710,Female,48,15,Month-to-month,DSL,Credit Card,2554.78,36142.47,2,Yes,Yes,North,No,0,0.664,High
CUST8711,Male,69,55,One year,Fiber,UPI Autopay,3162.2,158372.03,3,No,Yes,Central,No,0,0.268,Low
CUST8712,Female,44,8,Month-to-month,Fiber,Bank Transfer,2139.22,16610.71,1,Yes,No,East,No,0,0.706,High
CUST8713,Female,59,38,One year,Fiber,UPI Autopay,2693.5,95863.42,1,No,Yes,East,No,0,0.207,Low
CUST8714,Female,60,42,One year,Fiber,Credit Card,1441.08,58229.24,2,Yes,No,South,No,0,0.243,Low
CUST8715,Female,40,51,One year,Fiber,UPI Autopay,2261.01,114722.85,2,No,Yes,East,No,0,0.189,Low
CUST8716,Female,33,27,One year,Fiber,Credit Card,1939.43,48473.92,3,No,No,North,No,0,0.3,Low
CUST8717,Male,36,51,Two year,DSL,Bank Transfer,3150.55,157396.18,1,Yes,No,Central,No,0,0.16,Low
CUST8718,Female,52,44,Month-to-month,DSL,Bank Transfer,349.17,15953.87,1,Yes,No,East,No,0,0.466,Medium
CUST8719,Female,59,23,Month-to-month,Fiber,Electronic Check,1466.2,32207.31,3,Yes,No,South,No,0,0.811,High
CUST8720,Female,35,27,Two year,DSL,Bank Transfer,1190.47,31057.99,3,No,Yes,Central,Yes,1,0.229,Low
CUST8721,Male,63,15,Month-to-month,Fiber,Electronic Check,705.32,9800.88,2,Yes,No,North,Yes,1,0.773,High
CUST8722,Female,48,34,Month-to-month,Fiber,Bank Transfer,2962.77,94402.97,3,No,No,East,No,0,0.703,High
CUST8723,Male,68,62,Two year,Fiber,Bank Transfer,1085.48,70133.6,3,Yes,Yes,East,No,0,0.192,Low
CUST8724,Female,62,19,Month-to-month,Fiber,Credit Card,2990.37,56868.68,2,No,Yes,West,Yes,1,0.739,High
CUST8725,Female,53,56,Month-to-month,Fiber,Bank Transfer,2074.23,120883.42,0,Yes,Yes,Central,Yes,1,0.485,Medium
CUST8726,Male,59,22,Two year,No Internet,Electronic Check,1208.25,25836.08,3,Yes,No,West,Yes,1,0.439,Medium
CUST8727,Male,18,22,Two year,Fiber,UPI Autopay,1848.69,38717.08,1,Yes,Yes,West,No,0,0.249,Low
CUST8728,Male,25,69,One year,Fiber,Credit Card,2044.7,128411.26,3,No,Yes,East,No,0,0.178,Low
CUST8729,Male,48,25,One year,DSL,Bank Transfer,2767.44,72324.39,4,No,No,South,No,0,0.344,Medium
CUST8730,Male,33,34,Month-to-month,No Internet,Electronic Check,3339.85,116068.82,2,No,Yes,Central,Yes,1,0.766,High
CUST8731,Female,64,18,Month-to-month,Fiber,Electronic Check,1545.58,25743.35,2,No,Yes,North,No,0,0.757,High
CUST8732,Male,68,68,Month-to-month,Fiber,Electronic Check,1179.94,76543.01,1,Yes,No,South,Yes,1,0.604,Medium
CUST8733,Male,23,47,Month-to-month,No Internet,Bank Transfer,3411.32,162214.28,3,No,Yes,North,No,0,0.623,Medium
CUST8734,Female,24,65,Month-to-month,DSL,Bank Transfer,2461.24,155144.64,3,No,Yes,Central,No,0,0.506,Medium
CUST8735,Male,50,28,Month-to-month,Fiber,Electronic Check,1129.19,32788.39,2,No,No,Central,Yes,1,0.762,High
CUST8736,Male,46,5,Month-to-month,DSL,UPI Autopay,3106.43,15065.68,2,No,No,Central,Yes,1,0.757,High
CUST8737,Male,41,71,Month-to-month,Fiber,Credit Card,2177.42,141762.91,2,No,No,South,Yes,1,0.51,Medium
CUST8738,Female,22,10,Month-to-month,No Internet,Electronic Check,1002.13,9989.62,1,No,Yes,North,Yes,1,0.702,High
CUST8739,Male,44,16,Month-to-month,Fiber,Bank Transfer,396.8,5769.85,0,Yes,No,West,Yes,1,0.611,Medium
CUST8740,Male,36,5,One year,Fiber,UPI Autopay,1649.63,8241.41,1,Yes,No,South,No,0,0.322,Low
CUST8741,Female,22,54,Month-to-month,Fiber,Credit Card,1651.47,91021.83,1,Yes,No,East,No,0,0.504,Medium
CUST8742,Female,27,71,Two year,No Internet,Bank Transfer,2352.78,154072.67,3,Yes,Yes,West,No,0,0.18,Low
CUST8743,Female,66,16,One year,Fiber,Bank Transfer,499.88,7937.11,1,No,Yes,Central,Yes,1,0.245,Low
CUST8744,Female,28,56,Month-to-month,DSL,Bank Transfer,1150.63,63658.98,2,No,No,North,Yes,1,0.453,Medium
CUST8745,Female,65,18,Month-to-month,Fiber,Credit Card,2556.62,41676.16,4,No,No,South,Yes,1,0.801,High
CUST8746,Male,33,53,One year,Fiber,Credit Card,984.48,47625.35,0,No,No,West,No,0,0.151,Low
CUST8747,Male,52,41,Month-to-month,DSL,Electronic Check,1798.11,73662.88,1,Yes,Yes,Central,Yes,1,0.644,Medium
CUST8748,Female,43,58,Month-to-month,DSL,Credit Card,2571.66,156611.12,3,Yes,No,Central,No,0,0.574,Medium
CUST8749,Female,21,33,Month-to-month,Fiber,Bank Transfer,348.4,10939.58,1,No,No,North,Yes,1,0.528,Medium
CUST8750,Female,46,24,Two year,No Internet,Credit Card,569.67,13891.88,1,No,No,South,No,0,0.193,Low
CUST8751,Male,31,10,One year,Fiber,UPI Autopay,1247.84,11748.19,1,Yes,No,North,No,0,0.273,Low
CUST8752,Male,65,10,Two year,Fiber,Credit Card,1012.69,9664.35,1,No,No,South,No,0,0.256,Low
CUST8753,Female,59,64,One year,DSL,Bank Transfer,2276.86,134641.24,1,No,No,Central,No,0,0.132,Low
CUST8754,Female,52,65,Two year,Fiber,Bank Transfer,2735.89,181644.7,2,No,No,West,No,0,0.169,Low
CUST8755,Female,30,55,One year,DSL,Bank Transfer,2286.11,131785.18,2,No,Yes,East,No,0,0.139,Low
CUST8756,Female,50,53,Month-to-month,DSL,Electronic Check,1983.55,104205.48,2,No,No,South,Yes,1,0.613,Medium
CUST8757,Male,21,35,Month-to-month,Fiber,Bank Transfer,2618.75,90716.2,1,No,No,West,No,0,0.627,Medium
CUST8758,Female,19,27,Two year,DSL,Bank Transfer,466.29,12358.61,1,No,Yes,Central,No,0,0.15,Low
CUST8759,Male,65,24,Two year,DSL,Credit Card,3306.59,73599.84,2,No,Yes,Central,No,0,0.271,Low
CUST8760,Female,25,20,Two year,DSL,Bank Transfer,2401.77,48351.21,2,No,Yes,North,No,0,0.209,Low
CUST8761,Male,51,16,One year,No Internet,Electronic Check,2631.16,38321.5,3,Yes,No,East,No,0,0.506,Medium
CUST8762,Female,51,36,One year,DSL,Credit Card,1159.31,40251.21,1,No,No,East,No,0,0.156,Low
CUST8763,Female,27,9,Month-to-month,Fiber,Credit Card,3036.87,25244.61,2,No,No,Central,Yes,1,0.777,High
CUST8764,Male,65,48,Month-to-month,No Internet,UPI Autopay,1980.7,90477.28,2,No,No,East,No,0,0.588,Medium
CUST8765,Male,28,49,One year,DSL,Bank Transfer,1773.16,90874.07,1,Yes,No,East,No,0,0.145,Low
CUST8766,Male,43,35,Month-to-month,Fiber,UPI Autopay,2986.69,106365.92,4,Yes,No,West,Yes,1,0.781,High
CUST8767,Female,24,39,Month-to-month,No Internet,Credit Card,1442.22,52948.85,1,No,Yes,East,No,0,0.521,Medium
CUST8768,Female,33,19,Month-to-month,DSL,Bank Transfer,2940.0,54975.71,1,Yes,No,Central,Yes,1,0.659,Medium
CUST8769,Male,23,58,Two year,Fiber,Credit Card,3251.72,191014.64,3,Yes,No,Central,No,0,0.238,Low
CUST8770,Male,22,40,Month-to-month,Fiber,UPI Autopay,1990.95,81427.18,2,Yes,Yes,East,No,0,0.61,Medium
CUST8771,Female,57,56,Month-to-month,DSL,UPI Autopay,3090.33,181505.82,3,No,Yes,North,Yes,1,0.518,Medium
CUST8772,Male,40,43,Month-to-month,Fiber,Electronic Check,2760.32,120673.61,1,No,Yes,Central,Yes,1,0.69,High
CUST8773,Female,32,49,One year,Fiber,Electronic Check,2086.2,97395.85,0,Yes,No,East,No,0,0.221,Low
CUST8774,Female,53,58,Month-to-month,Fiber,Electronic Check,2570.59,148941.88,2,Yes,No,South,No,0,0.68,High
CUST8775,Female,22,54,Month-to-month,Fiber,Credit Card,1591.22,83908.67,1,No,No,Central,Yes,1,0.522,Medium
CUST8776,Male,28,47,Two year,DSL,Bank Transfer,1822.12,77266.86,5,No,No,North,No,0,0.245,Low
CUST8777,Male,44,70,Month-to-month,No Internet,Credit Card,2743.3,189566.88,4,No,No,West,No,0,0.622,Medium
CUST8778,Female,41,58,Month-to-month,DSL,Bank Transfer,1399.89,84475.37,1,No,Yes,Central,No,0,0.429,Medium
CUST8779,Male,43,58,Month-to-month,Fiber,Credit Card,3007.25,175074.22,0,Yes,Yes,West,Yes,1,0.493,Medium
CUST8780,Female,28,27,Month-to-month,DSL,UPI Autopay,1591.21,39218.57,4,No,No,Central,No,0,0.703,High
CUST8781,Female,67,49,Two year,DSL,Bank Transfer,2570.26,113945.96,0,Yes,Yes,North,No,0,0.114,Low
CUST8782,Male,25,56,Month-to-month,DSL,Credit Card,1991.67,114695.16,6,No,No,East,Yes,1,0.668,High
CUST8783,Male,52,27,Month-to-month,Fiber,Credit Card,3237.5,86720.96,2,No,No,East,Yes,1,0.703,High
CUST8784,Female,42,1,Month-to-month,DSL,Credit Card,2122.32,1989.44,0,Yes,Yes,South,Yes,1,0.626,Medium
CUST8785,Male,68,52,Month-to-month,Fiber,UPI Autopay,1267.12,68644.69,1,No,No,Central,Yes,1,0.552,Medium
CUST8786,Male,18,33,Month-to-month,DSL,Bank Transfer,437.63,13220.02,0,No,No,Central,Yes,1,0.464,Medium
CUST8787,Female,40,16,One year,Fiber,Bank Transfer,3285.3,54113.92,5,No,No,Central,Yes,1,0.527,Medium
CUST8788,Male,68,17,Month-to-month,Fiber,UPI Autopay,748.24,12285.14,3,No,No,West,No,0,0.742,High
CUST8789,Male,50,29,Two year,DSL,Bank Transfer,1273.74,37617.71,2,Yes,No,North,No,0,0.198,Low
CUST8790,Male,63,32,Month-to-month,No Internet,Credit Card,1155.33,37865.32,1,Yes,No,West,Yes,1,0.63,Medium
CUST8791,Male,23,54,One year,Fiber,Bank Transfer,1747.19,86526.26,5,No,No,North,No,0,0.295,Low
CUST8792,Male,29,6,One year,DSL,Electronic Check,2136.52,12007.14,3,Yes,Yes,North,No,0,0.439,Medium
CUST8793,Male,36,70,One year,DSL,UPI Autopay,2042.32,145693.88,4,Yes,No,West,Yes,1,0.205,Low
CUST8794,Female,65,66,Month-to-month,DSL,Bank Transfer,2856.23,178626.82,2,No,No,East,No,0,0.455,Medium
CUST8795,Female,68,10,Two year,Fiber,Credit Card,2569.56,26706.54,4,Yes,No,West,Yes,1,0.48,Medium
CUST8796,Male,19,28,Month-to-month,Fiber,Credit Card,2892.91,76298.36,1,Yes,No,West,Yes,1,0.683,High
CUST8797,Female,68,2,Month-to-month,Fiber,UPI Autopay,2182.26,4438.72,0,Yes,No,South,Yes,1,0.707,High
CUST8798,Male,20,25,Month-to-month,Fiber,UPI Autopay,1838.04,45829.24,4,No,No,South,No,0,0.753,High
CUST8799,Male,31,66,Two year,Fiber,Bank Transfer,312.38,21315.28,1,No,Yes,West,No,0,0.128,Low
CUST8800,Male,39,44,Two year,Fiber,UPI Autopay,2406.55,97745.75,2,No,No,East,No,0,0.21,Low
CUST8801,Male,63,23,Month-to-month,DSL,UPI Autopay,2452.48,58893.78,2,Yes,No,East,Yes,1,0.659,Medium
CUST8802,Male,36,11,Month-to-month,DSL,Credit Card,1165.2,11933.03,3,Yes,No,West,Yes,1,0.723,High
CUST8803,Male,28,62,Month-to-month,DSL,Bank Transfer,2790.41,172641.38,0,No,No,North,No,0,0.357,Medium
CUST8804,Female,43,33,Month-to-month,No Internet,Bank Transfer,3021.34,92798.46,4,No,No,North,No,0,0.736,High
CUST8805,Female,61,20,Month-to-month,Fiber,Credit Card,1429.8,28968.86,1,Yes,Yes,West,Yes,1,0.663,High
CUST8806,Female,33,30,Two year,Fiber,Electronic Check,840.56,24956.8,3,No,No,East,No,0,0.336,Medium
CUST8807,Female,43,18,Two year,DSL,Credit Card,814.57,13991.2,4,Yes,Yes,South,No,0,0.282,Low
CUST8808,Female,44,71,One year,Fiber,Electronic Check,1082.18,72392.67,3,Yes,Yes,West,Yes,1,0.281,Low
CUST8809,Female,38,70,Month-to-month,Fiber,Credit Card,2963.99,201730.59,1,Yes,Yes,West,Yes,1,0.477,Medium
CUST8810,Female,51,12,Month-to-month,Fiber,UPI Autopay,2238.76,27078.99,2,No,No,North,Yes,1,0.717,High
CUST8811,Female,66,46,Month-to-month,Fiber,Electronic Check,766.17,36734.74,2,Yes,No,South,No,0,0.702,High
CUST8812,Female,28,28,Month-to-month,No Internet,UPI Autopay,398.14,11273.03,3,Yes,Yes,West,Yes,1,0.677,High
CUST8813,Female,29,26,Month-to-month,Fiber,Electronic Check,348.67,8745.32,2,Yes,No,Central,Yes,1,0.751,High
CUST8814,Female,56,30,One year,DSL,Bank Transfer,2518.83,74726.23,0,Yes,Yes,North,Yes,1,0.162,Low
CUST8815,Male,61,41,Month-to-month,Fiber,Credit Card,3477.04,131046.41,2,Yes,No,East,No,0,0.674,High
CUST8816,Female,25,24,Two year,Fiber,Bank Transfer,2735.11,67610.63,0,No,No,Central,No,0,0.219,Low
CUST8817,Female,33,6,Two year,No Internet,UPI Autopay,1112.25,6982.78,2,No,Yes,Central,No,0,0.29,Low
CUST8818,Male,58,4,Month-to-month,Fiber,Bank Transfer,1892.5,7469.56,4,No,No,North,No,0,0.812,High
CUST8819,Female,57,50,Month-to-month,DSL,Bank Transfer,2763.16,129778.47,2,No,No,South,No,0,0.538,Medium
CUST8820,Male,63,61,Two year,No Internet,Bank Transfer,3297.28,201904.08,3,Yes,No,East,No,0,0.211,Low
CUST8821,Male,43,43,Month-to-month,No Internet,Credit Card,3466.05,143053.42,0,Yes,No,South,Yes,1,0.565,Medium
CUST8822,Female,33,34,Two year,Fiber,Electronic Check,3318.11,116231.06,3,No,No,North,No,0,0.376,Medium
CUST8823,Male,67,64,Month-to-month,DSL,Bank Transfer,1322.54,80114.39,2,No,Yes,Central,Yes,1,0.482,Medium
CUST8824,Male,54,20,Month-to-month,Fiber,Credit Card,1990.89,37837.78,0,Yes,No,East,No,0,0.625,Medium
CUST8825,Male,28,35,Month-to-month,DSL,UPI Autopay,2092.1,66420.98,3,No,No,South,No,0,0.632,Medium
CUST8826,Male,58,65,Two year,No Internet,Bank Transfer,1304.39,83737.03,1,No,No,West,No,0,0.142,Low
CUST8827,Male,40,47,One year,Fiber,Electronic Check,1947.05,86519.55,5,No,No,West,Yes,1,0.471,Medium
CUST8828,Male,68,43,Month-to-month,Fiber,UPI Autopay,2482.84,107375.88,4,No,No,Central,Yes,1,0.741,High
CUST8829,Male,37,31,Month-to-month,No Internet,Electronic Check,3473.12,106973.24,2,No,Yes,Central,No,0,0.782,High
CUST8830,Female,62,13,Two year,Fiber,UPI Autopay,1171.31,14620.46,0,No,No,South,No,0,0.209,Low
CUST8831,Female,36,60,Month-to-month,No Internet,UPI Autopay,1947.15,119661.73,1,Yes,Yes,Central,No,0,0.502,Medium
CUST8832,Female,31,44,Two year,Fiber,Credit Card,952.33,41365.09,3,No,Yes,West,No,0,0.227,Low
CUST8833,Male,55,4,Month-to-month,DSL,Credit Card,1826.52,7611.49,5,No,No,East,No,0,0.802,High
CUST8834,Female,21,63,One year,Fiber,Credit Card,3349.55,221317.21,3,No,No,East,No,0,0.192,Low
CUST8835,Male,59,29,Month-to-month,Fiber,Electronic Check,580.77,16484.93,1,No,Yes,East,No,0,0.669,High
CUST8836,Female,69,54,One year,Fiber,Electronic Check,1683.96,86617.9,2,No,No,West,No,0,0.302,Low
CUST8837,Female,40,15,Month-to-month,Fiber,Credit Card,3352.11,52329.42,2,Yes,No,West,No,0,0.78,High
CUST8838,Female,46,9,Month-to-month,DSL,Electronic Check,2038.5,16994.05,4,No,No,South,Yes,1,0.832,High
CUST8839,Male,25,51,Two year,Fiber,UPI Autopay,3020.74,145228.48,0,Yes,No,East,No,0,0.147,Low
CUST8840,Female,57,22,One year,Fiber,UPI Autopay,889.29,18889.6,0,No,No,North,No,0,0.186,Low
CUST8841,Male,52,30,Month-to-month,Fiber,UPI Autopay,2793.61,85745.43,2,No,Yes,Central,No,0,0.696,High
CUST8842,Female,25,18,Month-to-month,No Internet,Bank Transfer,1895.39,32485.5,1,Yes,No,East,No,0,0.647,Medium
CUST8843,Female,68,69,Month-to-month,DSL,UPI Autopay,525.59,36234.17,4,Yes,No,South,No,0,0.56,Medium
CUST8844,Male,58,68,Two year,DSL,UPI Autopay,3044.09,205839.5,3,Yes,No,South,No,0,0.161,Low
CUST8845,Male,49,19,One year,Fiber,Credit Card,1247.37,23929.55,4,Yes,Yes,South,Yes,1,0.388,Medium
CUST8846,Male,54,15,Two year,Fiber,UPI Autopay,2110.34,31278.39,0,No,Yes,East,No,0,0.213,Low
CUST8847,Male,35,6,Month-to-month,DSL,UPI Autopay,1249.47,7065.57,1,No,No,South,Yes,1,0.618,Medium
CUST8848,Female,45,14,Two year,No Internet,Electronic Check,1040.08,13886.95,0,Yes,No,South,Yes,1,0.288,Low
CUST8849,Male,31,68,One year,No Internet,UPI Autopay,2264.32,149476.3,1,No,No,East,No,0,0.131,Low
CUST8850,Female,64,67,One year,No Internet,Credit Card,595.75,41501.16,4,No,Yes,Central,Yes,1,0.229,Low
CUST8851,Male,67,13,One year,No Internet,Bank Transfer,1216.86,14417.43,2,No,Yes,North,No,0,0.284,Low
CUST8852,Male,24,7,Two year,No Internet,Electronic Check,1991.21,12932.31,5,No,Yes,North,Yes,1,0.537,Medium
CUST8853,Male,61,18,Month-to-month,Fiber,Credit Card,2996.49,52077.96,4,No,No,East,Yes,1,0.806,High
CUST8854,Male,37,30,Two year,DSL,Electronic Check,888.1,27708.81,2,No,No,North,No,0,0.245,Low
CUST8855,Male,49,10,One year,DSL,Electronic Check,1200.5,11779.61,2,No,No,West,No,0,0.379,Medium
CUST8856,Male,55,13,Month-to-month,DSL,UPI Autopay,3104.97,37697.4,2,Yes,No,South,No,0,0.73,High
CUST8857,Female,61,9,Month-to-month,Fiber,Credit Card,2120.97,18966.8,4,Yes,Yes,East,Yes,1,0.807,High
CUST8858,Male,66,22,Month-to-month,DSL,UPI Autopay,1274.75,27651.27,4,Yes,Yes,North,No,0,0.7,High
CUST8859,Female,25,52,Two year,DSL,Electronic Check,1810.19,85569.41,3,No,No,East,No,0,0.234,Low
CUST8860,Female,48,6,Month-to-month,Fiber,UPI Autopay,1438.36,8463.63,2,Yes,Yes,East,Yes,1,0.717,High
CUST8861,Male,52,14,Two year,Fiber,Credit Card,1161.97,16135.09,4,No,Yes,South,No,0,0.359,Medium
CUST8862,Male,37,15,One year,Fiber,Bank Transfer,3329.7,46264.46,3,Yes,No,West,No,0,0.463,Medium
CUST8863,Female,59,5,One year,Fiber,Bank Transfer,3185.31,16462.53,2,Yes,No,Central,Yes,1,0.456,Medium
CUST8864,Female,54,16,Two year,Fiber,Electronic Check,473.39,7170.83,1,Yes,No,North,Yes,1,0.299,Low
CUST8865,Male,22,47,One year,DSL,UPI Autopay,2210.38,101464.29,1,No,Yes,East,No,0,0.136,Low
CUST8866,Female,55,59,Month-to-month,Fiber,UPI Autopay,1614.3,93911.58,2,No,No,Central,Yes,1,0.567,Medium
CUST8867,Female,69,22,One year,DSL,Bank Transfer,1600.97,33440.15,1,No,No,East,No,0,0.199,Low
CUST8868,Female,49,51,Two year,No Internet,UPI Autopay,2195.14,104521.88,0,No,No,East,No,0,0.128,Low
CUST8869,Male,21,70,Month-to-month,No Internet,UPI Autopay,1240.89,88318.17,1,No,No,West,No,0,0.456,Medium
CUST8870,Female,40,30,Month-to-month,DSL,Credit Card,1372.96,38610.13,1,Yes,No,East,No,0,0.535,Medium
CUST8871,Female,19,45,Month-to-month,Fiber,Electronic Check,2407.78,109137.69,1,Yes,No,Central,Yes,1,0.69,High
CUST8872,Male,33,22,Month-to-month,DSL,Bank Transfer,1101.06,22361.6,0,No,No,North,No,0,0.487,Medium
CUST8873,Male,44,33,Two year,DSL,UPI Autopay,1563.6,49988.35,5,No,Yes,West,No,0,0.308,Low
CUST8874,Male,54,68,One year,No Internet,Electronic Check,797.44,55452.76,5,No,Yes,South,Yes,1,0.343,Medium
CUST8875,Female,42,48,Month-to-month,Fiber,Credit Card,1065.31,47486.67,3,No,No,West,No,0,0.642,Medium
CUST8876,Male,64,20,Month-to-month,DSL,Electronic Check,2896.64,57514.14,4,No,Yes,Central,No,0,0.837,High
CUST8877,Female,35,59,Two year,Fiber,Electronic Check,2515.81,153598.07,2,No,Yes,West,No,0,0.242,Low
CUST8878,Male,55,36,Month-to-month,No Internet,Credit Card,330.48,11557.15,3,No,No,North,No,0,0.633,Medium
CUST8879,Male,53,23,Month-to-month,DSL,Electronic Check,461.1,10467.99,1,Yes,Yes,South,No,0,0.65,Medium
CUST8880,Male,25,54,One year,DSL,Credit Card,2588.82,138147.46,3,Yes,Yes,East,No,0,0.188,Low
CUST8881,Female,69,18,Month-to-month,DSL,Bank Transfer,2431.82,44993.14,2,Yes,No,South,Yes,1,0.685,High
CUST8882,Male,49,10,Month-to-month,No Internet,Credit Card,3054.26,30335.12,2,No,No,East,Yes,1,0.756,High
CUST8883,Female,29,34,Two year,Fiber,Electronic Check,671.48,22961.27,2,Yes,No,West,No,0,0.322,Low
CUST8884,Female,47,3,Month-to-month,Fiber,UPI Autopay,3077.92,8407.97,3,Yes,Yes,North,Yes,1,0.811,High
CUST8885,Female,38,28,Two year,Fiber,UPI Autopay,1137.26,32458.91,2,Yes,No,South,No,0,0.246,Low
CUST8886,Female,65,14,Month-to-month,DSL,Credit Card,691.77,9577.03,1,No,No,South,No,0,0.572,Medium
CUST8887,Male,31,28,Month-to-month,Fiber,Bank Transfer,1720.2,47671.88,0,No,No,South,No,0,0.568,Medium
CUST8888,Female,31,10,Two year,Fiber,Electronic Check,3375.72,32238.57,3,No,No,South,No,0,0.518,Medium
CUST8889,Female,58,13,Month-to-month,No Internet,UPI Autopay,611.37,7881.83,2,No,No,Central,Yes,1,0.691,High
CUST8890,Male,35,26,Two year,Fiber,UPI Autopay,2831.35,75641.34,3,No,No,East,No,0,0.314,Low
CUST8891,Female,69,25,Month-to-month,DSL,UPI Autopay,3201.51,81382.89,0,No,No,Central,No,0,0.588,Medium
CUST8892,Male,65,48,Month-to-month,DSL,Electronic Check,461.46,22115.99,1,No,No,East,No,0,0.562,Medium
CUST8893,Female,23,17,Month-to-month,Fiber,Credit Card,391.98,6278.68,2,No,No,East,No,0,0.633,Medium
CUST8894,Male,28,66,Month-to-month,DSL,Electronic Check,1991.23,122220.48,2,No,Yes,South,No,0,0.551,Medium
CUST8895,Male,50,7,Month-to-month,Fiber,Bank Transfer,1885.25,12643.97,1,No,No,South,Yes,1,0.705,High
CUST8896,Male,25,16,Month-to-month,DSL,Electronic Check,2841.29,42460.34,1,No,No,North,No,0,0.716,High
CUST8897,Female,19,28,Month-to-month,No Internet,Electronic Check,3385.7,98007.11,3,No,Yes,East,Yes,1,0.786,High
CUST8898,Female,60,34,Month-to-month,DSL,Electronic Check,827.41,29187.99,4,No,No,Central,Yes,1,0.761,High
CUST8899,Female,39,21,One year,No Internet,Credit Card,697.57,13658.28,0,No,No,South,No,0,0.187,Low
CUST8900,Female,25,28,Month-to-month,No Internet,Credit Card,1693.5,47684.52,1,Yes,No,Central,No,0,0.636,Medium
CUST8901,Female,26,7,Two year,Fiber,UPI Autopay,3183.08,21359.96,1,No,No,West,No,0,0.337,Medium
CUST8902,Male,51,29,One year,DSL,Electronic Check,2785.54,78893.28,1,No,No,South,No,0,0.297,Low
CUST8903,Female,53,60,Two year,Fiber,UPI Autopay,1175.36,73926.73,3,No,No,North,No,0,0.18,Low
CUST8904,Male,68,4,Month-to-month,Fiber,Electronic Check,2615.73,9505.04,3,No,No,East,Yes,1,0.867,High
CUST8905,Male,42,68,Two year,Fiber,Electronic Check,2881.08,190354.04,5,Yes,No,North,Yes,1,0.346,Medium
CUST8906,Male,20,1,Two year,Fiber,Electronic Check,3124.91,3207.25,0,No,Yes,South,No,0,0.392,Medium
CUST8907,Male,50,41,Month-to-month,DSL,Bank Transfer,485.37,18086.84,0,Yes,Yes,Central,No,0,0.46,Medium
CUST8908,Female,61,1,Month-to-month,Fiber,Bank Transfer,2900.77,2736.08,3,Yes,No,West,No,0,0.847,High
CUST8909,Male,64,56,One year,No Internet,Electronic Check,703.38,36583.48,2,No,No,West,No,0,0.285,Low
CUST8910,Male,39,23,Month-to-month,No Internet,Credit Card,2990.48,66843.25,4,No,Yes,South,No,0,0.778,High
CUST8911,Female,65,27,One year,DSL,Electronic Check,3032.44,81108.3,1,No,No,Central,No,0,0.327,Low
CUST8912,Female,42,18,Month-to-month,DSL,Bank Transfer,2293.63,37307.91,2,No,No,Central,Yes,1,0.675,High
CUST8913,Female,28,71,One year,No Internet,Credit Card,2777.37,192762.7,2,Yes,No,North,No,0,0.151,Low
CUST8914,Male,33,11,Month-to-month,DSL,Bank Transfer,761.99,7567.12,2,No,No,West,Yes,1,0.648,Medium
CUST8915,Female,45,4,Month-to-month,Fiber,Credit Card,1516.18,5879.42,3,Yes,Yes,South,Yes,1,0.773,High
CUST8916,Female,47,46,Two year,Fiber,Electronic Check,878.05,39886.78,1,No,No,North,No,0,0.215,Low
CUST8917,Male,57,16,Month-to-month,Fiber,Credit Card,2674.02,44866.4,3,No,No,West,No,0,0.792,High
CUST8918,Female,38,9,Two year,Fiber,Bank Transfer,1199.88,10219.33,0,No,Yes,East,No,0,0.194,Low
CUST8919,Male,19,49,Two year,Fiber,Bank Transfer,2591.76,128306.78,1,No,No,South,Yes,1,0.168,Low
CUST8920,Male,44,50,One year,DSL,Bank Transfer,1142.78,56136.3,2,No,No,Central,No,0,0.179,Low
CUST8921,Male,33,34,One year,DSL,Bank Transfer,2989.87,101427.01,0,No,Yes,South,No,0,0.158,Low
CUST8922,Male,29,31,Month-to-month,Fiber,Bank Transfer,471.86,14334.83,1,No,No,South,Yes,1,0.57,Medium
CUST8923,Male,55,61,One year,DSL,Credit Card,2752.74,154220.25,0,Yes,No,North,No,0,0.112,Low
CUST8924,Male,25,19,One year,Fiber,Electronic Check,2178.98,39164.57,1,No,No,East,Yes,1,0.355,Medium
CUST8925,Male,53,27,Month-to-month,Fiber,Bank Transfer,1900.6,46848.16,1,Yes,Yes,North,No,0,0.624,Medium
CUST8926,Male,43,41,Two year,DSL,Bank Transfer,751.13,31248.94,6,No,Yes,West,Yes,1,0.308,Low
CUST8927,Male,41,60,Two year,DSL,UPI Autopay,933.15,52368.56,3,No,No,West,No,0,0.168,Low
CUST8928,Male,26,62,Two year,Fiber,UPI Autopay,3486.17,214592.72,1,Yes,No,Central,No,0,0.165,Low
CUST8929,Male,23,49,Month-to-month,Fiber,Credit Card,1968.39,94598.61,2,No,Yes,South,Yes,1,0.571,Medium
CUST8930,Male,26,56,One year,Fiber,Credit Card,1839.98,107082.27,2,No,Yes,North,No,0,0.17,Low
CUST8931,Male,53,25,Two year,DSL,Credit Card,1002.44,25683.43,2,No,No,East,No,0,0.194,Low
CUST8932,Male,56,5,One year,Fiber,Credit Card,2150.18,10216.88,1,No,No,South,No,0,0.333,Medium
CUST8933,Male,68,39,Month-to-month,Fiber,Bank Transfer,2198.95,81065.15,5,No,No,Central,Yes,1,0.788,High
CUST8934,Male,65,24,Month-to-month,Fiber,Bank Transfer,1495.65,33033.91,3,Yes,No,South,Yes,1,0.742,High
CUST8935,Female,69,12,One year,DSL,UPI Autopay,1912.73,23046.64,1,No,No,West,No,0,0.258,Low
CUST8936,Female,58,30,Month-to-month,Fiber,Electronic Check,859.73,24332.96,0,No,Yes,West,Yes,1,0.65,Medium
CUST8937,Female,43,16,One year,Fiber,Credit Card,3340.53,51499.12,2,Yes,Yes,Central,No,0,0.389,Medium
CUST8938,Female,48,1,Month-to-month,No Internet,Credit Card,3213.84,2993.14,4,Yes,No,South,Yes,1,0.862,High
CUST8939,Male,53,33,Month-to-month,Fiber,Electronic Check,3055.63,94716.89,2,Yes,Yes,West,No,0,0.792,High
CUST8940,Male,40,40,One year,DSL,Credit Card,1529.49,56366.54,2,Yes,Yes,North,No,0,0.184,Low
CUST8941,Female,29,54,Month-to-month,No Internet,Credit Card,1205.39,66280.18,0,No,No,West,No,0,0.459,Medium
CUST8942,Male,50,58,One year,DSL,Credit Card,3179.99,179951.76,3,No,No,South,No,0,0.194,Low
CUST8943,Female,63,9,Two year,DSL,Credit Card,3015.06,28344.68,1,Yes,No,South,No,0,0.279,Low
CUST8944,Male,65,36,Two year,DSL,Electronic Check,2995.51,105225.17,3,Yes,No,East,No,0,0.347,Medium
CUST8945,Male,43,61,Two year,No Internet,Bank Transfer,2004.98,118956.75,3,No,No,North,No,0,0.183,Low
CUST8946,Female,41,30,One year,No Internet,Credit Card,2399.1,67121.37,2,No,Yes,South,No,0,0.262,Low
CUST8947,Male,31,48,Month-to-month,Fiber,UPI Autopay,833.16,40766.19,0,No,No,North,Yes,1,0.452,Medium
CUST8948,Female,31,57,One year,Fiber,UPI Autopay,2490.63,129091.98,1,Yes,Yes,South,No,0,0.168,Low
CUST8949,Male,30,16,Month-to-month,No Internet,Credit Card,2258.65,33492.69,3,Yes,No,Central,No,0,0.784,High
CUST8950,Male,61,6,Month-to-month,Fiber,Credit Card,2930.57,16080.11,2,No,No,South,No,0,0.785,High
CUST8951,Male,27,58,One year,Fiber,Bank Transfer,2019.79,114941.85,0,No,No,Central,No,0,0.146,Low
CUST8952,Female,60,63,Month-to-month,Fiber,Credit Card,402.06,24962.56,1,No,No,North,No,0,0.453,Medium
CUST8953,Female,25,1,Two year,DSL,Electronic Check,1742.19,1751.62,3,No,No,East,No,0,0.403,Medium
CUST8954,Female,59,29,Month-to-month,DSL,UPI Autopay,3188.6,89124.54,2,No,Yes,Central,No,0,0.648,Medium
CUST8955,Male,60,68,Month-to-month,Fiber,Credit Card,1344.9,95650.05,1,Yes,No,East,Yes,1,0.473,Medium
CUST8956,Male,52,58,One year,DSL,Bank Transfer,1294.71,71468.67,7,No,No,North,Yes,1,0.315,Low
CUST8957,Male,55,6,Month-to-month,DSL,Bank Transfer,3108.99,17912.26,3,Yes,No,South,Yes,1,0.791,High
CUST8958,Male,53,29,Two year,DSL,UPI Autopay,2579.76,72301.84,1,No,No,South,No,0,0.192,Low
CUST8959,Female,27,57,One year,DSL,UPI Autopay,1739.38,92715.34,2,Yes,No,North,No,0,0.148,Low
CUST8960,Male,34,29,Month-to-month,No Internet,UPI Autopay,830.73,22711.67,1,Yes,Yes,West,No,0,0.606,Medium
CUST8961,Female,63,12,Month-to-month,Fiber,Electronic Check,2432.53,27928.37,2,No,No,North,No,0,0.807,High
CUST8962,Female,37,32,Month-to-month,DSL,Credit Card,1139.56,34039.52,3,Yes,No,Central,Yes,1,0.652,Medium
CUST8963,Female,32,1,Two year,No Internet,Credit Card,2872.1,2826.7,0,No,No,North,No,0,0.27,Low
CUST8964,Female,43,25,Month-to-month,DSL,Credit Card,975.33,22031.62,1,No,No,North,No,0,0.517,Medium
CUST8965,Male,56,62,Month-to-month,Fiber,Credit Card,2370.9,134979.64,0,Yes,No,Central,Yes,1,0.499,Medium
CUST8966,Male,68,45,Two year,Fiber,Electronic Check,779.33,33972.04,4,Yes,No,South,No,0,0.389,Medium
CUST8967,Female,59,9,One year,DSL,Credit Card,1134.53,10540.87,3,No,No,South,No,0,0.302,Low
CUST8968,Female,30,30,Month-to-month,Fiber,Credit Card,1938.65,58933.85,1,No,No,South,No,0,0.604,Medium
CUST8969,Male,51,55,Month-to-month,No Internet,Bank Transfer,2385.06,129002.87,1,No,No,East,Yes,1,0.508,Medium
CUST8970,Male,54,19,Month-to-month,Fiber,UPI Autopay,779.07,14029.91,3,No,Yes,Central,No,0,0.722,High
CUST8971,Male,55,50,Two year,No Internet,Credit Card,1620.62,73398.81,3,Yes,Yes,South,No,0,0.231,Low
CUST8972,Female,61,3,One year,Fiber,Credit Card,1937.33,5460.21,3,Yes,Yes,West,No,0,0.444,Medium
CUST8973,Female,47,10,Month-to-month,Fiber,Electronic Check,586.15,5712.65,0,No,No,Central,Yes,1,0.709,High
CUST8974,Male,55,46,Month-to-month,DSL,Bank Transfer,1824.36,81329.5,4,No,No,West,Yes,1,0.66,Medium
CUST8975,Male,60,46,One year,Fiber,Bank Transfer,731.7,31720.4,2,Yes,Yes,North,No,0,0.206,Low
CUST8976,Female,28,44,One year,Fiber,Electronic Check,2152.89,85268.89,3,No,Yes,Central,No,0,0.365,Medium
CUST8977,Male,51,36,Month-to-month,DSL,UPI Autopay,3031.37,113433.45,2,No,No,North,No,0,0.587,Medium
CUST8978,Male,59,38,One year,DSL,Credit Card,863.27,29694.02,2,No,Yes,North,No,0,0.172,Low
CUST8979,Female,42,13,Month-to-month,Fiber,Electronic Check,1768.02,22993.98,4,Yes,No,North,No,0,0.851,High
CUST8980,Male,55,37,Month-to-month,Fiber,Electronic Check,1580.81,54129.05,0,Yes,No,North,Yes,1,0.648,Medium
CUST8981,Male,33,63,Month-to-month,No Internet,Bank Transfer,2424.15,157412.02,3,Yes,No,South,No,0,0.593,Medium
CUST8982,Male,57,51,Month-to-month,Fiber,UPI Autopay,2443.44,125692.83,0,No,No,Central,No,0,0.52,Medium
CUST8983,Female,61,54,Month-to-month,No Internet,Bank Transfer,1739.87,85160.8,3,No,No,East,No,0,0.602,Medium
CUST8984,Female,24,32,Month-to-month,DSL,Bank Transfer,1985.48,60531.58,2,No,Yes,West,No,0,0.587,Medium
CUST8985,Male,37,10,Two year,DSL,Bank Transfer,2158.34,21970.95,1,Yes,No,North,Yes,1,0.232,Low
CUST8986,Female,59,25,One year,Fiber,Bank Transfer,498.34,11993.08,3,No,No,West,No,0,0.311,Low
CUST8987,Female,69,63,Month-to-month,DSL,Electronic Check,1271.16,82675.68,0,No,No,South,No,0,0.474,Medium
CUST8988,Male,60,31,Month-to-month,DSL,Electronic Check,3226.35,104436.79,2,No,No,South,No,0,0.733,High
CUST8989,Female,24,32,One year,Fiber,Credit Card,3185.04,98132.33,3,Yes,No,East,No,0,0.33,Low
CUST8990,Female,68,13,Month-to-month,DSL,Bank Transfer,3452.05,44509.61,0,No,Yes,West,Yes,1,0.64,Medium
CUST8991,Female,49,34,One year,DSL,Credit Card,1628.94,55097.08,4,Yes,No,East,No,0,0.281,Low
CUST8992,Female,21,2,Month-to-month,Fiber,Electronic Check,1719.85,3239.5,5,Yes,Yes,West,Yes,1,0.898,High
CUST8993,Female,69,10,One year,DSL,Bank Transfer,1749.06,16379.74,3,No,Yes,North,No,0,0.296,Low
CUST8994,Male,29,22,Two year,Fiber,Electronic Check,1794.1,36942.42,3,No,No,Central,No,0,0.436,Medium
CUST8995,Female,47,40,Two year,No Internet,Electronic Check,1132.38,45365.73,2,No,Yes,East,No,0,0.258,Low
CUST8996,Female,53,71,Two year,Fiber,UPI Autopay,2019.7,148378.97,1,No,No,East,Yes,1,0.114,Low
CUST8997,Male,40,18,Two year,Fiber,Electronic Check,1996.34,35351.52,6,No,Yes,Central,No,0,0.597,Medium
CUST8998,Female,68,52,Two year,Fiber,Bank Transfer,2385.91,114840.8,0,Yes,No,East,No,0,0.146,Low
CUST8999,Female,28,21,Two year,DSL,Bank Transfer,2013.65,43091.23,2,Yes,No,North,No,0,0.221,Low
